player_id,season,xera,for_season
519144,2017,4.96,2018
429722,2017,3.84,2018
453385,2017,4.54,2018
593372,2017,3.42,2018
502042,2017,3.73,2018
519242,2017,2.68,2018
543037,2017,4.33,2018
434378,2017,4.27,2018
502188,2017,3.87,2018
573186,2017,4.24,2018
594798,2017,3.15,2018
461829,2017,3.71,2018
571578,2017,4.42,2018
605200,2017,4.93,2018
592332,2017,5.16,2018
285079,2017,4.36,2018
527054,2017,4.54,2018
527048,2017,5.63,2018
462136,2017,3.98,2018
434628,2017,5.23,2018
425844,2017,3.5,2018
471911,2017,3.71,2018
500779,2017,4.09,2018
519043,2017,5.81,2018
445060,2017,5.97,2018
467100,2017,5.06,2018
622663,2017,3.1,2018
502190,2017,4.39,2018
453286,2017,2.49,2018
446372,2017,2.59,2018
543699,2017,4.24,2018
458681,2017,4.27,2018
573185,2017,4.01,2018
506433,2017,3.71,2018
468504,2017,4.04,2018
452657,2017,3.95,2018
450306,2017,4.57,2018
547888,2017,4.27,2018
545333,2017,4.42,2018
502171,2017,4.54,2018
519141,2017,4.33,2018
407793,2017,5.16,2018
489119,2017,5.74,2018
519076,2017,3.45,2018
570632,2017,5.23,2018
606131,2017,4.86,2018
519455,2017,5.85,2018
453562,2017,3.95,2018
488768,2017,4.73,2018
608379,2017,3.98,2018
544931,2017,2.9,2018
608566,2017,4.54,2018
605164,2017,4.45,2018
476451,2017,5.41,2018
605400,2017,3.27,2018
502043,2017,5.55,2018
621389,2017,4.89,2018
592314,2017,4.93,2018
640455,2017,4.67,2018
607536,2017,4.39,2018
456068,2017,5.1,2018
592836,2017,4.24,2018
641771,2017,4.8,2018
477132,2017,2.92,2018
664641,2017,4.86,2018
543243,2017,4.12,2018
605242,2017,4.12,2018
448802,2017,4.54,2018
571666,2017,5.06,2018
592662,2017,3.76,2018
453178,2017,5.74,2018
656756,2017,4.04,2018
434622,2017,5.7,2018
112526,2017,5.41,2018
456501,2017,5.55,2018
592866,2017,4.3,2018
543022,2017,4.7,2018
643327,2017,3.68,2018
502706,2017,6.7,2018
457918,2017,3.6,2018
282332,2017,4.27,2018
500724,2017,5.1,2018
450203,2017,3.68,2018
621244,2017,3.98,2018
622072,2017,3.32,2018
430935,2017,4.64,2018
518633,2017,4.09,2018
571510,2017,4.83,2018
543606,2017,4.61,2018
592791,2017,3.98,2018
445926,2017,5.52,2018
458708,2017,5.44,2018
601713,2017,4.89,2018
572971,2017,3.5,2018
593958,2017,4.07,2018
451596,2017,5.63,2018
595191,2017,4.96,2018
543294,2017,3.92,2018
502624,2017,3.2,2018
430912,2017,5.81,2018
605194,2017,4.45,2018
622608,2017,4.61,2018
628317,2017,3.47,2018
448179,2017,3.27,2018
572020,2017,2.76,2018
606160,2017,4.39,2018
607229,2017,5.06,2018
605483,2017,4.01,2018
460059,2017,5.63,2018
425794,2017,4.61,2018
502748,2017,3.03,2018
547943,2017,4.67,2018
543557,2017,3.84,2018
541640,2017,4.54,2018
534947,2017,4.96,2018
607352,2017,4.01,2018
448306,2017,5.55,2018
621121,2017,3.6,2018
490063,2017,4.67,2018
605182,2017,4.18,2018
592170,2017,5.52,2018
659275,2017,3.87,2018
434671,2017,4.99,2018
607259,2017,5.34,2018
444857,2017,5.2,2018
543045,2017,5.63,2018
592351,2017,3.81,2018
605397,2017,4.39,2018
596057,2017,5.52,2018
656794,2017,4.76,2018
518516,2017,4.01,2018
501957,2017,7.59,2018
608665,2017,5.27,2018
606167,2017,5.23,2018
656546,2017,4.76,2018
517593,2017,4.24,2018
434538,2017,5.03,2018
607625,2017,4.57,2018
475243,2017,5.97,2018
518774,2017,6.12,2018
596001,2017,5.3,2018
456701,2017,5.97,2018
605254,2017,6.65,2018
501381,2017,4.18,2018
450172,2017,5.16,2018
643410,2017,4.99,2018
450729,2017,4.12,2018
554430,2017,4.96,2018
435221,2017,3.68,2018
607219,2017,3.92,2018
596112,2017,5.48,2018
502239,2017,4.42,2018
542882,2017,5.03,2018
594902,2017,4.7,2018
643493,2017,4.45,2018
433587,2017,5.78,2018
572140,2017,4.96,2018
542881,2017,4.24,2018
547179,2017,3.76,2018
622491,2017,2.87,2018
607188,2017,4.01,2018
433589,2017,2.87,2018
608718,2017,3.84,2018
543734,2017,3.34,2018
429719,2017,5.27,2018
456167,2017,4.7,2018
543408,2017,5.59,2018
474699,2017,5.74,2018
502028,2017,3.87,2018
430661,2017,5.27,2018
489334,2017,3.9,2018
533167,2017,5.03,2018
595014,2017,3.92,2018
543475,2017,5.48,2018
592222,2017,2.85,2018
605452,2017,5.34,2018
276520,2017,6.08,2018
448614,2017,4.7,2018
607237,2017,5.97,2018
593576,2017,3.98,2018
572193,2017,3.55,2018
456034,2017,3.9,2018
606965,2017,2.78,2018
571710,2017,3.57,2018
534910,2017,4.76,2018
592826,2017,5.81,2018
448855,2017,5.81,2018
543208,2017,5.81,2018
543766,2017,2.74,2018
502327,2017,6.82,2018
543272,2017,2.66,2018
608648,2017,4.64,2018
592229,2017,7.09,2018
608349,2017,2.61,2018
501985,2017,2.31,2018
628452,2017,2.9,2018
592665,2017,3.81,2018
607192,2017,6.28,2018
606930,2017,3.22,2018
548389,2017,3.27,2018
461872,2017,2.47,2018
553878,2017,2.57,2018
502212,2017,5.89,2018
571927,2017,5.27,2018
607074,2017,4.42,2018
472610,2017,3.27,2018
502026,2017,4.51,2018
571476,2017,6.44,2018
518445,2017,6.24,2018
543542,2017,4.36,2018
453265,2017,3.22,2018
605151,2017,3.27,2018
504379,2017,3.27,2018
445213,2017,3.79,2018
598264,2017,3.22,2018
607457,2017,3.45,2018
518715,2017,3.47,2018
600526,2017,3.98,2018
518397,2017,3.57,2018
453281,2017,4.96,2018
572888,2017,4.15,2018
592811,2017,4.33,2018
592102,2017,3.06,2018
517008,2017,3.1,2018
520980,2017,4.07,2018
599683,2017,5.06,2018
621107,2017,6.0,2018
608678,2017,3.06,2018
502004,2017,3.22,2018
621242,2017,2.66,2018
592879,2017,4.42,2018
446399,2017,3.1,2018
542960,2017,3.79,2018
623149,2017,3.84,2018
612434,2017,4.27,2018
521230,2017,3.79,2018
571787,2017,7.41,2018
592390,2017,4.57,2018
543339,2017,4.42,2018
543521,2017,4.36,2018
503449,2017,5.48,2018
519326,2017,4.39,2018
488748,2017,2.83,2018
502032,2017,3.79,2018
543506,2017,4.86,2018
519294,2017,4.48,2018
543359,2017,4.12,2018
571901,2017,3.32,2018
594742,2017,4.64,2018
542947,2017,3.5,2018
592130,2017,3.1,2018
623184,2017,3.84,2018
502085,2017,2.37,2018
461325,2017,3.73,2018
596271,2017,4.54,2018
493200,2017,3.73,2018
502381,2017,3.98,2018
477569,2017,4.42,2018
593974,2017,2.99,2018
543883,2017,3.45,2018
501697,2017,5.06,2018
605218,2017,2.99,2018
476454,2017,2.85,2018
473879,2017,4.39,2018
543935,2017,4.67,2018
433586,2017,4.12,2018
517414,2017,3.92,2018
542432,2017,4.45,2018
573109,2017,3.95,2018
516969,2017,4.27,2018
488846,2017,3.15,2018
445276,2017,1.76,2018
501822,2017,3.65,2018
608717,2017,4.73,2018
462382,2017,4.27,2018
591693,2017,4.21,2018
592454,2017,2.49,2018
608371,2017,4.89,2018
628333,2017,4.96,2018
453284,2017,2.92,2018
518693,2017,3.3,2018
518886,2017,2.35,2018
643338,2017,2.63,2018
519151,2017,3.84,2018
596133,2017,3.52,2018
501817,2017,3.95,2018
474463,2017,6.36,2018
543118,2017,4.76,2018
467008,2017,2.99,2018
434672,2017,7.59,2018
502083,2017,4.3,2018
532077,2017,2.35,2018
642564,2017,4.7,2018
458677,2017,3.1,2018
570663,2017,5.03,2018
571704,2017,2.59,2018
279571,2017,3.37,2018
621199,2017,3.3,2018
641871,2017,4.27,2018
519322,2017,4.3,2018
544836,2017,4.21,2018
453172,2017,4.33,2018
461833,2017,5.89,2018
453192,2017,2.35,2018
621058,2017,5.81,2018
493603,2017,4.54,2018
493247,2017,3.45,2018
519096,2017,4.12,2018
451584,2017,3.6,2018
519008,2017,3.71,2018
503285,2017,3.22,2018
456713,2017,3.98,2018
572021,2017,3.39,2018
595032,2017,4.18,2018
547749,2017,4.27,2018
523260,2017,3.98,2018
475479,2017,4.15,2018
475115,2017,6.57,2018
621112,2017,4.45,2018
444468,2017,4.04,2018
573124,2017,5.1,2018
572750,2017,6.0,2018
527055,2017,3.6,2018
450212,2017,2.02,2018
518813,2017,3.17,2018
623167,2017,6.08,2018
458006,2017,2.59,2018
518748,2017,5.55,2018
465657,2017,3.08,2018
489446,2017,3.1,2018
407845,2017,3.25,2018
595918,2017,5.3,2018
548357,2017,7.0,2018
605388,2017,3.76,2018
592593,2017,6.7,2018
459429,2017,3.25,2018
488984,2017,2.37,2018
500872,2017,3.73,2018
606424,2017,4.12,2018
489265,2017,3.57,2018
592426,2017,5.55,2018
451661,2017,3.3,2018
476589,2017,3.13,2018
580792,2017,3.47,2018
543548,2017,6.32,2018
605177,2017,3.87,2018
544928,2017,3.55,2018
445197,2017,3.73,2018
407822,2017,3.68,2018
543056,2017,4.64,2018
623395,2017,5.23,2018
571656,2017,3.92,2018
425492,2017,2.55,2018
593140,2017,4.18,2018
460283,2017,2.7,2018
594840,2017,4.15,2018
543144,2017,3.3,2018
501925,2017,2.61,2018
456696,2017,3.22,2018
571871,2017,4.64,2018
276542,2017,3.98,2018
518716,2017,4.76,2018
624586,2017,3.92,2018
446899,2017,3.95,2018
622097,2017,6.0,2018
547973,2017,2.57,2018
605154,2017,3.73,2018
625643,2017,4.39,2018
656186,2017,4.57,2018
501625,2017,4.09,2018
572971,2018,3.6,2019
448306,2018,5.33,2019
453286,2018,2.56,2019
607536,2018,3.76,2019
446372,2018,3.18,2019
425844,2018,3.87,2019
594798,2018,2.46,2019
434378,2018,2.34,2019
605400,2018,2.75,2019
502043,2018,4.33,2019
608566,2018,3.35,2019
543294,2018,3.76,2019
605182,2018,3.35,2019
571945,2018,3.4,2019
519144,2018,4.07,2019
430935,2018,4.73,2019
571578,2018,3.35,2019
543037,2018,3.06,2019
625643,2018,4.83,2019
621244,2018,3.65,2019
468504,2018,4.36,2019
643327,2018,4.76,2019
592791,2018,3.5,2019
471911,2018,3.35,2019
502190,2018,5.26,2019
622663,2018,3.73,2019
592332,2018,4.76,2019
608337,2018,5.26,2019
452657,2018,5.06,2019
543699,2018,4.3,2019
596001,2018,4.45,2019
605164,2018,4.45,2019
571760,2018,4.09,2019
461829,2018,4.63,2019
554430,2018,3.23,2019
592314,2018,3.13,2019
592351,2018,3.95,2019
500779,2018,4.36,2019
542881,2018,3.68,2019
457918,2018,3.84,2019
502706,2018,4.12,2019
527054,2018,4.45,2019
456034,2018,4.15,2019
453562,2018,4.09,2019
545333,2018,2.79,2019
571666,2018,4.86,2019
570632,2018,4.09,2019
543606,2018,4.73,2019
571510,2018,3.45,2019
622491,2018,4.3,2019
592866,2018,4.04,2019
458681,2018,4.07,2019
605483,2018,3.13,2019
656794,2018,3.71,2019
450203,2018,3.37,2019
601713,2018,3.58,2019
518633,2018,5.19,2019
594835,2018,4.09,2019
433587,2018,5.4,2019
467100,2018,4.73,2019
453385,2018,5.3,2019
488768,2018,5.62,2019
605498,2018,4.79,2019
282332,2018,3.47,2019
518774,2018,4.3,2019
453281,2018,4.27,2019
502171,2018,4.89,2019
571927,2018,3.84,2019
640455,2018,4.63,2019
477132,2018,3.32,2019
572020,2018,3.42,2019
502624,2018,4.67,2019
607219,2018,4.89,2019
592789,2018,2.97,2019
501985,2018,4.33,2019
502042,2018,4.27,2019
622072,2018,3.5,2019
547888,2018,3.92,2019
475115,2018,4.45,2019
592826,2018,3.68,2019
112526,2018,5.81,2019
642232,2018,4.27,2019
462136,2018,4.73,2019
608717,2018,5.55,2019
519242,2018,2.26,2019
656427,2018,3.25,2019
448855,2018,4.12,2019
596133,2018,4.7,2019
434538,2018,5.51,2019
641745,2018,3.81,2019
543243,2018,4.42,2019
434628,2018,5.88,2019
612672,2018,3.47,2019
605242,2018,4.76,2019
519455,2018,4.54,2019
434671,2018,3.15,2019
593958,2018,3.76,2019
518516,2018,4.39,2019
621107,2018,3.6,2019
543208,2018,4.67,2019
664192,2018,4.39,2019
448179,2018,3.9,2019
670950,2018,4.3,2019
544931,2018,3.95,2019
592229,2018,4.63,2019
621111,2018,2.79,2019
642545,2018,4.57,2019
543557,2018,4.48,2019
572140,2018,3.9,2019
628317,2018,3.45,2019
621121,2018,3.76,2019
592662,2018,4.04,2019
593372,2018,3.71,2019
518452,2018,5.06,2019
573185,2018,5.48,2019
453178,2018,5.06,2019
621389,2018,4.67,2019
607074,2018,4.15,2019
641816,2018,4.89,2019
641778,2018,4.76,2019
548389,2018,3.01,2019
456701,2018,5.77,2019
605446,2018,3.71,2019
607231,2018,4.09,2019
543022,2018,5.96,2019
605397,2018,3.35,2019
669456,2018,4.18,2019
543101,2018,4.18,2019
596043,2018,5.37,2019
592717,2018,5.33,2019
519043,2018,5.81,2019
607192,2018,4.01,2019
502327,2018,4.6,2019
543135,2018,3.35,2019
605276,2018,4.63,2019
502239,2018,4.01,2019
573186,2018,4.42,2019
572362,2018,3.68,2019
598271,2018,4.63,2019
608718,2018,4.3,2019
451596,2018,5.92,2019
621366,2018,4.27,2019
643230,2018,5.16,2019
607625,2018,3.08,2019
450306,2018,4.7,2019
527048,2018,5.73,2019
453329,2018,3.87,2019
622608,2018,4.3,2019
570240,2018,3.76,2019
605541,2018,5.33,2019
429719,2018,5.16,2019
445926,2018,3.35,2019
612434,2018,5.16,2019
593334,2018,3.65,2019
641771,2018,6.04,2019
543475,2018,3.58,2019
476451,2018,4.33,2019
630023,2018,4.6,2019
584171,2018,4.83,2019
448802,2018,4.93,2019
433589,2018,3.63,2019
571863,2018,7.63,2019
572143,2018,5.33,2019
608379,2018,5.26,2019
598287,2018,4.18,2019
543278,2018,3.5,2019
607229,2018,3.55,2019
547179,2018,4.33,2019
519141,2018,6.0,2019
641571,2018,4.57,2019
592468,2018,4.96,2019
542882,2018,4.63,2019
435221,2018,4.73,2019
663855,2018,3.6,2019
489119,2018,3.95,2019
571951,2018,6.04,2019
543169,2018,5.44,2019
596295,2018,5.62,2019
474463,2018,4.39,2019
607352,2018,5.66,2019
592644,2018,4.86,2019
592761,2018,4.36,2019
547943,2018,3.01,2019
572070,2018,3.98,2019
458708,2018,6.73,2019
642547,2018,3.63,2019
657610,2018,4.04,2019
571710,2018,3.13,2019
489334,2018,2.72,2019
607374,2018,5.13,2019
595014,2018,2.26,2019
571656,2018,4.18,2019
493603,2018,2.19,2019
623352,2018,2.22,2019
446899,2018,3.92,2019
544727,2018,3.08,2019
543272,2018,3.25,2019
502026,2018,2.81,2019
592222,2018,4.33,2019
642152,2018,3.55,2019
643338,2018,3.73,2019
453172,2018,2.99,2019
553878,2018,2.81,2019
605151,2018,3.42,2019
606162,2018,4.33,2019
641838,2018,4.18,2019
607215,2018,5.51,2019
519151,2018,2.46,2019
519008,2018,3.71,2019
628452,2018,4.12,2019
643493,2018,4.07,2019
542960,2018,3.9,2019
450729,2018,5.44,2019
445276,2018,2.9,2019
592102,2018,3.98,2019
518553,2018,2.92,2019
523260,2018,4.04,2019
461325,2018,3.27,2019
407845,2018,4.07,2019
622694,2018,4.83,2019
643256,2018,2.54,2019
502085,2018,3.25,2019
489265,2018,3.27,2019
543521,2018,3.13,2019
593423,2018,5.16,2019
621261,2018,4.89,2019
517008,2018,3.65,2019
607188,2018,5.48,2019
605200,2018,4.57,2019
621242,2018,1.92,2019
593144,2018,2.66,2019
572888,2018,4.04,2019
606424,2018,6.48,2019
453284,2018,4.54,2019
493200,2018,2.81,2019
473879,2018,3.42,2019
502748,2018,3.35,2019
656547,2018,3.55,2019
476454,2018,2.34,2019
608716,2018,3.4,2019
543359,2018,4.7,2019
571670,2018,2.7,2019
650828,2018,4.01,2019
488984,2018,3.98,2019
592135,2018,4.83,2019
462382,2018,3.98,2019
518397,2018,3.35,2019
594027,2018,4.51,2019
641729,2018,3.23,2019
592145,2018,4.12,2019
598264,2018,3.04,2019
607237,2018,3.65,2019
592773,2018,3.18,2019
621237,2018,2.79,2019
445213,2018,4.96,2019
572193,2018,3.79,2019
641941,2018,3.52,2019
673633,2018,4.12,2019
606625,2018,2.66,2019
501625,2018,3.68,2019
451584,2018,2.54,2019
453265,2018,3.06,2019
573124,2018,2.68,2019
621345,2018,3.45,2019
592390,2018,3.3,2019
641438,2018,4.27,2019
543766,2018,5.4,2019
595465,2018,3.6,2019
605195,2018,3.2,2019
465657,2018,2.9,2019
456696,2018,3.25,2019
623149,2018,3.84,2019
444468,2018,3.27,2019
489446,2018,2.7,2019
543483,2018,5.7,2019
518715,2018,4.63,2019
518886,2018,2.92,2019
519096,2018,4.27,2019
622864,2018,4.63,2019
594840,2018,3.35,2019
641154,2018,4.04,2019
644364,2018,3.58,2019
502032,2018,3.37,2019
543935,2018,3.95,2019
607457,2018,3.65,2019
621381,2018,3.42,2019
407822,2018,4.48,2019
518617,2018,3.95,2019
592665,2018,4.96,2019
570663,2018,4.24,2019
543734,2018,4.01,2019
642558,2018,6.12,2019
435043,2018,3.04,2019
656945,2018,4.01,2019
605121,2018,3.3,2019
467008,2018,3.45,2019
543883,2018,3.08,2019
520980,2018,3.01,2019
458677,2018,4.07,2019
592865,2018,3.9,2019
592741,2018,4.83,2019
502202,2018,3.76,2019
605347,2018,5.06,2019
446099,2018,3.42,2019
622446,2018,4.96,2019
572403,2018,3.01,2019
425492,2018,3.76,2019
622554,2018,2.66,2019
607473,2018,5.37,2019
501789,2018,3.42,2019
623184,2018,3.55,2019
572750,2018,5.16,2019
459429,2018,4.83,2019
593974,2018,5.4,2019
594577,2018,4.15,2019
600917,2018,1.83,2019
476589,2018,4.86,2019
453214,2018,4.01,2019
656222,2018,4.54,2019
608349,2018,3.25,2019
650895,2018,3.32,2019
605218,2018,3.3,2019
595918,2018,4.76,2019
593140,2018,5.16,2019
606131,2018,4.86,2019
488786,2018,3.65,2019
606930,2018,3.98,2019
607200,2018,5.77,2019
518693,2018,3.87,2019
458690,2018,5.58,2019
502522,2018,3.4,2019
605240,2018,3.08,2019
664208,2018,3.11,2019
456501,2018,4.36,2019
605388,2018,3.71,2019
547973,2018,2.42,2019
571704,2018,3.76,2019
605309,2018,3.13,2019
518813,2018,3.95,2019
572021,2018,3.6,2019
605177,2018,3.65,2019
660271,2018,3.37,2019
606273,2018,3.63,2019
519293,2018,2.0,2019
573668,2018,3.15,2019
605154,2018,2.92,2019
543118,2018,3.79,2019
502593,2018,4.7,2019
502188,2018,5.73,2019
605135,2018,3.92,2019
472610,2018,4.09,2019
475054,2018,3.6,2019
593576,2018,3.81,2019
502212,2018,5.23,2019
543045,2018,3.81,2019
545333,2019,4.23,2020
458681,2019,3.48,2020
594835,2019,4.26,2020
501985,2019,3.86,2020
593958,2019,3.72,2020
669456,2019,3.8,2020
605400,2019,4.23,2020
434378,2019,2.66,2020
518516,2019,4.57,2020
621244,2019,4.06,2020
544931,2019,3.09,2020
645261,2019,4.6,2020
571578,2019,4.03,2020
502190,2019,5.7,2020
554430,2019,3.86,2020
592789,2019,3.41,2020
543037,2019,2.43,2020
425844,2019,3.43,2020
625643,2019,5.13,2020
467100,2019,5.63,2020
594798,2019,2.7,2020
450203,2019,3.26,2020
571510,2019,3.86,2020
622491,2019,3.33,2020
518876,2019,5.34,2020
573186,2019,3.72,2020
656427,2019,3.36,2020
596001,2019,5.37,2020
519144,2019,4.96,2020
571945,2019,4.82,2020
452657,2019,5.06,2020
547888,2019,4.41,2020
641712,2019,5.09,2020
527054,2019,4.76,2020
571666,2019,5.02,2020
592662,2019,4.6,2020
425794,2019,4.79,2020
500779,2019,4.73,2020
474463,2019,5.44,2020
502188,2019,4.73,2020
621111,2019,3.33,2020
527048,2019,4.08,2020
506433,2019,3.86,2020
543294,2019,3.78,2020
547943,2019,3.43,2020
543699,2019,5.23,2020
608566,2019,4.76,2020
579328,2019,5.37,2020
489119,2019,4.14,2020
605397,2019,4.14,2020
434671,2019,4.29,2020
641745,2019,4.82,2020
543243,2019,3.56,2020
477132,2019,3.64,2020
502043,2019,4.96,2020
621107,2019,4.11,2020
608337,2019,3.48,2020
608331,2019,3.86,2020
647336,2019,4.08,2020
605164,2019,4.2,2020
543101,2019,3.86,2020
456701,2019,4.47,2020
453286,2019,2.77,2020
571927,2019,4.69,2020
664192,2019,3.83,2020
457918,2019,4.89,2020
663423,2019,4.76,2020
605200,2019,5.16,2020
543606,2019,3.91,2020
605513,2019,4.79,2020
641778,2019,4.29,2020
450306,2019,4.69,2020
592761,2019,4.6,2020
607644,2019,4.0,2020
592351,2019,4.76,2020
592866,2019,5.23,2020
488768,2019,5.3,2020
572020,2019,3.69,2020
628317,2019,3.26,2020
430935,2019,4.6,2020
519242,2019,3.48,2020
605135,2019,4.0,2020
596057,2019,5.02,2020
642098,2019,6.0,2020
592717,2019,5.3,2020
501381,2019,4.32,2020
543475,2019,4.29,2020
453562,2019,5.06,2020
593334,2019,4.41,2020
502624,2019,4.54,2020
622608,2019,5.97,2020
670950,2019,4.29,2020
663978,2019,3.38,2020
642232,2019,3.69,2020
592716,2019,6.41,2020
608379,2019,5.77,2020
641816,2019,4.29,2020
518633,2019,5.23,2020
605347,2019,5.97,2020
642558,2019,6.2,2020
453281,2019,5.3,2020
630023,2019,4.47,2020
502042,2019,5.41,2020
595881,2019,5.3,2020
592826,2019,5.02,2020
592767,2019,5.97,2020
643230,2019,5.06,2020
519455,2019,6.04,2020
605182,2019,3.11,2020
605540,2019,3.46,2020
592314,2019,4.79,2020
621381,2019,4.66,2020
572971,2019,4.79,2020
605156,2019,5.51,2020
593679,2019,6.04,2020
668676,2019,5.48,2020
607536,2019,5.81,2020
468504,2019,5.77,2020
641154,2019,4.5,2020
282332,2019,4.38,2020
656222,2019,5.26,2020
605288,2019,3.43,2020
592644,2019,4.79,2020
456034,2019,4.26,2020
519141,2019,4.35,2020
502239,2019,5.19,2020
543548,2019,4.54,2020
592332,2019,4.76,2020
615698,2019,4.57,2020
605483,2019,3.04,2020
605446,2019,5.51,2020
641312,2019,5.89,2020
601713,2019,5.44,2020
663567,2019,6.08,2020
571760,2019,4.44,2020
643327,2019,5.93,2020
570240,2019,4.73,2020
543557,2019,6.83,2020
593423,2019,3.43,2020
543208,2019,4.0,2020
656288,2019,4.0,2020
502748,2019,4.06,2020
642547,2019,4.11,2020
502706,2019,5.81,2020
660761,2019,5.66,2020
548389,2019,3.51,2020
570632,2019,5.19,2020
664199,2019,5.66,2020
461829,2019,4.5,2020
642545,2019,5.74,2020
605276,2019,7.7,2020
592879,2019,5.26,2020
521655,2019,4.08,2020
622694,2019,3.75,2020
622065,2019,4.47,2020
598286,2019,4.5,2020
608717,2019,4.76,2020
448855,2019,4.0,2020
570666,2019,3.86,2020
547179,2019,3.18,2020
471911,2019,4.96,2020
489334,2019,3.51,2020
445926,2019,5.16,2020
429719,2019,8.04,2020
621097,2019,5.51,2020
572140,2019,4.6,2020
668678,2019,3.67,2020
607200,2019,6.78,2020
521230,2019,2.27,2020
664285,2019,4.57,2020
519393,2019,3.97,2020
596071,2019,5.97,2020
592773,2019,4.35,2020
628711,2019,3.14,2020
656302,2019,4.63,2020
657141,2019,4.2,2020
623381,2019,5.37,2020
433587,2019,6.24,2020
543022,2019,4.69,2020
642607,2019,5.41,2020
458708,2019,4.35,2020
612434,2019,3.83,2020
543521,2019,4.26,2020
605151,2019,4.44,2020
446321,2019,6.7,2020
656546,2019,7.0,2020
592426,2019,3.0,2020
607625,2019,2.43,2020
659275,2019,3.94,2020
543766,2019,5.13,2020
605130,2019,3.86,2020
542882,2019,3.64,2020
621142,2019,4.2,2020
433589,2019,3.18,2020
608032,2019,4.06,2020
612672,2019,5.66,2020
605154,2019,3.26,2020
543339,2019,4.11,2020
543135,2019,5.06,2020
434538,2019,4.08,2020
600917,2019,2.93,2020
641482,2019,5.26,2020
606965,2019,3.94,2020
593833,2019,4.44,2020
643338,2019,4.26,2020
606131,2019,4.2,2020
605452,2019,5.59,2020
656794,2019,4.08,2020
650895,2019,3.07,2020
453172,2019,4.32,2020
623352,2019,2.39,2020
571656,2019,4.29,2020
457915,2019,4.06,2020
518452,2019,4.63,2020
519443,2019,2.86,2020
593144,2019,4.06,2020
598264,2019,3.16,2020
571882,2019,4.73,2020
453343,2019,3.31,2020
543045,2019,5.34,2020
493603,2019,3.14,2020
570663,2019,2.9,2020
518617,2019,3.94,2020
607352,2019,5.74,2020
598287,2019,3.43,2020
656685,2019,4.6,2020
592229,2019,7.6,2020
606149,2019,2.77,2020
628452,2019,3.51,2020
573124,2019,2.45,2020
592346,2019,5.74,2020
607229,2019,3.67,2020
472610,2019,5.13,2020
465657,2019,3.56,2020
642397,2019,6.49,2020
520980,2019,2.68,2020
593576,2019,3.14,2020
544727,2019,4.73,2020
592612,2019,4.44,2020
542888,2019,5.34,2020
607231,2019,3.8,2020
642152,2019,3.78,2020
641838,2019,4.32,2020
518553,2019,4.38,2020
592222,2019,4.03,2020
641941,2019,2.16,2020
543507,2019,3.43,2020
518774,2019,7.32,2020
595014,2019,5.09,2020
657624,2019,3.04,2020
453178,2019,3.28,2020
623433,2019,2.9,2020
445276,2019,2.97,2020
676606,2019,6.0,2020
607481,2019,2.62,2020
596112,2019,2.81,2020
571710,2019,4.11,2020
448281,2019,4.14,2020
596133,2019,4.2,2020
596043,2019,4.89,2020
594986,2019,3.8,2020
592468,2019,5.7,2020
572403,2019,4.96,2020
458006,2019,4.11,2020
592135,2019,3.72,2020
444468,2019,4.11,2020
519293,2019,3.14,2020
641729,2019,3.89,2020
643316,2019,4.23,2020
501625,2019,4.26,2020
453284,2019,5.59,2020
453329,2019,6.57,2020
621242,2019,3.23,2020
532077,2019,3.02,2020
605155,2019,4.57,2020
572888,2019,4.0,2020
572362,2019,4.73,2020
605240,2019,4.79,2020
519008,2019,5.59,2020
473879,2019,3.43,2020
517008,2019,4.73,2020
489265,2019,3.16,2020
592454,2019,3.11,2020
584171,2019,5.23,2020
554340,2019,2.95,2020
661255,2019,6.61,2020
607237,2019,3.59,2020
606625,2019,3.91,2020
595191,2019,5.59,2020
545064,2019,3.8,2020
657024,2019,5.23,2020
502154,2019,3.31,2020
643256,2019,4.26,2020
489446,2019,2.22,2020
542960,2019,4.41,2020
448179,2019,2.97,2020
543272,2019,3.51,2020
461325,2019,3.04,2020
518715,2019,4.86,2020
518489,2019,5.41,2020
605280,2019,5.02,2020
593140,2019,3.72,2020
608648,2019,2.95,2020
573185,2019,10.52,2020
553878,2019,3.0,2020
453192,2019,4.2,2020
547973,2019,3.07,2020
516969,2019,4.54,2020
544365,2019,6.45,2020
669203,2019,5.85,2020
641302,2019,4.66,2020
542947,2019,3.54,2020
461872,2019,5.02,2020
673633,2019,3.78,2020
621295,2019,4.63,2020
518566,2019,4.47,2020
453265,2019,4.66,2020
607192,2019,2.31,2020
501789,2019,3.14,2020
543483,2019,4.63,2020
592473,2019,3.41,2020
475054,2019,4.08,2020
656605,2019,3.51,2020
641835,2019,5.06,2020
445213,2019,3.67,2020
650644,2019,3.36,2020
605195,2019,4.06,2020
523260,2019,3.41,2020
502026,2019,4.96,2020
605177,2019,4.11,2020
607560,2019,4.47,2020
605538,2019,3.91,2020
623184,2019,3.75,2020
643778,2019,3.56,2020
641755,2019,4.63,2020
571946,2019,6.92,2020
543118,2019,3.18,2020
622259,2019,3.91,2020
605121,2019,4.08,2020
504379,2019,5.44,2020
455119,2019,3.56,2020
656713,2019,4.6,2020
594027,2019,6.04,2020
606273,2019,5.23,2020
663432,2019,4.44,2020
641627,2019,3.91,2020
519151,2019,2.75,2020
552640,2019,3.43,2020
407845,2019,4.38,2020
573046,2019,4.89,2020
605359,2019,4.06,2020
571704,2019,2.6,2020
663465,2019,4.82,2020
621363,2019,2.93,2020
594840,2019,6.87,2020
606424,2019,4.23,2020
451584,2019,6.08,2020
518875,2019,6.04,2020
624133,2019,4.06,2020
657571,2019,4.96,2020
622446,2019,5.09,2020
594965,2019,3.72,2020
458681,2020,3.25,2021
608566,2020,4.21,2021
543294,2020,3.11,2021
650644,2020,4.42,2021
607536,2020,5.1,2021
622608,2020,4.64,2021
502043,2020,5.7,2021
669456,2020,2.62,2021
506433,2020,3.02,2021
571578,2020,5.1,2021
453286,2020,4.39,2021
605540,2020,2.9,2021
622491,2020,2.95,2021
668678,2020,3.66,2021
605400,2020,3.35,2021
664285,2020,3.82,2021
543037,2020,3.11,2021
554430,2020,3.58,2021
608337,2020,3.04,2021
471911,2020,3.79,2021
571760,2020,4.39,2021
545333,2020,2.1,2021
456501,2020,4.86,2021
594835,2020,3.82,2021
605200,2020,5.13,2021
547943,2020,3.13,2021
425844,2020,3.76,2021
571510,2020,5.27,2021
621244,2020,4.42,2021
594798,2020,2.73,2021
659275,2020,2.79,2021
605164,2020,3.04,2021
543475,2020,5.37,2021
452657,2020,5.77,2021
663903,2020,3.82,2021
425794,2020,4.48,2021
527048,2020,4.8,2021
605135,2020,3.82,2021
519144,2020,5.27,2021
542881,2020,4.8,2021
571666,2020,4.8,2021
572971,2020,4.27,2021
656302,2020,6.86,2021
621219,2020,5.03,2021
592866,2020,5.06,2021
592662,2020,6.44,2021
666200,2020,4.3,2021
628317,2020,2.75,2021
605288,2020,4.73,2021
657277,2020,5.23,2021
663978,2020,5.16,2021
434671,2020,5.44,2021
592332,2020,3.53,2021
621107,2020,3.33,2021
605513,2020,5.48,2021
518633,2020,4.7,2021
669203,2020,3.11,2021
641154,2020,3.16,2021
501985,2020,4.27,2021
656288,2020,4.36,2021
607192,2020,3.13,2021
593423,2020,4.64,2021
596133,2020,4.73,2021
543243,2020,3.87,2021
642232,2020,3.96,2021
656954,2020,4.13,2021
621121,2020,4.58,2021
502171,2020,6.32,2021
608723,2020,5.55,2021
592836,2020,5.0,2021
608331,2020,2.86,2021
669160,2020,4.21,2021
628711,2020,3.42,2021
640455,2020,3.96,2021
663460,2020,5.3,2021
607200,2020,5.59,2021
477132,2020,3.06,2021
543699,2020,6.61,2021
548389,2020,6.65,2021
641745,2020,4.42,2021
664299,2020,3.06,2021
572070,2020,4.58,2021
668676,2020,3.4,2021
656849,2020,4.39,2021
664141,2020,4.39,2021
622065,2020,6.4,2021
605483,2020,4.04,2021
474463,2020,4.77,2021
641816,2020,3.35,2021
677976,2020,4.1,2021
543135,2020,4.18,2021
643290,2020,6.2,2021
547888,2020,4.04,2021
641771,2020,6.69,2021
457918,2020,3.25,2021
579328,2020,3.33,2021
656756,2020,3.9,2021
458676,2020,4.04,2021
453562,2020,5.63,2021
518516,2020,7.78,2021
624418,2020,7.63,2021
543901,2020,5.34,2021
664199,2020,4.9,2021
543548,2020,4.8,2021
502706,2020,6.61,2021
643230,2020,4.36,2021
607644,2020,3.02,2021
664062,2020,3.33,2021
605347,2020,5.63,2021
592351,2020,5.77,2021
645261,2020,4.04,2021
676606,2020,4.3,2021
450203,2020,3.9,2021
656427,2020,5.03,2021
657140,2020,6.73,2021
592879,2020,5.77,2021
605397,2020,3.16,2021
458708,2020,4.51,2021
605182,2020,4.73,2021
607625,2020,4.7,2021
663776,2020,5.34,2021
664350,2020,2.97,2021
543101,2020,6.4,2021
608379,2020,4.54,2021
448179,2020,5.03,2021
592826,2020,4.33,2021
547942,2020,3.79,2021
502624,2020,6.52,2021
461829,2020,5.55,2021
641302,2020,4.8,2021
663465,2020,4.73,2021
641712,2020,3.58,2021
670950,2020,4.83,2021
527054,2020,8.8,2021
656232,2020,7.22,2021
547179,2020,3.23,2021
621111,2020,3.53,2021
665620,2020,4.67,2021
664045,2020,6.32,2021
643327,2020,6.73,2021
594965,2020,4.93,2021
571927,2020,6.99,2021
641540,2020,3.66,2021
622088,2020,2.92,2021
666120,2020,2.42,2021
570488,2020,4.24,2021
605242,2020,8.22,2021
607391,2020,6.08,2021
615698,2020,4.24,2021
669373,2020,4.48,2021
663554,2020,7.45,2021
592426,2020,4.61,2021
642545,2020,2.99,2021
608717,2020,3.63,2021
669432,2020,3.5,2021
676596,2020,3.28,2021
608718,2020,2.92,2021
663474,2020,3.76,2021
542882,2020,3.74,2021
641447,2020,5.37,2021
642547,2020,3.06,2021
518876,2020,3.9,2021
605130,2020,4.15,2021
642546,2020,2.64,2021
622772,2020,5.3,2021
542585,2020,4.21,2021
643511,2020,3.18,2021
605155,2020,8.12,2021
572362,2020,5.52,2021
594577,2020,2.38,2021
625643,2020,6.12,2021
650633,2020,4.8,2021
554431,2020,2.48,2021
595001,2020,4.73,2021
685493,2020,4.93,2021
544727,2020,4.48,2021
657053,2020,6.95,2021
596295,2020,4.04,2021
594795,2020,3.87,2021
664126,2020,3.3,2021
592644,2020,4.96,2021
596057,2020,3.68,2021
669211,2020,4.42,2021
664353,2020,5.27,2021
608032,2020,6.08,2021
664042,2020,5.27,2021
612434,2020,3.76,2021
533167,2020,5.03,2021
570240,2020,3.53,2021
657044,2020,3.23,2021
593974,2020,4.39,2021
596001,2020,5.59,2021
675921,2020,4.42,2021
622075,2020,3.55,2021
670912,2020,7.17,2021
622251,2020,3.87,2021
518813,2020,2.79,2021
621142,2020,4.48,2021
592767,2020,3.63,2021
501381,2020,3.35,2021
518489,2020,4.15,2021
607560,2020,4.77,2021
453172,2020,4.61,2021
641672,2020,4.86,2021
621242,2020,2.44,2021
641582,2020,4.48,2021
572888,2020,3.5,2021
592233,2020,3.84,2021
675916,2020,2.21,2021
605538,2020,2.71,2021
595014,2020,3.18,2021
640448,2020,3.55,2021
453268,2020,3.96,2021
545064,2020,9.76,2021
605525,2020,2.92,2021
622694,2020,3.23,2021
502239,2020,4.15,2021
489334,2020,3.33,2021
570632,2020,5.59,2021
656546,2020,5.96,2021
593372,2020,6.08,2021
608371,2020,2.17,2021
453281,2020,4.45,2021
593576,2020,3.84,2021
448855,2020,4.36,2021
593833,2020,3.82,2021
488984,2020,5.44,2021
598264,2020,5.1,2021
592741,2020,3.42,2021
668687,2020,3.84,2021
445276,2020,2.95,2021
519443,2020,6.78,2021
641729,2020,6.32,2021
642083,2020,2.97,2021
656547,2020,4.8,2021
664129,2020,5.0,2021
445213,2020,4.51,2021
642528,2020,4.45,2021
642207,2020,1.42,2021
642121,2020,4.51,2021
643338,2020,2.21,2021
660623,2020,5.52,2021
503569,2020,3.3,2021
542914,2020,2.08,2021
605488,2020,5.16,2021
676604,2020,5.52,2021
595928,2020,3.6,2021
641743,2020,5.63,2021
642397,2020,3.58,2021
571670,2020,3.35,2021
621295,2020,4.77,2021
605138,2020,3.82,2021
643316,2020,2.62,2021
461325,2020,3.11,2021
444468,2020,5.52,2021
642233,2020,3.79,2021
664208,2020,2.68,2021
665621,2020,7.49,2021
571901,2020,4.13,2021
650893,2020,4.77,2021
465657,2020,2.73,2021
641755,2020,3.45,2021
543507,2020,3.42,2021
453343,2020,3.45,2021
595918,2020,2.46,2021
670990,2020,4.18,2021
623470,2020,4.64,2021
660896,2020,3.45,2021
593144,2020,3.18,2021
518553,2020,5.89,2021
571710,2020,3.87,2021
650530,2020,4.27,2021
570666,2020,4.01,2021
605359,2020,2.32,2021
642152,2020,3.63,2021
608648,2020,2.77,2021
543883,2020,6.2,2021
519008,2020,5.93,2021
521230,2020,2.4,2021
543867,2020,3.71,2021
676051,2020,3.2,2021
621129,2020,3.37,2021
543339,2020,4.27,2021
572096,2020,1.97,2021
622092,2020,3.13,2021
573124,2020,3.6,2021
519151,2020,2.77,2021
628452,2020,2.46,2021
592346,2020,6.12,2021
656793,2020,6.0,2021
517008,2020,2.97,2021
621097,2020,5.03,2021
660600,2020,5.66,2021
607572,2020,3.79,2021
572020,2020,4.18,2021
592390,2020,8.69,2021
572193,2020,3.74,2021
596720,2020,5.52,2021
571656,2020,5.13,2021
650895,2020,2.86,2021
656186,2020,5.89,2021
642203,2020,4.64,2021
621249,2020,4.48,2021
467100,2020,7.92,2021
433589,2020,4.58,2021
660813,2020,2.9,2021
502026,2020,4.61,2021
670056,2020,4.1,2021
640470,2020,3.42,2021
656605,2020,6.08,2021
661255,2020,4.27,2021
643778,2020,3.9,2021
489265,2020,3.9,2021
592169,2020,4.67,2021
623474,2020,5.0,2021
642130,2020,2.88,2021
641941,2020,4.18,2021
656945,2020,3.53,2021
543272,2020,2.54,2021
543022,2020,5.2,2021
621052,2020,3.48,2021
518858,2020,5.13,2021
592612,2020,3.96,2021
458677,2020,3.4,2021
594987,2020,4.27,2021
521655,2020,6.2,2021
493603,2020,3.71,2021
598287,2020,4.1,2021
621345,2020,2.9,2021
672715,2020,4.1,2021
475479,2020,4.45,2021
663765,2020,5.55,2021
501789,2020,5.2,2021
548384,2020,3.11,2021
518617,2020,2.4,2021
605482,2020,4.33,2021
605240,2020,3.98,2021
621381,2020,4.67,2021
664948,2020,3.53,2021
657624,2020,7.68,2021
665152,2020,4.8,2021
573204,2020,3.18,2021
572125,2020,3.02,2021
663878,2020,4.64,2021
608335,2020,6.69,2021
592222,2020,3.13,2021
656222,2020,2.64,2021
446321,2020,3.63,2021
624647,2020,2.02,2021
572955,2020,3.76,2021
570663,2020,7.08,2021
657612,2020,3.82,2021
502202,2020,5.13,2021
670970,2020,5.63,2021
656464,2020,5.23,2021
459429,2020,2.44,2021
606930,2020,4.45,2021
623352,2020,2.99,2021
445926,2020,6.99,2021
502188,2020,6.36,2021
608665,2020,3.74,2021
626929,2020,7.54,2021
621368,2020,3.25,2021
595465,2020,4.83,2021
502154,2020,2.56,2021
571735,2020,6.16,2021
657571,2020,1.94,2021
663432,2020,3.09,2021
554430,2021,2.79,2022
645261,2021,3.5,2022
425794,2021,3.84,2022
621111,2021,3.06,2022
622491,2021,3.6,2022
543294,2021,4.92,2022
621244,2021,4.12,2022
593423,2021,3.92,2022
592332,2021,3.55,2022
592662,2021,3.6,2022
543475,2021,5.33,2022
608344,2021,4.92,2022
543135,2021,3.39,2022
641816,2021,3.73,2022
608566,2021,4.06,2022
450203,2021,3.37,2022
502043,2021,3.84,2022
640455,2021,4.12,2022
571578,2021,5.62,2022
605400,2021,3.39,2022
605397,2021,3.92,2022
628711,2021,3.13,2022
623167,2021,4.32,2022
573186,2021,4.3,2022
543037,2021,3.06,2022
572971,2021,6.19,2022
608337,2021,3.3,2022
605540,2021,3.27,2022
656302,2021,3.65,2022
542881,2021,4.21,2022
547943,2021,4.42,2022
425844,2021,4.38,2022
453286,2021,2.85,2022
489119,2021,4.12,2022
621121,2021,3.37,2022
506433,2021,3.27,2022
543101,2021,3.92,2022
593958,2021,3.47,2022
457918,2021,5.54,2022
622608,2021,4.32,2022
501985,2021,4.32,2022
605200,2021,6.19,2022
518876,2021,4.48,2022
608331,2021,3.45,2022
579328,2021,5.12,2022
601713,2021,3.78,2022
656756,2021,4.15,2022
448179,2021,4.48,2022
669203,2021,2.04,2022
592836,2021,4.57,2022
642232,2021,4.38,2022
571927,2021,4.03,2022
592351,2021,3.95,2022
458681,2021,2.72,2022
605135,2021,3.42,2022
669373,2021,5.47,2022
677651,2021,3.87,2022
452657,2021,5.16,2022
572070,2021,5.51,2022
615698,2021,4.06,2022
641745,2021,6.35,2022
518516,2021,4.32,2022
663554,2021,4.95,2022
592791,2021,3.92,2022
605288,2021,4.09,2022
668676,2021,4.57,2022
657277,2021,3.2,2022
607644,2021,4.01,2022
607200,2021,4.82,2022
663903,2021,4.57,2022
592314,2021,5.37,2022
594835,2021,4.95,2022
622072,2021,3.89,2022
518774,2021,5.37,2022
642547,2021,2.7,2022
543243,2021,3.22,2022
664285,2021,3.84,2022
571760,2021,4.35,2022
663460,2021,5.23,2022
605347,2021,5.4,2022
669432,2021,3.35,2022
605483,2021,4.79,2022
592767,2021,5.02,2022
664141,2021,4.54,2022
666120,2021,4.21,2022
607074,2021,2.68,2022
663465,2021,5.02,2022
660271,2021,3.32,2022
608379,2021,5.4,2022
640444,2021,5.16,2022
668678,2021,3.98,2022
640470,2021,4.48,2022
621219,2021,4.79,2022
663556,2021,4.51,2022
607536,2021,4.21,2022
641540,2021,4.69,2022
527048,2021,5.51,2022
669302,2021,4.06,2022
621076,2021,4.48,2022
592761,2021,4.12,2022
650644,2021,4.76,2022
661269,2021,4.57,2022
663474,2021,4.38,2022
607231,2021,5.19,2022
456501,2021,4.95,2022
641778,2021,3.89,2022
477132,2021,3.15,2022
596295,2021,4.06,2022
656605,2021,5.73,2022
453562,2021,6.15,2022
605452,2021,4.21,2022
666201,2021,3.35,2022
663978,2021,4.66,2022
501381,2021,4.89,2022
570632,2021,5.84,2022
502179,2021,4.86,2022
628317,2021,3.7,2022
547942,2021,4.54,2022
641302,2021,4.35,2022
592346,2021,6.68,2022
676596,2021,4.66,2022
621107,2021,3.87,2022
621368,2021,4.79,2022
543606,2021,4.63,2022
666200,2021,5.26,2022
545333,2021,3.42,2022
548389,2021,4.89,2022
669211,2021,5.26,2022
664299,2021,4.54,2022
664353,2021,3.89,2022
641154,2021,3.5,2022
624133,2021,2.64,2022
592826,2021,5.3,2022
660761,2021,4.42,2022
593334,2021,4.06,2022
474463,2021,5.69,2022
592866,2021,4.51,2022
669456,2021,3.68,2022
503449,2021,4.82,2022
677960,2021,5.19,2022
605164,2021,4.79,2022
502171,2021,3.95,2022
676840,2021,4.27,2022
656954,2021,7.07,2022
666159,2021,5.4,2022
641927,2021,4.51,2022
669212,2021,5.3,2022
656731,2021,3.81,2022
641482,2021,3.32,2022
660623,2021,4.21,2022
663776,2021,3.55,2022
593372,2021,5.96,2022
643377,2021,5.73,2022
672578,2021,4.42,2022
489334,2021,3.39,2022
622503,2021,4.18,2022
641771,2021,4.69,2022
446372,2021,4.12,2022
607192,2021,2.72,2022
608717,2021,3.84,2022
571510,2021,4.15,2022
656546,2021,4.63,2022
519043,2021,4.89,2022
543766,2021,4.54,2022
672715,2021,4.42,2022
643511,2021,2.85,2022
456034,2021,4.12,2022
594798,2021,1.55,2022
669060,2021,5.73,2022
656427,2021,4.89,2022
621249,2021,5.16,2022
642203,2021,5.54,2022
656529,2021,5.54,2022
621052,2021,3.55,2022
594577,2021,3.87,2022
605507,2021,3.63,2022
643338,2021,3.25,2022
608718,2021,3.65,2022
433589,2021,4.35,2022
663738,2021,6.27,2022
642152,2021,4.38,2022
593576,2021,3.03,2022
606149,2021,3.03,2022
518553,2021,3.78,2022
656876,2021,3.76,2022
448855,2021,4.48,2022
680686,2021,4.48,2022
605130,2021,3.32,2022
453268,2021,4.18,2022
612434,2021,4.15,2022
476595,2021,3.32,2022
642092,2021,5.19,2022
608335,2021,4.18,2022
676477,2021,2.94,2022
605242,2021,3.84,2022
500779,2021,4.86,2022
664208,2021,3.65,2022
570663,2021,4.66,2022
650893,2021,3.63,2022
641755,2021,3.95,2022
640448,2021,3.78,2022
663765,2021,4.69,2022
605280,2021,2.9,2022
592773,2021,3.98,2022
517008,2021,4.76,2022
670912,2021,5.77,2022
622253,2021,4.12,2022
656849,2021,5.96,2022
643256,2021,3.42,2022
595014,2021,2.58,2022
669145,2021,6.35,2022
656629,2021,2.81,2022
656557,2021,3.2,2022
533167,2021,6.47,2022
519293,2021,3.37,2022
642528,2021,2.2,2022
663986,2021,5.23,2022
552640,2021,3.01,2022
676051,2021,3.87,2022
661403,2021,2.24,2022
543272,2021,4.63,2022
445276,2021,2.81,2022
641394,2021,4.38,2022
429722,2021,5.84,2022
656288,2021,4.79,2022
493603,2021,3.73,2022
642397,2021,3.63,2022
650633,2021,4.76,2022
596133,2021,4.54,2022
628452,2021,2.47,2022
614179,2021,4.21,2022
608032,2021,4.3,2022
571670,2021,3.47,2022
500610,2021,3.08,2022
468504,2021,4.32,2022
606424,2021,3.3,2022
608716,2021,3.45,2022
521230,2021,1.99,2022
501625,2021,3.45,2022
605177,2021,3.08,2022
502202,2021,3.45,2022
573204,2021,3.98,2022
543507,2021,2.88,2022
542585,2021,4.12,2022
453343,2021,4.21,2022
554431,2021,3.01,2022
623149,2021,2.88,2022
622251,2021,3.89,2022
656685,2021,3.52,2022
641941,2021,4.57,2022
570666,2021,3.84,2022
518617,2021,4.32,2022
544727,2021,3.7,2022
592426,2021,4.03,2022
542914,2021,4.69,2022
489265,2021,3.5,2022
621295,2021,5.3,2022
621242,2021,2.66,2022
622250,2021,3.95,2022
642121,2021,3.08,2022
657612,2021,3.87,2022
592644,2021,6.43,2022
657093,2021,6.85,2022
608648,2021,3.87,2022
605447,2021,2.62,2022
641793,2021,3.84,2022
518633,2021,4.15,2022
593144,2021,4.35,2022
621237,2021,4.15,2022
656945,2021,4.66,2022
670950,2021,3.78,2022
642545,2021,5.69,2022
519151,2021,2.51,2022
608723,2021,5.96,2022
596057,2021,4.35,2022
657006,2021,4.03,2022
543521,2021,2.28,2022
669622,2021,3.01,2022
647315,2021,3.95,2022
622065,2021,5.84,2022
665152,2021,6.31,2022
572955,2021,3.42,2022
592390,2021,3.15,2022
547973,2021,3.81,2022
624522,2021,5.33,2022
518813,2021,5.54,2022
519326,2021,3.73,2022
607481,2021,2.62,2022
572193,2021,2.58,2022
613534,2021,4.06,2022
459429,2021,3.06,2022
664062,2021,3.68,2022
650496,2021,6.03,2022
676969,2021,5.65,2022
554340,2021,4.38,2022
670280,2021,2.51,2022
642701,2021,5.19,2022
471911,2021,4.82,2022
664948,2021,4.18,2022
571521,2021,5.33,2022
675916,2021,3.63,2022
641401,2021,2.92,2022
518886,2021,2.41,2022
592741,2021,3.84,2022
656420,2021,3.84,2022
650895,2021,2.79,2022
617228,2021,4.12,2022
676979,2021,3.3,2022
446321,2021,4.21,2022
660896,2021,3.55,2022
675921,2021,4.66,2022
677976,2021,6.81,2022
453178,2021,3.84,2022
642207,2021,2.83,2022
622694,2021,4.6,2022
542947,2021,3.01,2022
453265,2021,3.45,2022
502706,2021,4.09,2022
606160,2021,3.55,2022
669330,2021,3.52,2022
623352,2021,2.18,2022
605151,2021,3.92,2022
622092,2021,4.82,2022
448281,2021,4.27,2022
598264,2021,2.7,2022
542882,2021,5.23,2022
625643,2021,3.7,2022
663531,2021,6.47,2022
608665,2021,3.65,2022
453281,2021,5.65,2022
621345,2021,3.01,2022
608678,2021,3.42,2022
593974,2021,4.03,2022
656232,2021,4.01,2022
571901,2021,3.15,2022
643290,2021,5.02,2022
458708,2021,5.16,2022
622075,2021,5.37,2022
608638,2021,3.73,2022
663423,2021,5.3,2022
657053,2021,5.73,2022
571710,2021,4.3,2022
607237,2021,4.27,2022
643316,2021,4.09,2022
502624,2021,5.62,2022
621348,2021,4.82,2022
641835,2021,3.08,2022
543339,2021,3.32,2022
491624,2021,5.19,2022
641729,2021,3.95,2022
657031,2021,4.24,2022
659275,2021,3.98,2022
570257,2021,3.78,2022
641360,2021,3.08,2022
664854,2021,4.63,2022
548384,2021,3.81,2022
606303,2021,2.99,2022
645261,2022,2.92,2023
664285,2022,3.27,2023
527048,2022,3.62,2023
605400,2022,2.75,2023
571945,2022,3.91,2023
518876,2022,3.62,2023
425794,2022,4.55,2023
669203,2022,3.01,2023
543037,2022,3.39,2023
669456,2022,3.49,2023
657277,2022,3.64,2023
666201,2022,3.29,2023
594835,2022,4.52,2023
608566,2022,4.49,2023
592662,2022,3.62,2023
543475,2022,4.9,2023
601713,2022,4.68,2023
506433,2022,3.47,2023
615698,2022,4.31,2023
607536,2022,5.2,2023
669302,2022,4.14,2023
621244,2022,5.13,2023
656302,2022,2.73,2023
605135,2022,3.47,2023
663474,2022,3.59,2023
608344,2022,4.46,2023
605397,2022,3.32,2023
657140,2022,3.88,2023
641154,2022,3.67,2023
608331,2022,2.83,2023
450203,2022,4.14,2023
592791,2022,4.22,2023
592332,2022,3.34,2023
656756,2022,3.91,2023
502043,2022,4.37,2023
668678,2022,3.13,2023
571578,2022,6.27,2023
607074,2022,2.62,2023
542881,2022,3.17,2023
608337,2022,4.28,2023
518516,2022,5.62,2023
446372,2022,4.05,2023
628711,2022,2.81,2023
656605,2022,4.16,2023
664353,2022,4.55,2023
500779,2022,3.83,2023
640455,2022,4.08,2023
641540,2022,4.46,2023
434378,2022,2.66,2023
624133,2022,3.78,2023
641778,2022,4.14,2023
660271,2022,2.6,2023
456501,2022,4.11,2023
592836,2022,3.99,2023
680686,2022,4.31,2023
664141,2022,4.64,2023
471911,2022,4.08,2023
677651,2022,3.64,2023
663556,2022,2.75,2023
663776,2022,3.83,2023
502171,2022,3.13,2023
663903,2022,3.91,2023
605540,2022,3.17,2023
641745,2022,4.31,2023
641771,2022,5.3,2023
641482,2022,2.71,2023
622491,2022,3.34,2023
593423,2022,3.94,2023
554430,2022,3.08,2023
657746,2022,3.57,2023
663738,2022,5.07,2023
641712,2022,4.9,2023
605164,2022,4.37,2023
623167,2022,4.68,2023
663460,2022,5.73,2023
657248,2022,4.97,2023
425844,2022,4.77,2023
664299,2022,2.48,2023
656876,2022,3.52,2023
621076,2022,4.64,2023
607200,2022,5.48,2023
605200,2022,4.58,2023
573186,2022,3.91,2023
668676,2022,5.27,2023
453286,2022,2.88,2023
592789,2022,4.43,2023
622072,2022,3.91,2023
605488,2022,3.27,2023
605507,2022,5.1,2023
669923,2022,3.32,2023
672282,2022,4.11,2023
548389,2022,3.57,2023
605483,2022,3.25,2023
668881,2022,3.94,2023
596295,2022,4.55,2023
675911,2022,2.38,2023
448179,2022,4.02,2023
592351,2022,3.59,2023
608379,2022,4.58,2023
657006,2022,3.59,2023
458681,2022,3.67,2023
665152,2022,4.43,2023
669060,2022,5.55,2023
680694,2022,4.58,2023
641816,2022,3.64,2023
664062,2022,3.1,2023
656629,2022,3.94,2023
666120,2022,4.34,2023
477132,2022,2.5,2023
543243,2022,3.62,2023
502179,2022,4.9,2023
605182,2022,4.64,2023
624522,2022,4.37,2023
596001,2022,4.19,2023
669432,2022,4.84,2023
669373,2022,3.34,2023
676879,2022,3.67,2023
621112,2022,4.05,2023
669169,2022,5.3,2023
571800,2022,5.41,2023
668933,2022,3.99,2023
660761,2022,3.62,2023
543135,2022,4.28,2023
657093,2022,5.0,2023
669467,2022,3.75,2023
501985,2022,4.52,2023
605288,2022,4.93,2023
579328,2022,5.7,2023
656849,2022,3.88,2023
543606,2022,4.25,2023
621368,2022,4.8,2023
607259,2022,3.8,2023
592767,2022,4.11,2023
608723,2022,4.49,2023
666157,2022,3.83,2023
669952,2022,4.11,2023
502042,2022,4.9,2023
570632,2022,4.93,2023
592716,2022,4.31,2023
663372,2022,4.87,2023
641302,2022,5.37,2023
669330,2022,3.83,2023
622608,2022,5.17,2023
547179,2022,3.86,2023
672710,2022,4.46,2023
650644,2022,3.88,2023
622663,2022,3.06,2023
666200,2022,3.42,2023
593958,2022,4.14,2023
666129,2022,4.14,2023
592866,2022,3.67,2023
543294,2022,5.07,2023
642232,2022,4.46,2023
663559,2022,4.64,2023
541640,2022,3.62,2023
689225,2022,5.62,2023
670124,2022,5.85,2023
570666,2022,4.4,2023
676710,2022,4.68,2023
640444,2022,4.14,2023
669211,2022,3.62,2023
656271,2022,3.39,2023
669920,2022,5.41,2023
669145,2022,6.43,2023
592826,2022,4.68,2023
643511,2022,3.37,2023
642547,2022,2.66,2023
670174,2022,4.8,2023
642545,2022,4.08,2023
621107,2022,3.1,2023
676477,2022,3.1,2023
672851,2022,5.96,2023
571760,2022,3.42,2023
669022,2022,5.13,2023
656793,2022,3.72,2023
519043,2022,2.83,2023
572971,2022,5.44,2023
592761,2022,3.86,2023
605347,2022,3.2,2023
593334,2022,3.7,2023
592858,2022,5.44,2023
608328,2022,3.97,2023
643256,2022,3.64,2023
622253,2022,3.15,2023
445926,2022,4.4,2023
434671,2022,4.55,2023
641329,2022,3.22,2023
665795,2022,3.97,2023
605130,2022,2.97,2023
643377,2022,3.25,2023
669395,2022,3.78,2023
656945,2022,4.16,2023
605154,2022,3.59,2023
676664,2022,4.49,2023
518553,2022,4.49,2023
656970,2022,4.43,2023
680739,2022,5.13,2023
666808,2022,2.9,2023
608665,2022,3.52,2023
595881,2022,4.9,2023
519326,2022,5.3,2023
664208,2022,4.31,2023
643410,2022,3.94,2023
670950,2022,4.68,2023
640462,2022,3.67,2023
622503,2022,3.49,2023
608717,2022,4.16,2023
622694,2022,4.77,2023
605242,2022,3.97,2023
542914,2022,3.03,2023
621111,2022,4.31,2023
573124,2022,4.02,2023
641941,2022,3.97,2023
676684,2022,3.99,2023
571948,2022,3.39,2023
607625,2022,3.44,2023
543521,2022,3.06,2023
475479,2022,3.91,2023
608718,2022,3.72,2023
682171,2022,2.62,2023
621345,2022,2.44,2023
661403,2022,1.98,2023
656638,2022,3.2,2023
542888,2022,3.29,2023
606160,2022,2.75,2023
606424,2022,4.22,2023
663436,2022,4.64,2023
518617,2022,4.31,2023
640448,2022,3.27,2023
678394,2022,3.78,2023
502202,2022,3.64,2023
663986,2022,2.29,2023
661395,2022,2.19,2023
672578,2022,5.2,2023
623474,2022,2.83,2023
642758,2022,3.49,2023
592717,2022,4.52,2023
614179,2022,4.34,2023
656354,2022,4.58,2023
502085,2022,2.99,2023
666159,2022,3.99,2023
642397,2022,4.05,2023
518489,2022,3.94,2023
593576,2022,3.34,2023
682051,2022,5.59,2023
663855,2022,3.78,2023
600921,2022,5.27,2023
519293,2022,3.7,2023
543766,2022,4.64,2023
445276,2022,2.42,2023
571901,2022,4.37,2023
605280,2022,2.4,2023
571710,2022,3.64,2023
518886,2022,3.52,2023
621249,2022,4.14,2023
661309,2022,5.34,2023
605447,2022,3.25,2023
493603,2022,2.31,2023
663455,2022,4.9,2023
472610,2022,2.88,2023
656657,2022,5.81,2023
670167,2022,2.5,2023
665665,2022,3.88,2023
605218,2022,3.42,2023
671345,2022,3.64,2023
669212,2022,2.94,2023
669270,2022,3.8,2023
664747,2022,2.83,2023
642701,2022,3.94,2023
625643,2022,2.94,2023
642585,2022,2.54,2023
476595,2022,3.52,2023
656222,2022,3.62,2023
642152,2022,4.37,2023
596057,2022,4.4,2023
662253,2022,1.83,2023
650556,2022,2.92,2023
554340,2022,2.92,2023
596112,2022,4.84,2023
641360,2022,3.34,2023
453343,2022,4.84,2023
656557,2022,3.83,2023
628452,2022,3.15,2023
621363,2022,3.52,2023
656529,2022,2.71,2023
573204,2022,2.46,2023
453268,2022,2.52,2023
656412,2022,5.81,2023
607216,2022,4.08,2023
456713,2022,2.71,2023
623149,2022,2.6,2023
573009,2022,3.15,2023
605177,2022,2.97,2023
656353,2022,4.8,2023
670912,2022,3.15,2023
606303,2022,3.86,2023
676714,2022,3.8,2023
642207,2022,2.05,2023
664854,2022,2.07,2023
594798,2022,2.29,2023
592094,2022,2.08,2023
657376,2022,3.47,2023
608032,2022,4.14,2023
606149,2022,2.97,2023
621242,2022,1.7,2023
623451,2022,3.91,2023
521230,2022,2.58,2023
672335,2022,3.62,2023
623465,2022,2.19,2023
453178,2022,6.0,2023
572193,2022,3.27,2023
641729,2022,2.83,2023
571479,2022,3.49,2023
664123,2022,2.52,2023
621074,2022,3.67,2023
693821,2022,4.28,2023
641927,2022,4.71,2023
681911,2022,2.79,2023
455119,2022,2.5,2023
592773,2022,3.17,2023
643493,2022,3.94,2023
594577,2022,5.2,2023
593974,2022,2.66,2023
650895,2022,3.01,2023
542947,2022,3.78,2023
667463,2022,4.22,2023
608678,2022,3.72,2023
666374,2022,4.52,2023
617228,2022,4.31,2023
595345,2022,3.22,2023
571670,2022,3.01,2023
468504,2022,4.8,2023
670036,2022,3.59,2023
548384,2022,2.97,2023
623352,2022,3.47,2023
621383,2022,4.05,2023
570257,2022,3.54,2023
676265,2022,4.68,2023
660853,2022,3.91,2023
517008,2022,5.73,2023
598287,2022,4.19,2023
621051,2022,2.97,2023
621237,2022,2.5,2023
628708,2022,3.72,2023
656685,2022,3.83,2023
656234,2022,4.87,2023
670280,2022,3.27,2023
669912,2022,4.4,2023
571927,2022,3.7,2023
622554,2022,3.34,2023
665621,2022,6.56,2023
657024,2022,2.29,2023
674072,2022,4.8,2023
681806,2022,3.8,2023
669424,2022,3.06,2023
544727,2022,4.84,2023
642528,2022,3.49,2023
664199,2022,3.08,2023
571945,2023,5.48,2024
657277,2023,3.63,2024
668678,2023,4.18,2024
605135,2023,4.04,2024
656605,2023,4.18,2024
543037,2023,3.45,2024
664285,2023,4.3,2024
458681,2023,4.83,2024
502043,2023,4.73,2024
622491,2023,3.82,2024
641154,2023,3.02,2024
608337,2023,4.61,2024
605400,2023,3.69,2024
571578,2023,6.16,2024
554430,2023,3.21,2024
656302,2023,4.16,2024
669203,2023,3.43,2024
621244,2023,4.51,2024
670912,2023,4.64,2024
656756,2023,3.98,2024
669302,2023,3.63,2024
592332,2023,3.85,2024
675911,2023,3.09,2024
645261,2023,4.3,2024
669923,2023,3.9,2024
543243,2023,3.71,2024
543475,2023,4.9,2024
605483,2023,3.79,2024
666200,2023,3.96,2024
665152,2023,4.9,2024
676664,2023,4.7,2024
592836,2023,4.39,2024
693821,2023,4.55,2024
641540,2023,4.48,2024
518876,2023,4.13,2024
450203,2023,4.64,2024
657006,2023,3.53,2024
621107,2023,3.02,2024
663903,2023,4.93,2024
579328,2023,4.27,2024
680686,2023,5.03,2024
673540,2023,3.9,2024
657376,2023,4.33,2024
664299,2023,4.48,2024
642547,2023,3.35,2024
607536,2023,5.81,2024
657746,2023,3.55,2024
680694,2023,3.77,2024
434378,2023,3.63,2024
678394,2023,4.21,2024
686613,2023,4.27,2024
448179,2023,5.55,2024
666129,2023,4.58,2024
592866,2023,5.59,2024
592351,2023,4.48,2024
592791,2023,4.73,2024
663776,2023,4.67,2024
656427,2023,5.06,2024
502171,2023,4.73,2024
672282,2023,4.55,2024
571760,2023,4.55,2024
686610,2023,4.7,2024
542881,2023,4.93,2024
592767,2023,4.13,2024
668933,2023,4.93,2024
547179,2023,4.48,2024
453286,2023,3.33,2024
593958,2023,4.07,2024
669194,2023,5.27,2024
527048,2023,4.83,2024
607625,2023,4.42,2024
596295,2023,5.77,2024
425844,2023,5.1,2024
656629,2023,5.77,2024
601713,2023,4.01,2024
676440,2023,3.71,2024
669022,2023,5.2,2024
641585,2023,4.96,2024
543294,2023,4.16,2024
641927,2023,3.58,2024
543135,2023,3.96,2024
573186,2023,4.27,2024
506433,2023,3.82,2024
656731,2023,5.85,2024
596133,2023,5.59,2024
608379,2023,4.3,2024
605182,2023,4.13,2024
624133,2023,4.39,2024
682243,2023,4.86,2024
671106,2023,4.48,2024
656288,2023,3.98,2024
669456,2023,4.9,2024
660271,2023,3.77,2024
663623,2023,5.1,2024
676710,2023,3.28,2024
477132,2023,3.71,2024
607067,2023,4.42,2024
680570,2023,4.24,2024
676272,2023,3.45,2024
650644,2023,3.74,2024
640455,2023,4.13,2024
668881,2023,3.85,2024
665622,2023,4.83,2024
656849,2023,4.93,2024
666214,2023,5.74,2024
682227,2023,4.77,2024
489119,2023,4.3,2024
607192,2023,3.55,2024
425794,2023,7.26,2024
628711,2023,4.18,2024
605288,2023,4.21,2024
669330,2023,3.93,2024
663556,2023,4.1,2024
623167,2023,6.12,2024
621112,2023,4.48,2024
656557,2023,4.18,2024
607259,2023,3.98,2024
671737,2023,4.42,2024
671096,2023,3.93,2024
571927,2023,3.93,2024
665871,2023,4.64,2024
615698,2023,5.81,2024
593334,2023,4.33,2024
664062,2023,5.85,2024
665795,2023,3.77,2024
650633,2023,3.5,2024
622072,2023,4.67,2024
628317,2023,3.77,2024
519242,2023,3.66,2024
681857,2023,4.73,2024
694297,2023,4.51,2024
543101,2023,5.2,2024
622663,2023,5.85,2024
471911,2023,6.61,2024
666201,2023,6.16,2024
572020,2023,3.79,2024
657756,2023,5.16,2024
675540,2023,5.03,2024
682847,2023,6.77,2024
605397,2023,3.14,2024
650911,2023,3.74,2024
666142,2023,3.33,2024
592789,2023,6.48,2024
657053,2023,5.34,2024
594902,2023,5.0,2024
674072,2023,4.36,2024
548389,2023,5.52,2024
656234,2023,4.58,2024
641793,2023,4.24,2024
669713,2023,5.16,2024
605200,2023,5.48,2024
669947,2023,4.9,2024
642232,2023,4.39,2024
663567,2023,5.48,2024
691587,2023,3.63,2024
666745,2023,4.55,2024
502624,2023,4.86,2024
666205,2023,7.35,2024
693433,2023,3.48,2024
630023,2023,6.16,2024
670174,2023,3.79,2024
596001,2023,3.77,2024
642545,2023,5.37,2024
660261,2023,4.77,2024
641712,2023,6.08,2024
663941,2023,3.71,2024
656232,2023,5.41,2024
621389,2023,7.26,2024
621381,2023,3.21,2024
663559,2023,4.93,2024
668909,2023,4.24,2024
679525,2023,6.0,2024
608717,2023,3.66,2024
608344,2023,5.52,2024
664875,2023,3.74,2024
543859,2023,3.93,2024
663947,2023,3.48,2024
500779,2023,4.64,2024
664139,2023,3.69,2024
666159,2023,5.41,2024
670950,2023,3.58,2024
669060,2023,3.96,2024
608331,2023,2.75,2024
669373,2023,2.32,2024
571656,2023,4.04,2024
643511,2023,2.77,2024
666374,2023,3.25,2024
656945,2023,2.52,2024
641360,2023,4.83,2024
676477,2023,4.64,2024
663773,2023,5.23,2024
571510,2023,4.21,2024
657240,2023,3.71,2024
675627,2023,5.03,2024
672710,2023,5.44,2024
669467,2023,4.1,2024
661403,2023,3.09,2024
543518,2023,4.3,2024
672578,2023,4.7,2024
605130,2023,3.77,2024
669212,2023,4.01,2024
606160,2023,4.55,2024
663986,2023,4.48,2024
621016,2023,5.37,2024
608718,2023,3.25,2024
666619,2023,3.21,2024
640448,2023,4.64,2024
527054,2023,4.77,2024
656638,2023,3.85,2024
606303,2023,3.21,2024
650556,2023,3.25,2024
668868,2023,4.61,2024
607074,2023,5.37,2024
664747,2023,3.45,2024
663855,2023,3.33,2024
663687,2023,5.13,2024
686973,2023,4.64,2024
666974,2023,3.3,2024
554340,2023,3.53,2024
608665,2023,4.58,2024
608032,2023,4.1,2024
666808,2023,2.93,2024
621076,2023,4.96,2024
623437,2023,3.04,2024
518585,2023,3.48,2024
518886,2023,3.25,2024
625643,2023,3.98,2024
670280,2023,2.86,2024
572955,2023,3.9,2024
687330,2023,3.35,2024
671345,2023,3.74,2024
669461,2023,6.04,2024
664353,2023,4.7,2024
664208,2023,3.09,2024
643377,2023,2.91,2024
541640,2023,5.3,2024
593576,2023,3.33,2024
657508,2023,5.34,2024
641941,2023,3.66,2024
657571,2023,3.85,2024
502085,2023,3.25,2024
643410,2023,4.1,2024
612434,2023,3.87,2024
572403,2023,3.98,2024
594580,2023,2.88,2024
543521,2023,5.16,2024
519151,2023,3.55,2024
656061,2023,4.58,2024
542585,2023,4.7,2024
607481,2023,3.58,2024
472610,2023,4.13,2024
641482,2023,3.71,2024
605347,2023,5.37,2024
664199,2023,5.1,2024
676254,2023,3.09,2024
657024,2023,3.11,2024
656412,2023,3.85,2024
660853,2023,4.13,2024
605280,2023,2.84,2024
493603,2023,3.58,2024
641627,2023,3.5,2024
621345,2023,3.3,2024
608371,2023,3.82,2024
623211,2023,3.53,2024
677960,2023,4.61,2024
660813,2023,3.14,2024
656578,2023,5.34,2024
446372,2023,6.24,2024
661395,2023,2.58,2024
656464,2023,3.09,2024
621383,2023,4.48,2024
489446,2023,4.55,2024
669438,2023,6.61,2024
605540,2023,2.84,2024
640470,2023,3.63,2024
571948,2023,2.95,2024
665625,2023,3.85,2024
668674,2023,3.71,2024
656271,2023,4.21,2024
642397,2023,2.77,2024
547973,2023,2.79,2024
623149,2023,2.77,2024
686218,2023,3.45,2024
605447,2023,3.3,2024
571670,2023,3.4,2024
672335,2023,3.87,2024
595345,2023,3.9,2024
621363,2023,2.69,2024
622098,2023,4.42,2024
518617,2023,3.4,2024
640462,2023,3.09,2024
661309,2023,5.3,2024
672851,2023,5.59,2024
571882,2023,4.77,2024
670059,2023,3.61,2024
666168,2023,4.58,2024
669459,2023,3.71,2024
641656,2023,3.48,2024
650893,2023,4.13,2024
664294,2023,3.0,2024
518489,2023,3.55,2024
680704,2023,3.96,2024
641729,2023,3.79,2024
605242,2023,4.3,2024
677053,2023,2.73,2024
642585,2023,2.1,2024
548384,2023,3.4,2024
656353,2023,5.23,2024
543272,2023,4.51,2024
622065,2023,4.13,2024
674370,2023,4.77,2024
640451,2023,3.35,2024
641703,2023,5.7,2024
608678,2023,5.2,2024
623465,2023,3.14,2024
682990,2023,6.16,2024
674003,2023,4.48,2024
600917,2023,3.18,2024
657097,2023,3.93,2024
607179,2023,4.33,2024
453268,2023,6.12,2024
642207,2023,2.69,2024
628452,2023,3.14,2024
623352,2023,2.38,2024
571901,2023,4.36,2024
694363,2023,5.37,2024
606149,2023,4.18,2024
666277,2023,4.58,2024
593974,2023,4.61,2024
519293,2023,3.33,2024
669854,2023,5.06,2024
605177,2023,4.36,2024
547943,2023,3.87,2024
622554,2023,4.61,2024
656529,2023,4.16,2024
663738,2023,4.93,2024
669796,2023,4.1,2024
592094,2023,4.33,2024
663765,2023,6.95,2024
681217,2023,4.3,2024
676596,2023,5.44,2024
658648,2023,4.07,2024
621051,2023,3.35,2024
607755,2023,3.96,2024
456501,2023,5.16,2024
519043,2023,3.3,2024
681911,2023,3.66,2024
657514,2023,4.07,2024
573124,2023,3.55,2024
642100,2023,3.43,2024
622250,2023,3.33,2024
641835,2023,3.38,2024
594835,2023,5.27,2024
592773,2023,4.04,2024
641871,2023,3.71,2024
669684,2023,3.66,2024
641745,2023,5.77,2024
641778,2023,7.54,2024
662253,2023,3.0,2024
543056,2023,3.02,2024
656546,2023,2.58,2024
518397,2023,3.66,2024
600921,2023,5.52,2024
642048,2023,4.16,2024
614179,2023,5.41,2024
542888,2023,2.71,2024
622075,2023,4.39,2024
676760,2023,4.39,2024
676680,2023,2.69,2024
543507,2023,4.58,2024
670167,2023,4.1,2024
570632,2023,5.81,2024
657277,2024,4.34,2025
607625,2024,3.75,2025
605400,2024,3.75,2025
669302,2024,3.06,2025
554430,2024,2.75,2025
621244,2024,4.68,2025
669203,2024,3.29,2025
669923,2024,3.39,2025
656605,2024,4.25,2025
641154,2024,3.7,2025
663623,2024,4.28,2025
542881,2024,4.37,2025
571578,2024,5.44,2025
656302,2024,3.29,2025
666142,2024,3.25,2025
663903,2024,4.68,2025
622663,2024,3.83,2025
694297,2024,3.72,2025
676710,2024,3.83,2025
605135,2024,4.49,2025
676664,2024,4.43,2025
592332,2024,4.68,2025
650911,2024,3.59,2025
669373,2024,2.66,2025
656557,2024,4.14,2025
656288,2024,4.74,2025
640455,2024,3.75,2025
579328,2024,3.67,2025
607074,2024,4.08,2025
669022,2024,4.11,2025
650633,2024,3.52,2025
607200,2024,3.88,2025
642547,2024,3.83,2025
502043,2024,4.8,2025
571945,2024,4.61,2025
622491,2024,3.99,2025
500779,2024,4.49,2025
608331,2024,3.75,2025
607067,2024,4.87,2025
686613,2024,3.29,2025
676440,2024,3.75,2025
641482,2024,3.59,2025
641927,2024,3.25,2025
623167,2024,4.77,2025
682243,2024,3.67,2025
664285,2024,3.44,2025
519242,2024,2.77,2025
678394,2024,4.49,2025
450203,2024,4.52,2025
596295,2024,5.13,2025
543135,2024,3.88,2025
684007,2024,3.34,2025
571760,2024,4.43,2025
663372,2024,4.37,2025
650644,2024,4.05,2025
608379,2024,4.02,2025
621107,2024,3.72,2025
669854,2024,3.94,2025
573186,2024,4.87,2025
592791,2024,4.02,2025
543243,2024,3.64,2025
615698,2024,5.3,2025
641793,2024,4.37,2025
593423,2024,4.68,2025
687765,2024,4.14,2025
656427,2024,3.54,2025
680730,2024,4.37,2025
665871,2024,4.93,2025
661563,2024,3.75,2025
594902,2024,4.02,2025
681293,2024,4.02,2025
669194,2024,4.08,2025
624133,2024,3.64,2025
663362,2024,4.08,2025
668678,2024,3.94,2025
668881,2024,3.03,2025
601713,2024,3.44,2025
676979,2024,2.83,2025
527048,2024,5.44,2025
663559,2024,4.8,2025
671096,2024,3.97,2025
694813,2024,3.97,2025
671737,2024,4.14,2025
607259,2024,3.2,2025
680573,2024,4.05,2025
668964,2024,4.11,2025
543294,2024,4.74,2025
544150,2024,4.08,2025
669432,2024,5.1,2025
682847,2024,4.31,2025
657006,2024,2.81,2025
665152,2024,4.52,2025
679525,2024,4.9,2025
625643,2024,3.91,2025
683155,2024,4.43,2025
686752,2024,3.59,2025
657746,2024,2.88,2025
547179,2024,4.55,2025
690986,2024,4.84,2025
656756,2024,5.13,2025
686563,2024,4.43,2025
607192,2024,2.64,2025
694973,2024,2.5,2025
458681,2024,4.87,2025
656849,2024,4.58,2025
669467,2024,3.47,2025
683003,2024,3.97,2025
680885,2024,3.42,2025
666157,2024,3.67,2025
608344,2024,5.7,2025
680570,2024,3.72,2025
607536,2024,4.97,2025
628317,2024,4.34,2025
663855,2024,4.74,2025
693433,2024,2.77,2025
667755,2024,4.16,2025
681857,2024,3.62,2025
570632,2024,4.4,2025
641302,2024,4.64,2025
663554,2024,4.74,2025
471911,2024,4.64,2025
669060,2024,5.3,2025
592351,2024,4.55,2025
572020,2024,4.77,2025
671106,2024,5.81,2025
681190,2024,5.88,2025
681867,2024,4.31,2025
641540,2024,5.1,2025
605483,2024,2.54,2025
665795,2024,4.68,2025
672456,2024,5.17,2025
605397,2024,4.31,2025
686730,2024,4.8,2025
670102,2024,3.42,2025
641712,2024,6.0,2025
642232,2024,4.25,2025
434378,2024,3.75,2025
672282,2024,4.05,2025
543037,2024,3.64,2025
663978,2024,4.87,2025
687792,2024,3.29,2025
592836,2024,6.94,2025
548389,2024,4.77,2025
682610,2024,6.77,2025
608334,2024,4.74,2025
808967,2024,3.44,2025
684320,2024,3.91,2025
677960,2024,4.11,2025
571882,2024,3.72,2025
669461,2024,4.16,2025
663947,2024,2.77,2025
658648,2024,4.61,2025
663776,2024,4.34,2025
657376,2024,3.75,2025
700249,2024,4.08,2025
668933,2024,5.1,2025
647336,2024,4.55,2025
621111,2024,4.68,2025
543859,2024,4.31,2025
663474,2024,5.48,2025
677944,2024,4.49,2025
656731,2024,4.14,2025
663546,2024,3.57,2025
670174,2024,4.25,2025
668909,2024,4.14,2025
506433,2024,3.59,2025
596133,2024,3.29,2025
621389,2024,7.16,2025
650556,2024,3.25,2025
605452,2024,3.97,2025
694363,2024,4.61,2025
680767,2024,4.87,2025
669358,2024,3.64,2025
621112,2024,4.58,2025
806185,2024,4.64,2025
669211,2024,2.46,2025
656222,2024,3.78,2025
621383,2024,3.34,2025
605288,2024,5.2,2025
674003,2024,3.44,2025
676254,2024,2.6,2025
679885,2024,3.08,2025
686539,2024,3.59,2025
663687,2024,5.03,2025
666214,2024,3.67,2025
518876,2024,4.97,2025
571656,2024,4.11,2025
672710,2024,4.97,2025
502085,2024,3.15,2025
542888,2024,5.13,2025
678368,2024,5.03,2025
676130,2024,3.49,2025
519326,2024,3.49,2025
663423,2024,3.39,2025
656945,2024,2.97,2025
640462,2024,2.75,2025
663485,2024,3.39,2025
657612,2024,3.57,2025
656464,2024,3.22,2025
643511,2024,3.06,2025
676684,2024,3.91,2025
671922,2024,2.48,2025
518585,2024,3.94,2025
600917,2024,3.57,2025
552640,2024,3.99,2025
642701,2024,3.25,2025
689017,2024,3.99,2025
681676,2024,3.49,2025
663878,2024,4.49,2025
641755,2024,4.46,2025
669062,2024,3.15,2025
669713,2024,4.14,2025
656550,2024,3.52,2025
689225,2024,3.32,2025
592094,2024,3.22,2025
605463,2024,3.49,2025
663567,2024,4.4,2025
656629,2024,3.47,2025
571670,2024,3.94,2025
664875,2024,6.27,2025
687330,2024,3.34,2025
683769,2024,2.71,2025
623352,2024,2.73,2025
660853,2024,5.2,2025
606930,2024,4.87,2025
670950,2024,3.67,2025
701581,2024,4.02,2025
641729,2024,2.56,2025
643377,2024,2.36,2025
666200,2024,4.52,2025
657044,2024,3.97,2025
670970,2024,3.29,2025
605280,2024,3.25,2025
666808,2024,3.34,2025
640448,2024,4.4,2025
650893,2024,4.31,2025
608718,2024,4.14,2025
661403,2024,2.44,2025
571948,2024,3.2,2025
676106,2024,5.92,2025
664076,2024,4.34,2025
686799,2024,5.07,2025
664854,2024,2.71,2025
657649,2024,3.59,2025
656546,2024,2.92,2025
664208,2024,4.25,2025
683627,2024,5.96,2025
547973,2024,2.97,2025
657508,2024,4.71,2025
445926,2024,4.22,2025
681911,2024,2.71,2025
669711,2024,3.49,2025
670280,2024,4.28,2025
593576,2024,4.19,2025
592866,2024,3.25,2025
674370,2024,2.71,2025
628452,2024,2.29,2025
621237,2024,3.94,2025
686826,2024,5.37,2025
676272,2024,6.9,2025
663158,2024,3.03,2025
608717,2024,4.97,2025
682120,2024,3.27,2025
592767,2024,3.7,2025
689147,2024,3.2,2025
673513,2024,2.94,2025
683232,2024,3.22,2025
643410,2024,3.42,2025
502624,2024,4.55,2025
622554,2024,3.72,2025
472610,2024,3.54,2025
543339,2024,3.78,2025
596001,2024,3.88,2025
668674,2024,3.17,2025
669093,2024,2.56,2025
676395,2024,2.5,2025
671345,2024,4.28,2025
666974,2024,3.72,2025
695243,2024,1.78,2025
657571,2024,4.11,2025
573124,2024,3.2,2025
667463,2024,3.86,2025
676974,2024,4.64,2025
608723,2024,3.34,2025
657585,2024,3.15,2025
656412,2024,4.4,2025
680704,2024,4.49,2025
605177,2024,3.59,2025
663704,2024,4.4,2025
493603,2024,3.17,2025
519151,2024,3.91,2025
693312,2024,4.37,2025
642397,2024,4.43,2025
607481,2024,2.81,2025
605121,2024,4.9,2025
668941,2024,5.0,2025
573009,2024,3.25,2025
664747,2024,3.64,2025
605154,2024,4.77,2025
592773,2024,3.44,2025
677161,2024,4.16,2025
605130,2024,4.11,2025
572143,2024,4.46,2025
669276,2024,2.62,2025
641771,2024,4.34,2025
672582,2024,4.43,2025
660761,2024,4.84,2025
676775,2024,5.52,2025
686973,2024,5.34,2025
672335,2024,3.57,2025
657097,2024,3.39,2025
621381,2024,2.46,2025
489446,2024,1.86,2025
572955,2024,3.75,2025
660896,2024,3.08,2025
668338,2024,3.39,2025
606303,2024,4.02,2025
519008,2024,3.42,2025
676534,2024,3.7,2025
592426,2024,4.08,2025
662253,2024,2.9,2025
518886,2024,4.28,2025
663542,2024,2.99,2025
663432,2024,5.48,2025
623465,2024,3.25,2025
669622,2024,3.37,2025
661395,2024,2.81,2025
665625,2024,4.08,2025
671212,2024,4.28,2025
657514,2024,3.91,2025
693821,2024,4.87,2025
571946,2024,3.72,2025
593958,2024,5.41,2025
686580,2024,3.25,2025
670167,2024,3.34,2025
670059,2024,4.08,2025
676962,2024,4.22,2025
605513,2024,4.02,2025
661527,2024,4.08,2025
682990,2024,4.43,2025
678495,2024,3.27,2025
663436,2024,4.08,2025
640451,2024,5.1,2025
445276,2024,3.29,2025
623211,2024,3.64,2025
614179,2024,4.11,2025
694738,2024,3.99,2025
621242,2024,2.48,2025
573204,2024,4.08,2025
605347,2024,3.59,2025
675627,2024,3.59,2025
608371,2024,4.31,2025
608032,2024,3.22,2025
696136,2024,5.2,2025
663568,2024,4.55,2025
677053,2024,2.81,2025
519043,2024,4.31,2025
643338,2024,3.86,2025
663773,2024,4.93,2025
458677,2024,4.11,2025
647315,2024,4.64,2025
607455,2024,3.27,2025
669387,2024,3.34,2025
670990,2024,4.52,2025
621053,2024,3.67,2025
681869,2024,3.97,2025
657277,2025,3.58,2026
676979,2025,2.89,2026
668678,2025,4.27,2026
650911,2025,3.02,2026
664285,2025,3.79,2026
608331,2025,3.38,2026
607074,2025,3.33,2026
663623,2025,5.59,2026
592332,2025,3.74,2026
579328,2025,4.48,2026
694297,2025,5.3,2026
676440,2025,3.64,2026
641793,2025,4.36,2026
666200,2025,3.33,2026
592662,2025,3.71,2026
543243,2025,3.88,2026
656605,2025,4.45,2026
669373,2025,2.71,2026
518876,2025,4.16,2026
622491,2025,4.04,2026
645261,2025,4.64,2026
605135,2025,4.16,2026
694973,2025,2.65,2026
693433,2025,3.07,2026
686613,2025,3.14,2026
680730,2025,5.96,2026
667755,2025,4.04,2026
656849,2025,4.61,2026
642547,2025,3.43,2026
656302,2025,3.46,2026
601713,2025,3.96,2026
571510,2025,3.74,2026
608379,2025,4.16,2026
663903,2025,4.27,2026
669467,2025,4.3,2026
605488,2025,4.3,2026
669358,2025,3.88,2026
701542,2025,4.58,2026
607536,2025,4.96,2026
605280,2025,4.33,2026
665152,2025,3.82,2026
622663,2025,4.61,2026
668909,2025,4.3,2026
678394,2025,4.48,2026
621244,2025,4.8,2026
543294,2025,3.93,2026
593958,2025,4.51,2026
657746,2025,3.43,2026
808967,2025,2.74,2026
671096,2025,3.56,2026
607259,2025,4.04,2026
656427,2025,3.99,2026
669022,2025,4.33,2026
686752,2025,3.99,2026
693821,2025,4.73,2026
671106,2025,4.45,2026
608372,2025,5.81,2026
663978,2025,5.03,2026
571945,2025,5.27,2026
594798,2025,3.36,2026
571578,2025,4.77,2026
434378,2025,4.24,2026
607067,2025,4.51,2026
450203,2025,4.67,2026
682990,2025,3.66,2026
624133,2025,3.16,2026
669461,2025,4.86,2026
683004,2025,4.45,2026
666157,2025,3.48,2026
663554,2025,3.66,2026
641927,2025,4.36,2026
607200,2025,5.41,2026
669194,2025,3.93,2026
622608,2025,6.98,2026
681343,2025,3.99,2026
608337,2025,5.06,2026
607625,2025,5.16,2026
547179,2025,4.61,2026
671737,2025,4.1,2026
663436,2025,5.13,2026
542881,2025,5.06,2026
680732,2025,4.96,2026
608566,2025,5.81,2026
656876,2025,3.48,2026
554430,2025,2.49,2026
669160,2025,5.2,2026
676664,2025,4.24,2026
665795,2025,4.04,2026
681190,2025,5.37,2026
684007,2025,4.07,2026
621111,2025,5.41,2026
702070,2025,4.07,2026
500779,2025,5.2,2026
695418,2025,4.73,2026
677944,2025,4.99,2026
675911,2025,4.9,2026
592836,2025,4.58,2026
571760,2025,5.66,2026
669302,2025,3.09,2026
669923,2025,3.88,2026
592791,2025,3.85,2026
663559,2025,4.9,2026
605288,2025,4.04,2026
615698,2025,5.81,2026
686799,2025,5.88,2026
519242,2025,2.84,2026
694477,2025,3.88,2026
543135,2025,3.0,2026
656550,2025,4.55,2026
700249,2025,5.44,2026
673540,2025,3.96,2026
694738,2025,4.24,2026
663460,2025,3.16,2026
690990,2025,3.88,2026
676962,2025,4.55,2026
680573,2025,3.82,2026
686563,2025,5.37,2026
477132,2025,3.79,2026
663568,2025,4.3,2026
687473,2025,4.58,2026
676083,2025,4.45,2026
666214,2025,4.55,2026
801403,2025,5.13,2026
650644,2025,4.1,2026
680885,2025,3.56,2026
641778,2025,3.88,2026
669432,2025,3.41,2026
678024,2025,4.04,2026
641302,2025,4.64,2026
668881,2025,3.05,2026
669387,2025,4.07,2026
605400,2025,4.13,2026
681347,2025,4.33,2026
676282,2025,3.71,2026
700241,2025,4.67,2026
682052,2025,3.64,2026
682243,2025,5.27,2026
669372,2025,3.74,2026
656794,2025,3.88,2026
672456,2025,4.67,2026
676106,2025,5.51,2026
691587,2025,3.23,2026
682847,2025,4.77,2026
647336,2025,3.53,2026
676467,2025,4.64,2026
687765,2025,5.7,2026
592866,2025,4.58,2026
607192,2025,3.33,2026
681517,2025,4.42,2026
674370,2025,5.37,2026
453286,2025,4.64,2026
805673,2025,4.67,2026
688138,2025,5.23,2026
678368,2025,5.23,2026
656641,2025,4.13,2026
623474,2025,3.31,2026
641816,2025,4.24,2026
702352,2025,4.07,2026
685299,2025,5.88,2026
669920,2025,4.86,2026
676508,2025,3.71,2026
672841,2025,3.66,2026
671131,2025,4.73,2026
656288,2025,4.7,2026
678606,2025,3.56,2026
686701,2025,4.33,2026
670955,2025,3.88,2026
657376,2025,3.02,2026
663855,2025,4.58,2026
593974,2025,4.02,2026
660825,2025,3.33,2026
663969,2025,3.66,2026
641154,2025,3.96,2026
663947,2025,3.79,2026
621107,2025,4.48,2026
571927,2025,3.38,2026
641755,2025,3.51,2026
650633,2025,4.24,2026
676263,2025,2.69,2026
685126,2025,4.1,2026
656731,2025,3.88,2026
693645,2025,4.1,2026
669093,2025,2.76,2026
605130,2025,4.36,2026
678692,2025,2.96,2026
663574,2025,4.33,2026
671922,2025,2.51,2026
681982,2025,3.71,2026
663485,2025,3.88,2026
643511,2025,2.67,2026
684320,2025,4.19,2026
682842,2025,2.76,2026
806185,2025,4.7,2026
686973,2025,4.02,2026
650556,2025,3.41,2026
669199,2025,4.48,2026
506433,2025,3.64,2026
663893,2025,3.36,2026
571948,2025,3.79,2026
676477,2025,2.8,2026
677952,2025,3.43,2026
686218,2025,3.0,2026
608718,2025,4.1,2026
663738,2025,4.51,2026
670102,2025,6.08,2026
656546,2025,3.74,2026
661395,2025,2.51,2026
677958,2025,5.73,2026
670970,2025,2.63,2026
676974,2025,4.8,2026
681857,2025,4.07,2026
542888,2025,3.02,2026
668933,2025,3.46,2026
676684,2025,2.89,2026
676130,2025,4.51,2026
643377,2025,3.26,2026
680736,2025,3.43,2026
660853,2025,4.16,2026
642397,2025,3.85,2026
666808,2025,3.64,2026
669711,2025,3.43,2026
676428,2025,3.64,2026
672782,2025,5.13,2026
663687,2025,3.85,2026
595345,2025,2.61,2026
641745,2025,2.8,2026
687911,2025,3.07,2026
672582,2025,4.02,2026
683409,2025,5.44,2026
687134,2025,7.62,2026
683769,2025,3.66,2026
621121,2025,5.34,2026
596001,2025,4.04,2026
641329,2025,4.02,2026
596295,2025,6.04,2026
694819,2025,3.41,2026
673513,2025,4.07,2026
641941,2025,2.89,2026
592094,2025,2.76,2026
657571,2025,3.46,2026
642701,2025,3.51,2026
676879,2025,3.12,2026
657612,2025,3.41,2026
663158,2025,3.66,2026
673929,2025,3.19,2026
676395,2025,3.82,2026
608032,2025,3.69,2026
607455,2025,3.61,2026
669211,2025,4.67,2026
623437,2025,4.42,2026
657649,2025,2.82,2026
621383,2025,3.79,2026
592454,2025,4.51,2026
628452,2025,3.14,2026
657097,2025,3.23,2026
686993,2025,3.33,2026
672282,2025,3.61,2026
676254,2025,3.82,2026
663465,2025,3.36,2026
689147,2025,3.66,2026
669276,2025,2.93,2026
670167,2025,4.02,2026
669203,2025,3.88,2026
642232,2025,4.27,2026
640455,2025,3.99,2026
596133,2025,2.93,2026
623211,2025,3.96,2026
622554,2025,3.26,2026
675848,2025,3.0,2026
669724,2025,4.13,2026
642207,2025,3.02,2026
621242,2025,2.49,2026
666142,2025,2.67,2026
656271,2025,3.79,2026
605540,2025,2.22,2026
660896,2025,4.48,2026
687064,2025,4.27,2026
690928,2025,3.93,2026
621381,2025,2.78,2026
666171,2025,4.3,2026
592773,2025,4.48,2026
668941,2025,3.48,2026
676534,2025,4.36,2026
605483,2025,3.28,2026
662253,2025,2.82,2026
606160,2025,3.58,2026
664854,2025,3.99,2026
666974,2025,3.69,2026
670280,2025,2.84,2026
664208,2025,2.84,2026
668674,2025,3.85,2026
656234,2025,3.85,2026
621053,2025,3.74,2026
570632,2025,6.73,2026
661563,2025,4.96,2026
664126,2025,3.09,2026
664076,2025,3.21,2026
642100,2025,2.49,2026
693855,2025,3.93,2026
621051,2025,3.77,2026
669371,2025,4.45,2026
657585,2025,3.51,2026
572955,2025,3.64,2026
681911,2025,3.07,2026
656945,2025,4.19,2026
607481,2025,4.22,2026
694335,2025,3.09,2026
695243,2025,2.53,2026
445276,2025,3.74,2026
472610,2025,4.45,2026
663941,2025,4.45,2026
656222,2025,3.88,2026
806188,2025,3.82,2026
640448,2025,3.16,2026
694462,2025,3.99,2026
701581,2025,4.83,2026
547973,2025,2.11,2026
605452,2025,6.08,2026
527048,2025,5.37,2026
670036,2025,3.46,2026
671212,2025,4.04,2026
657514,2025,3.38,2026
669060,2025,8.26,2026
667463,2025,4.8,2026
683232,2025,4.42,2026
573124,2025,4.13,2026
668964,2025,4.39,2026
573204,2025,2.49,2026
676917,2025,4.13,2026
592426,2025,4.3,2026
643410,2025,3.74,2026
668984,2025,3.82,2026
695549,2025,4.93,2026
656457,2025,4.04,2026
694037,2025,3.26,2026
689254,2025,3.31,2026
680767,2025,4.19,2026
687888,2025,3.26,2026
471911,2025,5.37,2026
682254,2025,4.58,2026
552640,2025,2.78,2026
458677,2025,3.61,2026
642152,2025,5.09,2026
623352,2025,2.0,2026
664199,2025,3.66,2026
669622,2025,3.56,2026
672578,2025,5.55,2026
656557,2025,6.19,2026
519141,2025,3.48,2026
