team_id,team_abbr,season,asof_date,xwoba,pa,for_season
108,,2022,2022-10-01,0.3016915966386555,5950.0,2023
109,,2022,2022-10-01,0.29823455127125775,5939.0,2023
110,,2022,2022-10-01,0.30636970271979763,6324.0,2023
111,,2022,2022-10-01,0.31869479409479406,6435.0,2023
112,,2022,2022-10-01,0.30373286894540746,6173.0,2023
113,,2022,2022-10-01,0.2881575098814229,5060.0,2023
114,,2022,2022-10-01,0.30347709654686406,5676.0,2023
115,,2022,2022-10-01,0.3029310401310401,6105.0,2023
116,,2022,2022-10-01,0.2908796396396396,5550.0,2023
117,,2022,2022-10-01,0.32955880149812733,6675.0,2023
118,,2022,2022-10-01,0.3088816889632107,4784.0,2023
119,,2022,2022-10-01,0.33209231962761826,6445.0,2023
120,,2022,2022-10-01,0.29391936645068395,5556.0,2023
121,,2022,2022-10-01,0.325760147601476,6775.0,2023
133,,2022,2022-10-01,0.2867899114084253,5531.0,2023
134,,2022,2022-10-01,0.2881039603960396,5656.0,2023
135,,2022,2022-10-01,0.3230106827682305,6459.0,2023
136,,2022,2022-10-01,0.32033572409583394,6553.0,2023
137,,2022,2022-10-01,0.31187846627867166,5842.0,2023
138,,2022,2022-10-01,0.3248616110431592,5723.0,2023
139,,2022,2022-10-01,0.30384734860370255,6374.0,2023
140,,2022,2022-10-01,0.30564807285737516,6149.0,2023
141,,2022,2022-10-01,0.3260624539696568,6789.0,2023
142,,2022,2022-10-01,0.32688037109374996,6144.0,2023
143,,2022,2022-10-01,0.32378708171206233,6425.0,2023
144,,2022,2022-10-01,0.3288033939764562,6541.0,2023
145,,2022,2022-10-01,0.3111259656314047,6343.0,2023
146,,2022,2022-10-01,0.3015777777777777,5490.0,2023
147,,2022,2022-10-01,0.33413141174647437,6453.0,2023
158,,2022,2022-10-01,0.3174333007175473,6132.0,2023
108,,2023,2023-10-01,0.3206596177944862,6384.0,2024
109,,2023,2023-10-01,0.31417326808380486,6539.0,2024
110,,2023,2023-10-01,0.3180571059848363,6199.0,2024
111,,2023,2023-10-01,0.32061838059446535,5854.0,2024
112,,2023,2023-10-01,0.3247192103264996,6585.0,2024
113,,2023,2023-10-01,0.31013998287671235,7008.0,2024
114,,2023,2023-10-01,0.30374737927478945,5819.0,2024
115,,2023,2023-10-01,0.2987442331040065,4942.0,2024
116,,2023,2023-10-01,0.3141041809458533,5836.0,2024
117,,2023,2023-10-01,0.3323319013524264,6285.0,2024
118,,2023,2023-10-01,0.319235596707819,5832.0,2024
119,,2023,2023-10-01,0.3331030060672917,7252.0,2024
120,,2023,2023-10-01,0.30518019767031407,5666.0,2024
121,,2023,2023-10-01,0.32060145468108914,5362.0,2024
133,,2023,2023-10-01,0.29856060044477395,5396.0,2024
134,,2023,2023-10-01,0.3137679472254559,5154.0,2024
135,,2023,2023-10-01,0.3268476285146265,7042.0,2024
136,,2023,2023-10-01,0.32547078028077053,6126.0,2024
137,,2023,2023-10-01,0.31120515933232173,6590.0,2024
138,,2023,2023-10-01,0.3338189523648076,5899.0,2024
139,,2023,2023-10-01,0.3213098702942107,6322.0,2024
140,,2023,2023-10-01,0.3334986908978901,6493.0,2024
141,,2023,2023-10-01,0.32557270222078133,6169.0,2024
142,,2023,2023-10-01,0.3251481719050674,6236.0,2024
143,,2023,2023-10-01,0.3248766910278339,6431.0,2024
144,,2023,2023-10-01,0.36036439758102023,6449.0,2024
145,,2023,2023-10-01,0.2953963348904061,5566.0,2024
146,,2023,2023-10-01,0.32089386169386164,6435.0,2024
147,,2023,2023-10-01,0.3274922260837754,5467.0,2024
158,,2023,2023-10-01,0.31273337274608337,6766.0,2024
108,,2024,2024-10-01,0.30701167907921456,5908.0,2025
109,,2024,2024-10-01,0.3297237359755209,6863.0,2025
110,,2024,2024-10-01,0.3262077723378212,6536.0,2025
111,,2024,2024-10-01,0.3142715049408716,6173.0,2025
112,,2024,2024-10-01,0.3145309056061332,6261.0,2025
113,,2024,2024-10-01,0.3039290491421925,6878.0,2025
114,,2024,2024-10-01,0.3048806018443618,6181.0,2025
115,,2024,2024-10-01,0.3031402000350939,5699.0,2025
116,,2024,2024-10-01,0.30591044483637075,5103.0,2025
117,,2024,2024-10-01,0.325075420336269,6245.0,2025
118,,2024,2024-10-01,0.31799292520935607,6926.0,2025
119,,2024,2024-10-01,0.3397056291390729,6040.0,2025
120,,2024,2024-10-01,0.30144889250152407,4921.0,2025
121,,2024,2024-10-01,0.3286252923748636,6413.0,2025
133,,2024,2024-10-01,0.30986334240980257,5876.0,2025
134,,2024,2024-10-01,0.30991995308605774,6821.0,2025
135,,2024,2024-10-01,0.3278262979849978,6799.0,2025
136,,2024,2024-10-01,0.3161709652509652,6475.0,2025
137,,2024,2024-10-01,0.3119513804479944,5759.0,2025
138,,2024,2024-10-01,0.3151296829971182,5899.0,2025
139,,2024,2024-10-01,0.29897853751187076,5265.0,2025
140,,2024,2024-10-01,0.3110088684513056,6089.0,2025
141,,2024,2024-10-01,0.3162736149860502,5018.0,2025
142,,2024,2024-10-01,0.31872676792422017,6123.0,2025
143,,2024,2024-10-01,0.3281730451996041,6062.0,2025
144,,2024,2024-10-01,0.32104257598072033,7469.0,2025
145,,2024,2024-10-01,0.28569951503394764,5155.0,2025
146,,2024,2024-10-01,0.2954179730624862,4529.0,2025
147,,2024,2024-10-01,0.3425554252199413,6820.0,2025
158,,2024,2024-10-01,0.3143231320201856,6143.0,2025
108,,2025,2025-10-01,0.30777894242803505,6392.0,2026
109,,2025,2025-10-01,0.32234155339805814,5150.0,2026
110,,2025,2025-10-01,0.30477353481723496,4897.0,2026
111,,2025,2025-10-01,0.3133618987936706,6383.0,2026
112,,2025,2025-10-01,0.3309745112237508,6905.0,2026
113,,2025,2025-10-01,0.29639179566563467,6460.0,2026
114,,2025,2025-10-01,0.2916893221574344,5488.0,2026
115,,2025,2025-10-01,0.29132936435244555,5459.0,2026
116,,2025,2025-10-01,0.3202506154603644,6093.0,2026
117,,2025,2025-10-01,0.3139795168809154,7079.0,2026
118,,2025,2025-10-01,0.31734007852612495,6622.0,2026
119,,2025,2025-10-01,0.3343888196823419,6422.0,2026
120,,2025,2025-10-01,0.3160568962134589,5097.0,2026
121,,2025,2025-10-01,0.3356238951539165,6562.0,2026
133,,2025,2025-10-01,0.31212572303504593,5878.0,2026
134,,2025,2025-10-01,0.31276936973103175,4982.0,2026
135,,2025,2025-10-01,0.3227508963143554,6973.0,2026
136,,2025,2025-10-01,0.3257923229851659,6539.0,2026
137,,2025,2025-10-01,0.313175259515571,5780.0,2026
138,,2025,2025-10-01,0.3084620655898189,6129.0,2026
139,,2025,2025-10-01,0.31090544518027957,5436.0,2026
140,,2025,2025-10-01,0.3097654548243595,6519.0,2026
141,,2025,2025-10-01,0.32864446431232297,6711.0,2026
142,,2025,2025-10-01,0.3051355863192182,4912.0,2026
143,,2025,2025-10-01,0.3267537937441932,6458.0,2026
144,,2025,2025-10-01,0.3214023758757234,6566.0,2026
145,,2025,2025-10-01,0.302281121751026,5848.0,2026
146,,2025,2025-10-01,0.3177611582441903,5422.0,2026
147,,2025,2025-10-01,0.34086565254478246,7034.0,2026
158,,2025,2025-10-01,0.31269643387815754,6730.0,2026
