team_id,season,xwoba,pa,for_season
108,2017,0.31945885591924134,6538.0,2018
109,2017,0.3205440383463151,6676.0,2018
110,2017,0.3188578815418364,6382.0,2018
111,2017,0.3098089903986034,6874.0,2018
112,2017,0.32817326585293244,6718.0,2018
113,2017,0.31286413393432067,6212.0,2018
114,2017,0.33676394721055786,6668.0,2018
115,2017,0.3044579119340283,6427.0,2018
116,2017,0.3236358706178578,5163.0,2018
117,2017,0.33542817164179106,6432.0,2018
118,2017,0.32045762974438413,6455.0,2018
119,2017,0.33236863698526065,6581.0,2018
120,2017,0.32410470957613813,6370.0,2018
121,2017,0.30386582067817763,4807.0,2018
133,2017,0.33242995755003024,4947.0,2018
134,2017,0.30663244488318525,6078.0,2018
135,2017,0.28674259414225944,5975.0,2018
136,2017,0.32674352941176477,6375.0,2018
137,2017,0.2988278481012659,5925.0,2018
138,2017,0.329199214274022,6109.0,2018
139,2017,0.3101068472535742,6645.0,2018
140,2017,0.31796397621070516,5885.0,2018
141,2017,0.3139144656019656,6512.0,2018
142,2017,0.32245640697488404,6251.0,2018
143,2017,0.3032049096488238,5866.0,2018
144,2017,0.31402021800281293,5688.0,2018
145,2017,0.3012582818641213,5343.0,2018
146,2017,0.31524708549222796,6176.0,2018
147,2017,0.3337626330784225,6669.0,2018
158,2017,0.3065263562317504,6507.0,2018
108,2018,0.3234018341755568,5343.0,2019
109,2018,0.30923034200526156,6842.0,2019
110,2018,0.2925696247554686,5623.0,2019
111,2018,0.33956100795755967,6786.0,2019
112,2018,0.31558847799511,6544.0,2019
113,2018,0.3090589651022864,5817.0,2019
114,2018,0.33253916372202585,6792.0,2019
115,2018,0.30604272426296697,6343.0,2019
116,2018,0.2988203056385034,5693.0,2019
117,2018,0.3121531122927745,6394.0,2019
118,2018,0.3096996996996997,4995.0,2019
119,2018,0.3288803583735355,7255.0,2019
120,2018,0.3244891629955947,5675.0,2019
121,2018,0.2951253747134544,5671.0,2019
133,2018,0.33139718354936787,6249.0,2019
134,2018,0.3085180938731637,5582.0,2019
135,2018,0.2884264754918306,5998.0,2019
136,2018,0.3227370114942529,6525.0,2019
137,2018,0.2862732342007435,5380.0,2019
138,2018,0.3166491572574046,6111.0,2019
139,2018,0.31146292725679225,5705.0,2019
140,2018,0.3109811290060192,6147.0,2019
141,2018,0.3231376942537044,5534.0,2019
142,2018,0.30476444986072426,5744.0,2019
143,2018,0.30738351677148845,7632.0,2019
144,2018,0.3120029961478099,7009.0,2019
145,2018,0.2975391093117409,6175.0,2019
146,2018,0.2894330089820359,5344.0,2019
147,2018,0.3304372119815668,6944.0,2019
158,2018,0.3169817905918057,7249.0,2019
108,2019,0.32321940998994303,5966.0,2020
109,2019,0.317084191886671,6212.0,2020
110,2019,0.3067358923884514,6096.0,2020
111,2019,0.33293004985647384,6619.0,2020
112,2019,0.3221812117843246,7196.0,2020
113,2019,0.30266590088611744,6094.0,2020
114,2019,0.31969921353316516,6739.0,2020
115,2019,0.30578348623853213,6540.0,2020
116,2019,0.291568088524005,5603.0,2020
117,2019,0.34126072768804044,6129.0,2020
118,2019,0.3073778853313477,5372.0,2020
119,2019,0.3300911151405258,6618.0,2020
120,2019,0.33112388591800357,6732.0,2020
121,2019,0.32451216488454987,6453.0,2020
133,2019,0.3355134482203253,6209.0,2020
134,2019,0.31334908969433767,5987.0,2020
135,2019,0.29366838000708967,5642.0,2020
136,2019,0.300113909075545,5917.0,2020
137,2019,0.306537779354381,5638.0,2020
138,2019,0.3190398034398034,6105.0,2020
139,2019,0.32539596250901226,6935.0,2020
140,2019,0.3203350471293916,5835.0,2020
141,2019,0.3162874329076439,5403.0,2020
142,2019,0.34622999843431973,6387.0,2020
143,2019,0.31473776171110107,6639.0,2020
144,2019,0.33010879930645853,6921.0,2020
145,2019,0.3057491567548376,5633.0,2020
146,2019,0.29736380165289256,6050.0,2020
147,2019,0.3404556159420289,6624.0,2020
158,2019,0.3204099388871019,6218.0,2020
108,2020,0.32757733990147786,2030.0,2021
109,2020,0.3122104499274311,2067.0,2021
110,2020,0.3034665477252453,2242.0,2021
111,2020,0.30739971414959505,2099.0,2021
112,2020,0.3159081081081081,2405.0,2021
113,2020,0.33073513011152417,2152.0,2021
114,2020,0.3193462199312715,2328.0,2021
115,2020,0.29535501468736886,2383.0,2021
116,2020,0.3058249258160238,2022.0,2021
117,2020,0.31565545087483177,2229.0,2021
118,2020,0.3118851044504996,2202.0,2021
119,2020,0.3603406735751295,2316.0,2021
120,2020,0.3273123336291039,2254.0,2021
121,2020,0.3305528255528255,2442.0,2021
133,2020,0.3281615776081426,2358.0,2021
134,2020,0.2984073182474723,2077.0,2021
135,2020,0.36248406809253597,2291.0,2021
136,2020,0.306395195478097,2123.0,2021
137,2020,0.32842309368191713,2295.0,2021
138,2020,0.3197911486822476,2011.0,2021
139,2020,0.31734204596665166,2219.0,2021
140,2020,0.29867374810318664,1977.0,2021
141,2020,0.329520253164557,2370.0,2021
142,2020,0.32298507462686565,2144.0,2021
143,2020,0.3422568600989654,2223.0,2021
144,2020,0.35229334428923575,2434.0,2021
145,2020,0.32303962101636513,2322.0,2021
146,2020,0.31062471290767113,2177.0,2021
147,2020,0.34613474538080213,2219.0,2021
158,2020,0.3260587112171838,2095.0,2021
108,2021,0.31073493975903616,5727.0,2022
109,2021,0.29204227263913124,5157.0,2022
110,2021,0.3055327925440111,5794.0,2022
111,2021,0.33737579712294236,6743.0,2022
112,2021,0.29520345533075704,4399.0,2022
113,2021,0.32199567901234555,6480.0,2022
114,2021,0.30875149031296567,5368.0,2022
115,2021,0.30455652316792636,6086.0,2022
116,2021,0.3080251239104426,5851.0,2022
117,2021,0.336183448502797,6078.0,2022
118,2021,0.31206773651800707,5359.0,2022
119,2021,0.3294903804426443,6913.0,2022
120,2021,0.31788107443100266,4877.0,2022
121,2021,0.3087806535101909,6182.0,2022
133,2021,0.32914161064225433,6991.0,2022
134,2021,0.2940828279327673,5771.0,2022
135,2021,0.3181676187612748,6652.0,2022
136,2021,0.30724557768924304,6275.0,2022
137,2021,0.3242586573511544,6584.0,2022
138,2021,0.3205149983147961,5934.0,2022
139,2021,0.31887115324836807,6434.0,2022
140,2021,0.2908549232158988,5535.0,2022
141,2021,0.33678166504697116,6174.0,2022
142,2021,0.3311762352122477,5748.0,2022
143,2021,0.31219064918654243,6331.0,2022
144,2021,0.32950333867521364,7488.0,2022
145,2021,0.3261967506092608,6155.0,2022
146,2021,0.28341056055098524,5227.0,2022
147,2021,0.33250263120466506,7031.0,2022
158,2021,0.31090474717798056,6467.0,2022
108,2022,0.3016915966386555,5950.0,2023
109,2022,0.29823455127125775,5939.0,2023
110,2022,0.30636970271979763,6324.0,2023
111,2022,0.31869479409479406,6435.0,2023
112,2022,0.30373286894540746,6173.0,2023
113,2022,0.2881575098814229,5060.0,2023
114,2022,0.30347709654686406,5676.0,2023
115,2022,0.3029310401310401,6105.0,2023
116,2022,0.2908796396396396,5550.0,2023
117,2022,0.32955880149812733,6675.0,2023
118,2022,0.3088816889632107,4784.0,2023
119,2022,0.33209231962761826,6445.0,2023
120,2022,0.29391936645068395,5556.0,2023
121,2022,0.325760147601476,6775.0,2023
133,2022,0.2867899114084253,5531.0,2023
134,2022,0.2881039603960396,5656.0,2023
135,2022,0.3230106827682305,6459.0,2023
136,2022,0.32033572409583394,6553.0,2023
137,2022,0.31187846627867166,5842.0,2023
138,2022,0.3248616110431592,5723.0,2023
139,2022,0.30384734860370255,6374.0,2023
140,2022,0.30564807285737516,6149.0,2023
141,2022,0.3260624539696568,6789.0,2023
142,2022,0.32688037109374996,6144.0,2023
143,2022,0.32378708171206233,6425.0,2023
144,2022,0.3288033939764562,6541.0,2023
145,2022,0.3111259656314047,6343.0,2023
146,2022,0.3015777777777777,5490.0,2023
147,2022,0.33413141174647437,6453.0,2023
158,2022,0.3174333007175473,6132.0,2023
108,2023,0.3206596177944862,6384.0,2024
109,2023,0.31417326808380486,6539.0,2024
110,2023,0.3180571059848363,6199.0,2024
111,2023,0.32061838059446535,5854.0,2024
112,2023,0.3247192103264996,6585.0,2024
113,2023,0.31013998287671235,7008.0,2024
114,2023,0.30374737927478945,5819.0,2024
115,2023,0.2987442331040065,4942.0,2024
116,2023,0.3141041809458533,5836.0,2024
117,2023,0.3323319013524264,6285.0,2024
118,2023,0.319235596707819,5832.0,2024
119,2023,0.3331030060672917,7252.0,2024
120,2023,0.30518019767031407,5666.0,2024
121,2023,0.32060145468108914,5362.0,2024
133,2023,0.29856060044477395,5396.0,2024
134,2023,0.3137679472254559,5154.0,2024
135,2023,0.3268476285146265,7042.0,2024
136,2023,0.32547078028077053,6126.0,2024
137,2023,0.31120515933232173,6590.0,2024
138,2023,0.3338189523648076,5899.0,2024
139,2023,0.3213098702942107,6322.0,2024
140,2023,0.3334986908978901,6493.0,2024
141,2023,0.32557270222078133,6169.0,2024
142,2023,0.3251481719050674,6236.0,2024
143,2023,0.3248766910278339,6431.0,2024
144,2023,0.36036439758102023,6449.0,2024
145,2023,0.2953963348904061,5566.0,2024
146,2023,0.32089386169386164,6435.0,2024
147,2023,0.3274922260837754,5467.0,2024
158,2023,0.31273337274608337,6766.0,2024
108,2024,0.30701167907921456,5908.0,2025
109,2024,0.3297237359755209,6863.0,2025
110,2024,0.3262077723378212,6536.0,2025
111,2024,0.3142715049408716,6173.0,2025
112,2024,0.3145309056061332,6261.0,2025
113,2024,0.3039290491421925,6878.0,2025
114,2024,0.3048806018443618,6181.0,2025
115,2024,0.3031402000350939,5699.0,2025
116,2024,0.30591044483637075,5103.0,2025
117,2024,0.325075420336269,6245.0,2025
118,2024,0.31799292520935607,6926.0,2025
119,2024,0.3397056291390729,6040.0,2025
120,2024,0.30144889250152407,4921.0,2025
121,2024,0.3286252923748636,6413.0,2025
133,2024,0.30986334240980257,5876.0,2025
134,2024,0.30991995308605774,6821.0,2025
135,2024,0.3278262979849978,6799.0,2025
136,2024,0.3161709652509652,6475.0,2025
137,2024,0.3119513804479944,5759.0,2025
138,2024,0.3151296829971182,5899.0,2025
139,2024,0.29897853751187076,5265.0,2025
140,2024,0.3110088684513056,6089.0,2025
141,2024,0.3162736149860502,5018.0,2025
142,2024,0.31872676792422017,6123.0,2025
143,2024,0.3281730451996041,6062.0,2025
144,2024,0.32104257598072033,7469.0,2025
145,2024,0.28569951503394764,5155.0,2025
146,2024,0.2954179730624862,4529.0,2025
147,2024,0.3425554252199413,6820.0,2025
158,2024,0.3143231320201856,6143.0,2025
108,2025,0.30777894242803505,6392.0,2026
109,2025,0.32234155339805814,5150.0,2026
110,2025,0.30477353481723496,4897.0,2026
111,2025,0.3133618987936706,6383.0,2026
112,2025,0.3309745112237508,6905.0,2026
113,2025,0.29639179566563467,6460.0,2026
114,2025,0.2916893221574344,5488.0,2026
115,2025,0.29132936435244555,5459.0,2026
116,2025,0.3202506154603644,6093.0,2026
117,2025,0.3139795168809154,7079.0,2026
118,2025,0.31734007852612495,6622.0,2026
119,2025,0.3343888196823419,6422.0,2026
120,2025,0.3160568962134589,5097.0,2026
121,2025,0.3356238951539165,6562.0,2026
133,2025,0.31212572303504593,5878.0,2026
134,2025,0.31276936973103175,4982.0,2026
135,2025,0.3227508963143554,6973.0,2026
136,2025,0.3257923229851659,6539.0,2026
137,2025,0.313175259515571,5780.0,2026
138,2025,0.3084620655898189,6129.0,2026
139,2025,0.31090544518027957,5436.0,2026
140,2025,0.3097654548243595,6519.0,2026
141,2025,0.32864446431232297,6711.0,2026
142,2025,0.3051355863192182,4912.0,2026
143,2025,0.3267537937441932,6458.0,2026
144,2025,0.3214023758757234,6566.0,2026
145,2025,0.302281121751026,5848.0,2026
146,2025,0.3177611582441903,5422.0,2026
147,2025,0.34086565254478246,7034.0,2026
158,2025,0.31269643387815754,6730.0,2026
