date,home_key,away_key,home_open_spread,away_open_spread,home_close_spread,away_close_spread,open_total,close_total,source
2025-11-02,cin,chi,0.125,-2.5,2.892857142857143,-2.5,49.666666666666664,51.0,oddsapi-snapshots-2025
2025-09-21,tb,nyj,-5.5,5.5,-6.5,6.5,44.5,43.166666666666664,oddsapi-snapshots-2025
2025-09-21,was,lv,-7.0,7.0,-3.0,3.0,47.5,43.666666666666664,oddsapi-snapshots-2025
2025-09-28,kc,bal,1.4772727272727273,-3.4166666666666665,2.6363636363636362,-3.4166666666666665,48.333333333333336,48.5,oddsapi-snapshots-2025
2025-09-14,dal,nyg,-3.0,3.0,-5.5,5.5,44.5,44.833333333333336,oddsapi-snapshots-2025
2025-12-11,tb,atl,-5.5,5.5,-5.5,5.5,44.5,43.666666666666664,oddsapi-snapshots-2025
2025-09-28,sf,jax,-3.0,3.0,-3.1666666666666665,3.1666666666666665,45.0,45.333333333333336,oddsapi-snapshots-2025
2025-11-16,atl,car,-3.8333333333333335,3.8333333333333335,-4.166666666666667,4.166666666666667,43.833333333333336,41.5,oddsapi-snapshots-2025
2025-09-07,ne,lv,-2.6666666666666665,2.6666666666666665,-2.5,2.5,43.833333333333336,44.166666666666664,oddsapi-snapshots-2025
2025-09-11,gb,was,-2.5,2.5,-3.1666666666666665,3.1666666666666665,48.5,49.0,oddsapi-snapshots-2025
2025-10-12,gb,cin,-13.5,13.5,-14.333333333333334,14.333333333333334,44.333333333333336,45.0,oddsapi-snapshots-2025
2025-12-21,ten,kc,7.833333333333333,-7.5,3.1296296296296298,-3.5,39.833333333333336,38.0,oddsapi-snapshots-2025
2025-09-14,ten,la,5.333333333333333,-5.333333333333333,5.5,-5.5,45.5,41.0,oddsapi-snapshots-2025
2025-09-21,lac,den,-1.125,1.125,-2.5833333333333335,2.5833333333333335,43.5,45.5,oddsapi-snapshots-2025
2025-12-14,jax,nyj,-9.5,9.884615384615385,-13.5,13.634615384615385,42.666666666666664,40.0,oddsapi-snapshots-2025
2025-11-23,ten,sea,12.666666666666666,-12.666666666666666,12.666666666666666,-12.666666666666666,42.166666666666664,41.5,oddsapi-snapshots-2025
2025-10-19,ari,gb,5.833333333333333,-5.833333333333333,7.0,-7.0,45.166666666666664,44.5,oddsapi-snapshots-2025
2025-12-07,ari,la,9.0,-9.0,9.833333333333334,-9.833333333333334,47.666666666666664,48.666666666666664,oddsapi-snapshots-2025
2025-11-06,den,lv,-10.0,10.0,-9.333333333333334,9.333333333333334,42.5,43.0,oddsapi-snapshots-2025
2025-12-07,tb,no,-7.833333333333333,7.833333333333333,-7.5,7.5,43.0,41.5,oddsapi-snapshots-2025
2025-09-21,chi,dal,-1.5,1.5,1.0,-1.0,46.0,50.0,oddsapi-snapshots-2025
2025-12-20,was,phi,2.5,-5.04,6.5,-7.16,44.833333333333336,43.5,oddsapi-snapshots-2025
2025-10-06,jax,kc,2.6666666666666665,-2.6666666666666665,3.5,-3.5,44.5,45.5,oddsapi-snapshots-2025
2026-01-04,chi,det,-2.5,2.5,-4.5,4.5,49.5,51.5,oddsapi-snapshots-2025
2025-11-23,cin,ne,5.833333333333333,-5.833333333333333,7.166666666666667,-7.166666666666667,49.666666666666664,50.833333333333336,oddsapi-snapshots-2025
2025-12-14,cin,bal,2.5,-2.5,3.0,-3.0,51.5,51.666666666666664,oddsapi-snapshots-2025
2025-09-07,atl,tb,2.0,-2.0,-0.3333333333333333,0.3333333333333333,47.166666666666664,47.166666666666664,oddsapi-snapshots-2025
2025-10-05,ind,lv,-6.5,6.5,-7.333333333333333,7.333333333333333,49.5,48.166666666666664,oddsapi-snapshots-2025
2026-01-18,ne,hou,-2.6666666666666665,2.6666666666666665,-3.5,3.5,41.0,41.0,oddsapi-snapshots-2025
2025-09-14,det,chi,-5.045454545454546,5.333333333333333,-6.545454545454546,6.166666666666667,48.5,46.5,oddsapi-snapshots-2025
2025-10-05,no,nyg,1.6666666666666667,-1.6666666666666667,-2.3333333333333335,2.3333333333333335,43.5,42.0,oddsapi-snapshots-2025
2025-09-21,sf,ari,-2.1666666666666665,2.1666666666666665,-1.8333333333333333,1.8333333333333333,42.5,44.5,oddsapi-snapshots-2025
2025-11-09,car,no,-3.5,3.5,-5.5,5.5,41.166666666666664,38.0,oddsapi-snapshots-2025
2025-11-16,min,chi,-2.8333333333333335,2.8333333333333335,-2.6666666666666665,2.6666666666666665,46.333333333333336,48.0,oddsapi-snapshots-2025
2025-11-02,pit,ind,2.6666666666666665,-2.6666666666666665,3.0,-3.0,49.0,52.166666666666664,oddsapi-snapshots-2025
2025-12-21,cle,buf,9.296296296296296,-9.296296296296296,10.425925925925926,-10.425925925925926,41.666666666666664,41.0,oddsapi-snapshots-2025
2025-11-16,mia,was,0.3333333333333333,-0.3333333333333333,-2.5,2.5,47.0,47.0,oddsapi-snapshots-2025
2026-01-04,hou,ind,-10.0,10.0,-9.833333333333334,9.833333333333334,40.0,37.666666666666664,oddsapi-snapshots-2025
2025-11-09,sf,la,3.5,-3.5,5.666666666666667,-5.666666666666667,49.0,49.5,oddsapi-snapshots-2025
2026-01-11,chi,gb,-1.0,1.0,1.5,-1.5,46.666666666666664,45.666666666666664,oddsapi-snapshots-2025
2025-11-23,lv,cle,-2.5,2.5,-3.5,3.5,37.0,36.0,oddsapi-snapshots-2025
2025-12-25,kc,den,8.0,-8.0,13.666666666666666,-13.666666666666666,38.833333333333336,38.0,oddsapi-snapshots-2025
2025-12-25,min,det,3.8333333333333335,-3.8333333333333335,7.166666666666667,-7.166666666666667,47.833333333333336,44.333333333333336,oddsapi-snapshots-2025
2025-12-22,ind,sf,6.166666666666667,-6.166666666666667,4.5,-4.5,46.0,46.0,oddsapi-snapshots-2025
2025-12-14,den,gb,0.6666666666666666,-0.6666666666666666,1.0,-1.0,41.5,42.666666666666664,oddsapi-snapshots-2025
2026-01-04,la,ari,-8.833333333333334,8.833333333333334,-14.166666666666666,14.166666666666666,46.833333333333336,47.833333333333336,oddsapi-snapshots-2025
2026-01-04,den,lac,-7.5,7.5,-14.166666666666666,14.166666666666666,39.0,37.5,oddsapi-snapshots-2025
2025-09-21,sea,no,-6.5,6.5,-7.5,7.5,40.833333333333336,41.666666666666664,oddsapi-snapshots-2025
2025-10-19,kc,lv,-11.5,11.5,-12.5,12.5,45.666666666666664,45.333333333333336,oddsapi-snapshots-2025
2025-11-13,ne,nyj,-11.333333333333334,11.333333333333334,-13.166666666666666,13.166666666666666,45.666666666666664,42.5,oddsapi-snapshots-2025
2025-10-13,atl,buf,4.0,-5.2,3.5,-3.8,50.166666666666664,49.666666666666664,oddsapi-snapshots-2025
2025-11-09,lac,pit,-4.0,4.0,-3.0,3.0,46.166666666666664,44.5,oddsapi-snapshots-2025
2025-10-26,ne,cle,-7.0,7.0,-7.0,7.0,39.833333333333336,40.5,oddsapi-snapshots-2025
2025-11-30,pit,buf,3.6666666666666665,-3.6666666666666665,3.0,-3.0,47.166666666666664,45.0,oddsapi-snapshots-2025
2025-11-30,cle,sf,6.115384615384615,-4.0,5.211538461538462,-4.5,40.5,35.166666666666664,oddsapi-snapshots-2025
2025-12-28,mia,tb,5.0,-5.0,5.166666666666667,-5.166666666666667,46.5,43.666666666666664,oddsapi-snapshots-2025
2025-09-14,min,atl,-4.666666666666667,4.666666666666667,-3.1666666666666665,3.1666666666666665,45.5,44.5,oddsapi-snapshots-2025
2025-10-13,was,chi,-5.0,5.0,-5.5,5.5,50.5,49.5,oddsapi-snapshots-2025
2025-09-07,jax,car,-3.5,3.5,-4.0,4.0,46.833333333333336,46.0,oddsapi-snapshots-2025
2025-11-09,tb,ne,-2.625,2.625,-2.5625,2.5625,48.0,47.333333333333336,oddsapi-snapshots-2025
2025-12-14,nyg,was,0.5,-0.5,-2.5,2.5,47.0,45.5,oddsapi-snapshots-2025
2025-11-09,chi,nyg,-3.5,3.5,-4.5,4.5,47.166666666666664,44.666666666666664,oddsapi-snapshots-2025
2025-10-19,den,nyg,-7.444444444444445,7.5,-8.11111111111111,8.5,41.0,40.5,oddsapi-snapshots-2025
2025-11-09,mia,buf,9.166666666666666,-9.166666666666666,8.0,-8.0,49.833333333333336,50.0,oddsapi-snapshots-2025
2025-12-14,dal,min,-6.833333333333333,6.833333333333333,-5.5,5.5,47.166666666666664,47.5,oddsapi-snapshots-2025
2026-01-18,chi,la,3.8333333333333335,-3.8333333333333335,3.5,-3.5,50.833333333333336,48.833333333333336,oddsapi-snapshots-2025
2025-12-21,nyg,min,1.5,-1.5,2.5,-2.5,43.333333333333336,41.0,oddsapi-snapshots-2025
2025-12-01,ne,nyg,-7.5,7.5,-7.166666666666667,7.166666666666667,46.833333333333336,46.5,oddsapi-snapshots-2025
2025-10-26,den,dal,-3.0,3.0,-3.5,3.5,47.5,51.666666666666664,oddsapi-snapshots-2025
2026-01-04,min,gb,-6.1,6.5,-12.54,7.5,37.166666666666664,37.0,oddsapi-snapshots-2025
2025-11-09,ind,atl,-6.666666666666667,6.666666666666667,-6.166666666666667,6.166666666666667,48.5,48.166666666666664,oddsapi-snapshots-2025
2025-11-10,gb,phi,-2.8333333333333335,2.8333333333333335,0.3333333333333333,-0.3333333333333333,45.0,44.833333333333336,oddsapi-snapshots-2025
2025-11-23,dal,phi,3.8333333333333335,-3.8333333333333335,3.0,-3.0,49.666666666666664,47.666666666666664,oddsapi-snapshots-2025
2026-01-11,phi,sf,-3.1666666666666665,3.1666666666666665,-6.0,6.0,46.166666666666664,44.5,oddsapi-snapshots-2025
2025-12-07,kc,hou,-5.333333333333333,5.333333333333333,-4.0,4.0,42.666666666666664,41.333333333333336,oddsapi-snapshots-2025
2025-12-21,hou,lv,-13.166666666666666,13.166666666666666,-14.166666666666666,14.166666666666666,37.5,38.833333333333336,oddsapi-snapshots-2025
2025-10-12,lv,ten,-6.166666666666667,6.166666666666667,-3.5,3.5,41.5,41.833333333333336,oddsapi-snapshots-2025
2025-09-25,ari,sea,-2.5,2.5,1.5,-1.5,44.0,43.666666666666664,oddsapi-snapshots-2025
2026-01-25,sea,la,-3.0,3.0,-2.5,2.5,47.5,45.666666666666664,oddsapi-snapshots-2025
2025-09-21,phi,la,-4.333333333333333,4.333333333333333,-3.3333333333333335,3.3333333333333335,45.0,44.5,oddsapi-snapshots-2025
2025-09-07,was,nyg,-6.0,6.0,-6.0,6.0,45.5,45.5,oddsapi-snapshots-2025
2025-09-28,pit,min,-1.5,1.5,2.5,-2.5,41.166666666666664,41.0,oddsapi-snapshots-2025
2025-12-07,jax,ind,1.5,-1.75,1.5,-2.4423076923076925,47.833333333333336,45.0,oddsapi-snapshots-2025
2026-01-03,tb,car,-3.0,3.4705882352941178,-2.95,3.0,44.0,43.0,oddsapi-snapshots-2025
2025-12-07,bal,pit,-10.0,6.653846153846154,-6.0,5.6923076923076925,46.666666666666664,44.0,oddsapi-snapshots-2025
2025-11-28,phi,chi,-7.0,7.0,-7.333333333333333,7.333333333333333,45.0,43.5,oddsapi-snapshots-2025
2025-11-23,det,nyg,-11.166666666666666,11.166666666666666,-14.0,14.0,49.0,50.5,oddsapi-snapshots-2025
2025-10-26,car,buf,7.5,-7.5,7.0,-7.0,48.166666666666664,47.166666666666664,oddsapi-snapshots-2025
2025-09-14,bal,cle,-12.666666666666666,12.666666666666666,-12.0,12.0,44.833333333333336,44.833333333333336,oddsapi-snapshots-2025
2025-09-07,no,ari,6.5,-6.5,6.0,-6.0,43.5,44.166666666666664,oddsapi-snapshots-2025
2025-09-21,car,atl,2.5,-2.5,5.0,-4.5,44.5,43.666666666666664,oddsapi-snapshots-2025
2025-09-14,mia,ne,-2.5,2.5,-2.5,2.5,45.5,43.166666666666664,oddsapi-snapshots-2025
2025-09-21,cle,gb,6.5,-7.0,7.5,-7.5,43.0,41.0,oddsapi-snapshots-2025
2025-12-07,min,was,-2.1666666666666665,2.1666666666666665,-0.3333333333333333,0.3333333333333333,42.166666666666664,44.0,oddsapi-snapshots-2025
2025-11-16,jax,lac,2.1666666666666665,-2.1666666666666665,2.6666666666666665,-2.6666666666666665,44.833333333333336,43.166666666666664,oddsapi-snapshots-2025
2025-12-28,buf,phi,-3.0,3.0,-3.0,3.0,45.666666666666664,45.0,oddsapi-snapshots-2025
2025-12-07,gb,chi,-6.0,6.0,-7.0,7.0,45.5,43.5,oddsapi-snapshots-2025
2025-11-16,nyg,gb,10.5,-10.5,7.0,-7.0,45.166666666666664,41.5,oddsapi-snapshots-2025
2025-12-08,lac,phi,2.5,-2.5,2.5,-2.5,43.333333333333336,41.666666666666664,oddsapi-snapshots-2025
2025-09-07,nyj,pit,2.5,-2.5,2.8333333333333335,-2.8333333333333335,38.5,38.0,oddsapi-snapshots-2025
2025-11-02,gb,car,-11.333333333333334,11.333333333333334,-13.166666666666666,13.166666666666666,44.0,43.0,oddsapi-snapshots-2025
2025-10-16,cin,pit,4.0,-4.0,5.166666666666667,-5.166666666666667,42.833333333333336,45.0,oddsapi-snapshots-2025
2025-11-02,buf,kc,1.3333333333333333,-1.3333333333333333,1.8333333333333333,-1.8333333333333333,51.833333333333336,52.833333333333336,oddsapi-snapshots-2025
2025-11-30,ten,jax,7.0,-7.0,6.0,-6.0,42.0,42.333333333333336,oddsapi-snapshots-2025
2026-01-04,jax,ten,-10.4,10.5,-13.02,13.5,45.0,45.666666666666664,oddsapi-snapshots-2025
2025-10-23,lac,min,-2.8333333333333335,2.8333333333333335,-3.0,3.0,42.666666666666664,44.5,oddsapi-snapshots-2025
2025-10-30,mia,bal,7.5,-7.5,7.5,-7.5,50.0,51.0,oddsapi-snapshots-2025
2025-11-30,car,la,9.592592592592593,-10.0,10.166666666666666,-10.5,45.333333333333336,45.0,oddsapi-snapshots-2025
2025-09-07,den,ten,-8.333333333333334,8.333333333333334,-9.0,9.0,42.5,42.5,oddsapi-snapshots-2025
2025-10-19,min,phi,3.0,-3.0,1.6666666666666667,-1.6666666666666667,41.833333333333336,43.833333333333336,oddsapi-snapshots-2025
2025-11-16,phi,det,-1.8333333333333333,1.8333333333333333,-2.8333333333333335,2.8333333333333335,47.833333333333336,46.5,oddsapi-snapshots-2025
2025-11-02,ne,atl,-3.6666666666666665,3.6666666666666665,-5.166666666666667,5.166666666666667,44.833333333333336,45.5,oddsapi-snapshots-2025
2025-10-05,cle,min,4.666666666666667,-4.666666666666667,3.5,-3.5,38.166666666666664,36.0,oddsapi-snapshots-2025
2025-09-22,bal,det,-6.5,6.5,-4.5,4.5,50.5,53.666666666666664,oddsapi-snapshots-2025
2025-10-05,bal,hou,-9.5,9.5,1.0,-1.0,46.0,40.666666666666664,oddsapi-snapshots-2025
2025-10-05,sea,tb,-2.0,2.0,-3.5,3.5,45.166666666666664,44.5,oddsapi-snapshots-2025
2025-11-30,sea,min,-7.833333333333333,7.833333333333333,-12.666666666666666,12.666666666666666,43.0,42.166666666666664,oddsapi-snapshots-2025
2025-11-16,pit,cin,-5.833333333333333,5.833333333333333,-5.5,5.5,49.666666666666664,48.0,oddsapi-snapshots-2025
2025-11-23,bal,nyj,-14.5,14.5,-14.0,14.0,44.5,44.5,oddsapi-snapshots-2025
2025-11-02,hou,den,-1.5,-1.1071428571428572,-1.5,2.0357142857142856,38.666666666666664,41.333333333333336,oddsapi-snapshots-2025
2025-11-09,sea,ari,-6.166666666666667,6.166666666666667,-7.0,7.0,44.833333333333336,44.833333333333336,oddsapi-snapshots-2025
2025-11-30,lac,lv,-9.0,9.0,-10.0,10.0,42.0,40.666666666666664,oddsapi-snapshots-2025
2026-01-04,atl,no,-2.5,2.5,-3.5,3.5,43.666666666666664,43.0,oddsapi-snapshots-2025
2025-10-05,lac,was,-2.6666666666666665,2.6666666666666665,-3.0,3.0,47.0,47.666666666666664,oddsapi-snapshots-2025
2025-10-19,jax,la,3.5,-3.462962962962963,3.5,-3.0555555555555554,46.5,44.333333333333336,oddsapi-snapshots-2025
2025-12-28,cin,ari,-5.5,5.5,-7.5,7.5,51.666666666666664,52.666666666666664,oddsapi-snapshots-2025
2025-10-19,sf,atl,-3.5,3.5,-1.0,1.0,45.666666666666664,46.333333333333336,oddsapi-snapshots-2025
2025-12-14,sf,ten,-12.666666666666666,12.666666666666666,-12.833333333333334,12.833333333333334,43.166666666666664,44.5,oddsapi-snapshots-2025
2025-10-20,sea,hou,-3.5,3.5,-3.5,3.5,42.0,41.166666666666664,oddsapi-snapshots-2025
2025-12-21,ari,atl,-0.16666666666666666,0.16666666666666666,2.8333333333333335,-2.8333333333333335,45.333333333333336,48.0,oddsapi-snapshots-2025
2025-09-15,hou,tb,-2.0,2.0,-2.6666666666666665,2.6666666666666665,46.5,42.5,oddsapi-snapshots-2025
2025-09-14,ari,car,-4.666666666666667,4.666666666666667,-7.166666666666667,7.166666666666667,46.5,44.833333333333336,oddsapi-snapshots-2025
2025-10-27,kc,was,-10.5,5.5,-11.0,10.5,50.166666666666664,48.0,oddsapi-snapshots-2025
2025-11-17,lv,dal,3.5,-3.5,3.5,-3.5,50.666666666666664,49.0,oddsapi-snapshots-2025
2025-12-14,phi,lv,-11.833333333333334,11.833333333333334,-12.666666666666666,12.666666666666666,39.5,36.833333333333336,oddsapi-snapshots-2025
2025-12-04,det,dal,-4.833333333333333,4.833333333333333,-3.5,3.5,53.5,54.833333333333336,oddsapi-snapshots-2025
2025-12-14,chi,cle,-7.5,7.5,-7.5,7.5,40.0,38.0,oddsapi-snapshots-2025
2025-10-12,kc,det,-1.2045454545454546,2.0,-2.5,2.5833333333333335,49.0,52.0,oddsapi-snapshots-2025
2025-09-14,pit,sea,-2.5,2.8846153846153846,-2.5,3.1923076923076925,41.5,40.5,oddsapi-snapshots-2025
2025-12-27,lac,hou,0.2,3.5,-1.2,1.5,39.666666666666664,40.0,oddsapi-snapshots-2025
2025-11-09,nyj,cle,-2.0,1.6964285714285714,2.0,-2.0892857142857144,38.166666666666664,37.666666666666664,oddsapi-snapshots-2025
2025-12-28,gb,bal,-2.982142857142857,2.5,-2.5714285714285716,2.5,44.5,38.166666666666664,oddsapi-snapshots-2025
2025-09-28,hou,ten,-6.833333333333333,6.833333333333333,-7.166666666666667,7.166666666666667,40.333333333333336,39.5,oddsapi-snapshots-2025
2025-09-14,no,sf,7.166666666666667,-7.166666666666667,3.0,-3.0,44.5,40.5,oddsapi-snapshots-2025
2025-10-26,ind,ten,-12.0,14.5,-15.0,14.5,45.0,47.5,oddsapi-snapshots-2025
2025-11-27,bal,cin,-9.5,9.5,-7.333333333333333,7.333333333333333,50.833333333333336,51.5,oddsapi-snapshots-2025
2025-09-28,tb,phi,2.6666666666666665,-2.6666666666666665,3.5,-3.5,45.5,43.833333333333336,oddsapi-snapshots-2025
2025-11-23,kc,ind,-4.596153846153846,4.596153846153846,-4.403846153846154,4.403846153846154,50.0,49.666666666666664,oddsapi-snapshots-2025
2025-11-23,no,atl,3.1666666666666665,-3.1666666666666665,-1.6666666666666667,1.6666666666666667,40.333333333333336,40.833333333333336,oddsapi-snapshots-2025
2025-09-29,den,cin,-5.907407407407407,-2.5,-7.5,-2.5,44.333333333333336,44.5,oddsapi-snapshots-2025
2025-09-07,gb,det,-2.1666666666666665,2.1666666666666665,-1.1666666666666667,1.1666666666666667,47.166666666666664,47.666666666666664,oddsapi-snapshots-2025
2025-12-28,car,sea,7.5,-7.5,7.0,-7.0,42.5,42.5,oddsapi-snapshots-2025
2025-10-19,chi,no,-6.1,6.1,-4.16,4.16,45.5,44.666666666666664,oddsapi-snapshots-2025
2025-10-05,ari,ten,-8.0,8.0,-7.5,7.5,42.0,41.5,oddsapi-snapshots-2025
2025-11-24,sf,car,-6.166666666666667,6.166666666666667,-7.5,7.5,46.166666666666664,49.5,oddsapi-snapshots-2025
2025-11-23,gb,min,-5.666666666666667,5.666666666666667,-6.5,6.5,42.666666666666664,41.5,oddsapi-snapshots-2025
2026-01-17,sea,sf,-6.84375,6.84375,-6.875,6.875,45.666666666666664,44.0,oddsapi-snapshots-2025
2025-11-16,ari,sf,1.6666666666666667,-1.6666666666666667,3.5,-3.5,47.333333333333336,48.5,oddsapi-snapshots-2025
2026-01-12,pit,hou,3.0,-3.0,3.0,-3.0,39.5,38.0,oddsapi-snapshots-2025
2025-11-09,was,det,5.166666666666667,-5.166666666666667,8.166666666666666,-8.166666666666666,50.833333333333336,49.166666666666664,oddsapi-snapshots-2025
2025-12-21,den,jax,-2.8333333333333335,2.8333333333333335,-3.5,3.5,43.333333333333336,47.0,oddsapi-snapshots-2025
2025-12-21,mia,cin,1.5,-1.0178571428571428,3.5,-3.7142857142857144,50.5,48.333333333333336,oddsapi-snapshots-2025
2025-09-05,lac,kc,3.0,-3.0,3.0,-3.0,46.5,47.5,oddsapi-snapshots-2025
2025-12-28,nyj,ne,10.5,-10.5,13.166666666666666,-13.166666666666666,43.666666666666664,42.0,oddsapi-snapshots-2025
2025-11-16,buf,tb,-6.0,6.0,-6.666666666666667,6.666666666666667,50.333333333333336,45.5,oddsapi-snapshots-2025
2025-11-16,den,kc,2.8333333333333335,-2.8333333333333335,4.5,-4.5,45.0,45.0,oddsapi-snapshots-2025
2025-09-21,jax,hou,-1.5,1.5,-1.5,1.5,43.0,43.5,oddsapi-snapshots-2025
2025-11-09,min,bal,3.5,-3.5,4.5,-4.5,46.666666666666664,49.0,oddsapi-snapshots-2025
2025-11-30,was,den,6.5,-6.5,6.166666666666667,-6.166666666666667,43.5,43.0,oddsapi-snapshots-2025
2025-10-26,cin,nyj,-5.0,5.0,-6.0,6.0,43.166666666666664,44.5,oddsapi-snapshots-2025
2025-11-30,nyj,atl,1.5,-1.5,3.0,-3.0,39.5,38.5,oddsapi-snapshots-2025
2025-11-09,hou,jax,-1.9821428571428572,1.9821428571428572,-0.44642857142857145,0.44642857142857145,40.333333333333336,38.0,oddsapi-snapshots-2025
2025-10-12,tb,sf,-2.0,2.0,-3.3333333333333335,3.3333333333333335,47.0,46.5,oddsapi-snapshots-2025
2025-11-23,la,tb,-6.166666666666667,6.166666666666667,-7.333333333333333,7.333333333333333,48.666666666666664,49.5,oddsapi-snapshots-2025
2025-09-07,sea,sf,2.5,-2.5,1.3333333333333333,-1.3333333333333333,43.5,43.5,oddsapi-snapshots-2025
2025-12-20,chi,gb,3.0,-3.0,-1.0,1.0,45.833333333333336,44.833333333333336,oddsapi-snapshots-2025
2025-12-21,det,pit,-6.333333333333333,6.333333333333333,-7.5,7.5,49.666666666666664,52.0,oddsapi-snapshots-2025
2025-12-21,bal,ne,-1.5,1.5,-3.5,3.5,48.0,48.333333333333336,oddsapi-snapshots-2025
2025-10-26,bal,chi,-6.75,6.875,-2.75,2.5,49.5,45.0,oddsapi-snapshots-2025
2025-10-19,lac,ind,-1.3333333333333333,1.3333333333333333,-2.5,2.5,48.0,48.0,oddsapi-snapshots-2025
2025-10-12,pit,cle,-5.833333333333333,5.833333333333333,-6.0,6.0,37.5,38.5,oddsapi-snapshots-2025
2025-12-14,hou,ari,-8.0,8.0,-10.166666666666666,10.166666666666666,42.333333333333336,42.0,oddsapi-snapshots-2025
2025-10-12,mia,lac,5.5,-5.5,3.8333333333333335,-3.8333333333333335,44.5,44.0,oddsapi-snapshots-2025
2025-11-02,nyg,sf,2.5,-2.5,1.75,-1.75,45.666666666666664,47.333333333333336,oddsapi-snapshots-2025
2025-10-26,no,tb,5.5,6.0,4.0,-3.5,47.333333333333336,46.0,oddsapi-snapshots-2025
2025-10-26,phi,nyg,-8.0,7.0,-7.5,7.5,42.666666666666664,44.0,oddsapi-snapshots-2025
2025-12-21,no,nyj,-1.5,1.5,-4.5,4.5,39.666666666666664,40.0,oddsapi-snapshots-2025
2025-12-21,dal,lac,1.5,2.074074074074074,-2.5,1.1481481481481481,48.833333333333336,51.0,oddsapi-snapshots-2025
2025-10-26,hou,sf,-1.0,2.0,-2.0,2.5,42.666666666666664,42.0,oddsapi-snapshots-2025
2025-10-26,atl,mia,-6.0,7.5,-7.0,7.0,45.333333333333336,44.333333333333336,oddsapi-snapshots-2025
2025-12-18,sea,la,-0.5,0.5,-1.1666666666666667,1.1666666666666667,46.833333333333336,42.5,oddsapi-snapshots-2025
2025-09-18,buf,mia,-10.5,10.5,-11.5,11.5,48.5,50.166666666666664,oddsapi-snapshots-2025
2025-09-28,lv,chi,-2.5,2.5,-1.1666666666666667,1.1666666666666667,46.666666666666664,48.0,oddsapi-snapshots-2025
2025-09-07,ind,mia,-0.3333333333333333,0.3333333333333333,-1.0,1.0,46.166666666666664,46.5,oddsapi-snapshots-2025
2025-11-02,la,no,-12.666666666666666,12.666666666666666,-14.166666666666666,14.166666666666666,45.166666666666664,44.0,oddsapi-snapshots-2025
2025-12-28,sf,chi,-3.1666666666666665,3.1666666666666665,-3.5,3.5,50.666666666666664,51.5,oddsapi-snapshots-2025
2025-10-12,bal,la,7.166666666666667,-7.166666666666667,7.166666666666667,-7.166666666666667,45.166666666666664,44.333333333333336,oddsapi-snapshots-2025
2025-11-02,ten,lac,7.321428571428571,-7.321428571428571,9.821428571428571,-9.821428571428571,43.5,44.0,oddsapi-snapshots-2025
2026-02-08,ne,sea,5.0,-5.0,4.666666666666667,-4.666666666666667,46.166666666666664,45.333333333333336,oddsapi-snapshots-2025
2026-01-04,phi,was,-8.166666666666666,8.166666666666666,-3.5,3.5,42.166666666666664,38.5,oddsapi-snapshots-2025
2025-09-28,atl,was,2.1666666666666665,-2.1666666666666665,-2.0,2.0,45.333333333333336,43.5,oddsapi-snapshots-2025
2025-10-20,det,tb,-6.25,6.25,-6.0,6.0,52.666666666666664,54.0,oddsapi-snapshots-2025
2025-10-19,nyj,car,-2.5,2.5,1.0,-1.0,44.166666666666664,40.833333333333336,oddsapi-snapshots-2025
2025-12-15,pit,mia,-3.5,3.5,-3.0,3.0,41.666666666666664,42.333333333333336,oddsapi-snapshots-2025
2025-10-05,buf,ne,-10.0,10.0,-8.0,8.0,48.5,48.833333333333336,oddsapi-snapshots-2025
2025-09-21,ten,ind,2.1666666666666665,-2.1666666666666665,5.0,-5.0,42.5,43.5,oddsapi-snapshots-2025
2025-09-14,kc,phi,-2.71875,-0.75,1.09375,-1.7083333333333333,45.833333333333336,47.166666666666664,oddsapi-snapshots-2025
2025-10-05,phi,den,-5.5,5.5,-4.0,4.0,43.5,44.166666666666664,oddsapi-snapshots-2025
2025-09-29,mia,nyj,-3.0,-4.5,-2.5925925925925926,-4.5,44.166666666666664,44.166666666666664,oddsapi-snapshots-2025
2025-09-28,det,cle,-9.977272727272727,8.9,-10.0,10.1,46.833333333333336,44.5,oddsapi-snapshots-2025
2025-12-14,la,det,-4.5,4.5,-6.0,6.0,51.333333333333336,54.333333333333336,oddsapi-snapshots-2025
2026-01-04,buf,nyj,-11.5,11.5,-11.833333333333334,11.833333333333334,39.833333333333336,38.333333333333336,oddsapi-snapshots-2025
2025-09-15,lv,lac,3.0,-3.0,3.5,-3.5,44.5,46.5,oddsapi-snapshots-2025
2025-11-30,tb,ari,-5.333333333333333,5.333333333333333,-3.8333333333333335,3.8333333333333335,47.833333333333336,45.166666666666664,oddsapi-snapshots-2025
2025-12-14,ne,buf,-0.5,0.5,2.5,-2.5,48.166666666666664,49.5,oddsapi-snapshots-2025
2025-11-02,was,sea,3.1666666666666665,-3.1666666666666665,2.8333333333333335,-2.8333333333333335,46.0,48.0,oddsapi-snapshots-2025
2026-01-10,car,la,10.1,-10.1,10.133333333333333,-10.133333333333333,46.5,45.0,oddsapi-snapshots-2025
2025-10-02,la,sf,-3.0,3.0,-8.833333333333334,8.833333333333334,47.0,43.666666666666664,oddsapi-snapshots-2025
2025-09-21,ne,pit,1.0,-1.0,1.25,-1.25,42.5,44.0,oddsapi-snapshots-2025
2026-01-03,sf,sea,-4.5,4.5,2.5,-2.5,49.166666666666664,47.5,oddsapi-snapshots-2025
2025-12-07,buf,cin,-6.1,5.5,-6.0,6.0,51.666666666666664,55.0,oddsapi-snapshots-2025
2025-09-08,chi,min,2.0,-2.0,0.3333333333333333,-0.3333333333333333,44.333333333333336,43.333333333333336,oddsapi-snapshots-2025
2025-12-07,nyj,mia,3.0,-3.0,2.5,-2.5,41.666666666666664,41.5,oddsapi-snapshots-2025
2025-11-23,chi,pit,-2.5,2.5,-2.5,2.5,45.0,46.333333333333336,oddsapi-snapshots-2025
2025-11-16,cle,bal,8.166666666666666,-8.166666666666666,7.5,-7.5,41.833333333333336,38.0,oddsapi-snapshots-2025
2025-09-14,nyj,buf,8.166666666666666,-8.166666666666666,6.0,-6.0,44.5,47.5,oddsapi-snapshots-2025
2025-11-20,hou,buf,2.8333333333333335,-2.8333333333333335,5.5,-5.5,43.166666666666664,44.5,oddsapi-snapshots-2025
2025-12-14,kc,lac,-4.333333333333333,4.333333333333333,-6.0,6.0,43.833333333333336,41.5,oddsapi-snapshots-2025
2025-11-02,det,min,-8.166666666666666,8.166666666666666,-9.5,9.5,48.5,47.5,oddsapi-snapshots-2025
2025-12-21,car,tb,2.42,-2.42,2.9,-2.9,45.0,44.5,oddsapi-snapshots-2025
2025-11-02,lv,jax,3.0,-3.0,1.6666666666666667,-1.6666666666666667,43.833333333333336,44.0,oddsapi-snapshots-2025
2025-09-28,buf,no,-15.5,15.5,-14.833333333333334,14.833333333333334,47.833333333333336,47.833333333333336,oddsapi-snapshots-2025
2026-01-04,ne,mia,-10.166666666666666,10.166666666666666,-13.666666666666666,13.666666666666666,45.5,45.5,oddsapi-snapshots-2025
2026-01-11,ne,lac,-3.6666666666666665,3.6666666666666665,-3.5,3.5,45.666666666666664,45.166666666666664,oddsapi-snapshots-2025
2026-01-04,nyg,dal,5.166666666666667,-5.166666666666667,3.0,-3.0,52.166666666666664,49.833333333333336,oddsapi-snapshots-2025
2025-12-07,lv,den,7.833333333333333,-7.833333333333333,8.333333333333334,-8.333333333333334,39.833333333333336,40.5,oddsapi-snapshots-2025
2025-12-28,ten,no,2.5,-1.9423076923076923,1.5,-0.8653846153846154,38.666666666666664,38.5,oddsapi-snapshots-2025
2025-09-28,la,ind,-4.833333333333333,4.833333333333333,-3.5,3.5,46.666666666666664,49.666666666666664,oddsapi-snapshots-2025
2025-09-28,nyg,lac,9.5,-9.5,9.5,-9.5,45.5,43.666666666666664,oddsapi-snapshots-2025
2026-01-04,cin,cle,-7.0,7.0,-9.666666666666666,9.666666666666666,44.833333333333336,47.5,oddsapi-snapshots-2025
2025-09-07,la,hou,-3.0,3.0,-3.0,3.0,44.0,43.166666666666664,oddsapi-snapshots-2025
2025-10-12,car,dal,3.5,-3.5,3.0,-3.0,47.5,48.5,oddsapi-snapshots-2025
2025-12-28,lv,nyg,2.3,2.5,3.0,-3.0,42.666666666666664,40.166666666666664,oddsapi-snapshots-2025
2025-12-25,was,dal,4.166666666666667,-4.166666666666667,9.666666666666666,-9.666666666666666,50.833333333333336,50.5,oddsapi-snapshots-2025
2025-09-28,dal,gb,4.833333333333333,-4.833333333333333,6.5,-6.5,49.0,46.333333333333336,oddsapi-snapshots-2025
2026-01-04,lv,kc,6.166666666666667,-6.166666666666667,4.166666666666667,-4.166666666666667,35.833333333333336,36.166666666666664,oddsapi-snapshots-2025
2025-11-27,dal,kc,3.5,-3.5,3.3333333333333335,-3.3333333333333335,51.5,53.333333333333336,oddsapi-snapshots-2025
2025-09-07,buf,bal,0.3333333333333333,-0.3333333333333333,1.0,-1.0,50.5,50.5,oddsapi-snapshots-2025
2025-10-05,nyj,dal,1.5,-1.5,1.1666666666666667,-1.1666666666666667,46.5,48.333333333333336,oddsapi-snapshots-2025
2025-10-12,ind,ari,-3.6666666666666665,3.6666666666666665,-9.666666666666666,9.666666666666666,47.5,46.333333333333336,oddsapi-snapshots-2025
2025-10-09,nyg,phi,7.0,-7.0,7.5,-7.5,42.833333333333336,40.5,oddsapi-snapshots-2025
2025-09-14,ind,den,3.1666666666666665,-3.1666666666666665,1.5,-1.5,44.5,43.0,oddsapi-snapshots-2025
2025-09-07,cle,cin,5.166666666666667,-5.166666666666667,5.0,-5.0,47.5,47.833333333333336,oddsapi-snapshots-2025
2025-11-23,ari,jax,0.8333333333333334,-0.8333333333333334,2.5,-2.5,46.833333333333336,47.0,oddsapi-snapshots-2025
2025-10-12,nyj,den,6.5,-6.5,7.0,-7.0,43.333333333333336,43.5,oddsapi-snapshots-2025
2025-11-30,mia,no,-5.0,5.0,-5.0,5.0,42.333333333333336,41.666666666666664,oddsapi-snapshots-2025
2025-10-12,jax,sea,-1.065217391304348,1.065217391304348,0.8695652173913043,-0.8695652173913043,44.833333333333336,47.5,oddsapi-snapshots-2025
2025-12-28,cle,pit,4.666666666666667,-4.666666666666667,4.166666666666667,-4.166666666666667,35.166666666666664,34.833333333333336,oddsapi-snapshots-2025
2025-11-16,la,sea,-2.8333333333333335,2.8333333333333335,-3.1666666666666665,3.1666666666666665,47.833333333333336,48.5,oddsapi-snapshots-2025
2025-10-05,cin,det,7.5,-7.5,10.333333333333334,-10.333333333333334,49.5,49.5,oddsapi-snapshots-2025
2025-12-29,atl,la,3.0,-8.1,7.0,-7.5,48.833333333333336,48.833333333333336,oddsapi-snapshots-2025
2026-01-17,den,buf,1.5,-1.5,-1.0,1.0,47.0,45.666666666666664,oddsapi-snapshots-2025
2025-09-14,cin,jax,-5.833333333333333,5.833333333333333,-3.5,3.5,49.5,49.5,oddsapi-snapshots-2025
2025-09-21,nyg,kc,5.666666666666667,-5.666666666666667,6.0,-6.0,42.833333333333336,44.5,oddsapi-snapshots-2025
2025-09-21,min,cin,-1.5,1.5,-3.0,3.0,47.5,41.5,oddsapi-snapshots-2025
2025-10-19,cle,mia,-2.5,2.5,-2.5,2.5,41.5,34.5,oddsapi-snapshots-2025
2025-12-07,atl,sea,7.666666666666667,-7.666666666666667,6.5,-6.5,43.5,44.833333333333336,oddsapi-snapshots-2025
2025-09-04,phi,dal,-8.166666666666666,8.166666666666666,-8.0,8.0,47.5,48.0,oddsapi-snapshots-2025
2026-01-25,den,ne,5.833333333333333,-5.833333333333333,3.5,-3.5,41.166666666666664,42.833333333333336,oddsapi-snapshots-2025
2025-10-12,no,ne,3.5,-3.5,3.5,-3.5,45.0,46.0,oddsapi-snapshots-2025
2025-11-03,dal,ari,-3.3333333333333335,3.3333333333333335,-3.3333333333333335,3.3333333333333335,52.0,54.0,oddsapi-snapshots-2025
2025-12-14,no,car,2.5,-2.5,2.5,-2.5,39.0,41.666666666666664,oddsapi-snapshots-2025
2026-01-11,jax,buf,1.1666666666666667,-1.1666666666666667,-1.5,1.5,51.666666666666664,51.0,oddsapi-snapshots-2025
2026-01-04,pit,bal,3.3333333333333335,-3.3333333333333335,3.5,-3.5,42.833333333333336,41.666666666666664,oddsapi-snapshots-2025
2025-12-14,sea,ind,-5.833333333333333,5.833333333333333,-13.666666666666666,13.666666666666666,45.166666666666664,41.5,oddsapi-snapshots-2025
2025-10-19,ten,ne,6.148148148148148,-6.5,6.851851851851852,-6.5,43.333333333333336,42.333333333333336,oddsapi-snapshots-2025
2025-09-28,ne,car,-5.333333333333333,5.333333333333333,-5.5,5.5,44.666666666666664,42.833333333333336,oddsapi-snapshots-2025
2025-12-07,cle,ten,-3.6666666666666665,3.6666666666666665,-3.5,3.5,34.166666666666664,33.0,oddsapi-snapshots-2025
2025-12-28,ind,jax,6.666666666666667,-6.666666666666667,4.166666666666667,-4.166666666666667,47.0,48.666666666666664,oddsapi-snapshots-2025
2025-11-30,ind,hou,-4.166666666666667,4.166666666666667,-3.0,3.0,46.0,44.333333333333336,oddsapi-snapshots-2025
2025-10-26,pit,gb,3.0,-3.0,3.0,-3.0,43.666666666666664,45.5,oddsapi-snapshots-2025
2025-11-16,ten,hou,7.166666666666667,-7.166666666666667,5.333333333333333,-5.333333333333333,38.333333333333336,37.0,oddsapi-snapshots-2025
2025-11-27,det,gb,-3.0,3.0,-3.0,3.0,48.833333333333336,48.0,oddsapi-snapshots-2025
2025-10-19,dal,was,2.4583333333333335,-2.4583333333333335,-1.625,1.625,52.5,54.5,oddsapi-snapshots-2025
2025-10-05,car,mia,-0.3333333333333333,0.3333333333333333,1.0,-1.0,46.166666666666664,44.166666666666664,oddsapi-snapshots-2025
