player,gsis_id,pos,z,conservative_z,n_duels
Jordan Love,00-0036264,QB,1.373,0.504,429
Josh Allen,00-0034857,QB,1.34,0.49,455
Matthew Stafford,00-0026498,QB,1.218,0.37,458
Jared Goff,00-0033106,QB,0.967,0.111,446
Brock Purdy,00-0037834,QB,0.987,0.102,408
Patrick Mahomes,00-0033873,QB,0.912,0.055,446
Drake Maye,00-0039851,QB,0.852,-0.011,437
Dak Prescott,00-0033077,QB,0.804,-0.056,442
Joe Burrow,00-0036442,QB,0.803,-0.091,397
Lamar Jackson,00-0034796,QB,0.762,-0.117,417
Bo Nix,00-0039732,QB,0.724,-0.131,448
Trevor Lawrence,00-0036971,QB,0.644,-0.212,447
Caleb Williams,00-0039918,QB,0.618,-0.237,449
Sam Darnold,00-0034869,QB,0.619,-0.241,441
George Kittle,00-0033288,TE,0.253,-0.252,193
Jalen Hurts,00-0036389,QB,0.568,-0.288,447
Baker Mayfield,00-0034855,QB,0.493,-0.363,448
Daniel Jones,00-0035710,QB,0.497,-0.387,410
Mac Jones,00-0036972,QB,0.512,-0.397,379
Puka Nacua,00-0039075,WR,-0.002,-0.401,272
Jayden Daniels,00-0039910,QB,0.416,-0.502,369
Tucker Kraft,00-0038996,TE,0.069,-0.512,108
Kyler Murray,00-0035228,QB,0.386,-0.53,371
Alec Pierce,00-0037664,WR,-0.113,-0.583,153
Malik Willis,00-0038128,QB,0.67,-0.589,126
George Pickens,00-0037247,WR,-0.163,-0.589,217
Tua Tagovailoa,00-0036212,QB,0.287,-0.595,412
Sam LaPorta,00-0039065,TE,-0.063,-0.605,147
Derrick Henry,00-0032764,RB,0.551,-0.633,383
Amon-Ra St. Brown,00-0036963,WR,-0.239,-0.634,278
Justin Herbert,00-0036355,QB,0.218,-0.634,452
DeVonta Smith,00-0036912,WR,-0.217,-0.638,229
Jaxson Dart,00-0040691,QB,0.348,-0.64,298
C.J. Stroud,00-0039163,QB,0.219,-0.643,438
Dallas Goedert,00-0034351,TE,-0.137,-0.646,187
Stefon Diggs,00-0031588,WR,-0.25,-0.664,240
Travis Kelce,00-0030506,TE,-0.207,-0.671,255
Jaxon Smith-Njigba,00-0038543,WR,-0.261,-0.674,242
Dalton Kincaid,00-0038933,TE,-0.129,-0.679,139
Trey McBride,00-0037744,TE,-0.205,-0.679,238
Tee Higgins,00-0036410,WR,-0.259,-0.69,210
Jameson Williams,00-0037240,WR,-0.249,-0.706,170
Terry McLaurin,00-0035659,WR,-0.281,-0.712,211
Romeo Doubs,00-0037816,WR,-0.274,-0.728,174
Jahmyr Gibbs,00-0039139,RB,0.477,-0.731,361
Christian McCaffrey,00-0033280,RB,0.435,-0.74,391
A.J. Brown,00-0035676,WR,-0.331,-0.742,247
Mitchell Trubisky,00-0033869,QB,0.409,-0.751,175
Mack Hollins,00-0033555,WR,-0.281,-0.757,145
Nico Collins,00-0036554,WR,-0.336,-0.762,219
AJ Barner,00-0039793,TE,-0.174,-0.764,100
Marcus Mariota,00-0032268,QB,0.21,-0.771,304
Hunter Henry,00-0033090,TE,-0.274,-0.778,194
Jalen Coker,00-0039491,WR,-0.243,-0.781,81
Kalif Raymond,00-0032464,WR,-0.267,-0.783,102
Jaylen Waddle,00-0036613,WR,-0.35,-0.784,207
Tyreek Hill,00-0033040,WR,-0.357,-0.788,210
Zay Flowers,00-0039064,WR,-0.372,-0.805,208
Jameis Winston,00-0031503,QB,0.217,-0.805,268
Mark Andrews,00-0034753,TE,-0.307,-0.811,193
Adam Thielen,00-0030035,WR,-0.355,-0.813,170
Christian Watson,00-0038124,WR,-0.33,-0.818,131
Darren Waller,00-0031610,TE,-0.242,-0.819,113
Colston Loveland,00-0040126,TE,-0.227,-0.819,98
Chris Godwin Jr.,00-0033921,WR,-0.374,-0.82,187
Michael Penix Jr.,00-0039917,QB,0.203,-0.822,266
Jayden Reed,00-0039146,WR,-0.34,-0.829,130
Ty Johnson,00-0035537,RB,0.67,-0.84,177
Daniel Bellinger,00-0038115,TE,-0.202,-0.845,61
Kirk Cousins,00-0029604,QB,0.057,-0.848,384
Devaughn Vele,00-0039424,WR,-0.303,-0.851,73
Brenton Strange,00-0038935,TE,-0.26,-0.856,95
Ja'Marr Chase,00-0036900,WR,-0.469,-0.861,285
James Cook,00-0037248,RB,0.322,-0.866,380
Kyren Williams,00-0037840,RB,0.32,-0.871,376
Isaiah Likely,00-0037838,TE,-0.305,-0.887,108
Dalton Schultz,00-0034383,TE,-0.397,-0.889,211
Kayshon Boutte,00-0038608,WR,-0.382,-0.896,104
Pat Freiermuth,00-0036894,TE,-0.36,-0.898,151
Jacoby Brissett,00-0033119,QB,-0.015,-0.903,405
Mike Evans,00-0031408,WR,-0.483,-0.912,214
Brian Thomas Jr.,00-0039893,WR,-0.45,-0.916,158
Bijan Robinson,00-0038542,RB,0.269,-0.918,379
Bryce Young,00-0039150,QB,-0.053,-0.92,432
Rashee Rice,00-0039067,WR,-0.445,-0.924,141
Khalil Shakir,00-0037261,WR,-0.48,-0.925,187
Courtland Sutton,00-0034348,WR,-0.516,-0.93,242
Austin Hooper,00-0032392,TE,-0.365,-0.93,124
Juwan Johnson,00-0036040,TE,-0.407,-0.934,165
DK Metcalf,00-0035640,WR,-0.516,-0.938,227
Jonathan Taylor,00-0036223,RB,0.242,-0.941,383
Marvin Harrison Jr.,00-0039849,WR,-0.456,-0.944,131
Matthew Golden,00-0040667,WR,-0.388,-0.959,55
Cole Kmet,00-0036290,TE,-0.425,-0.963,151
Ryan Flournoy,00-0039410,WR,-0.408,-0.966,65
CeeDee Lamb,00-0036358,WR,-0.564,-0.967,262
Aaron Rodgers,00-0023459,QB,-0.114,-0.978,435
Josh Oliver,00-0035249,TE,-0.34,-0.983,61
De'Von Achane,00-0039040,RB,0.25,-0.988,337
DeMario Douglas,00-0038621,WR,-0.51,-0.99,140
Xavier Worthy,00-0039894,WR,-0.52,-0.992,151
Ladd McConkey,00-0039915,WR,-0.533,-0.996,161
Dawson Knox,00-0035689,TE,-0.444,-1.001,131
Chris Moore,00-0032398,WR,-0.449,-1.001,70
Jordan Addison,00-0038994,WR,-0.541,-1.001,166
Rashod Bateman,00-0036550,WR,-0.508,-1.002,124
Jonnu Smith,00-0033858,TE,-0.489,-1.01,172
Ricky Pearsall,00-0039916,WR,-0.475,-1.01,84
Jalen McMillan,00-0039855,WR,-0.443,-1.011,57
Calvin Ridley,00-0034837,WR,-0.559,-1.012,175
Tyler Shough,00-0040743,QB,0.003,-1.014,273
Jordan Whittington,00-0039751,WR,-0.436,-1.015,49
Demarcus Robinson,00-0032775,WR,-0.537,-1.018,140
Luther Burden III,00-0040735,WR,-0.475,-1.02,75
Darius Slayton,00-0035535,WR,-0.562,-1.023,166
Keenan Allen,00-0030279,WR,-0.614,-1.023,250
Tyler Higbee,00-0033110,TE,-0.476,-1.029,135
Kendrick Bourne,00-0033307,WR,-0.549,-1.033,136
Colby Parkinson,00-0036244,TE,-0.466,-1.035,119
Josh Palmer,00-0036988,WR,-0.549,-1.036,131
DJ Moore,00-0034827,WR,-0.628,-1.037,251
Zach Ertz,00-0030061,TE,-0.531,-1.039,189
Andrei Iosivas,00-0038619,WR,-0.523,-1.039,102
Mason Rudolph,00-0034771,QB,0.036,-1.039,228
Justin Fields,00-0036945,QB,-0.125,-1.043,369
Brock Bowers,00-0039338,TE,-0.513,-1.043,161
KaVontae Turpin,00-0037801,WR,-0.531,-1.044,104
Kareem Hunt,00-0033923,RB,0.228,-1.045,311
Keon Coleman,00-0039901,WR,-0.529,-1.046,100
Justin Watson,00-0034386,WR,-0.491,-1.047,66
Marvin Mims Jr.,00-0038976,WR,-0.556,-1.049,126
Darnell Washington,00-0038558,TE,-0.413,-1.052,64
T.J. Hockenson,00-0035229,TE,-0.541,-1.052,184
Tre Harris,00-0040727,WR,-0.468,-1.053,45
Gabe Davis,00-0036196,WR,-0.561,-1.058,121
Tim Patrick,00-0033375,WR,-0.524,-1.058,84
Jalen Nailor,00-0037291,WR,-0.531,-1.061,88
Chris Olave,00-0037239,WR,-0.635,-1.063,215
Jimmy Garoppolo,00-0031345,QB,0.075,-1.064,187
Nick Mullens,00-0033319,QB,0.214,-1.065,117
Parker Washington,00-0038606,WR,-0.586,-1.066,140
Tyler Huntley,00-0035993,QB,0.004,-1.067,231
Quentin Johnston,00-0038544,WR,-0.605,-1.071,158
Mecole Hardman,00-0035140,WR,-0.528,-1.074,74
Tyquan Thornton,00-0038104,WR,-0.518,-1.075,65
Will Dissly,00-0034159,TE,-0.471,-1.075,89
Drake London,00-0037238,WR,-0.653,-1.076,223
Ashton Dulin,00-0035021,WR,-0.476,-1.077,35
Tez Johnson,00-0040237,WR,-0.498,-1.079,48
Kyle Pitts,00-0036970,TE,-0.576,-1.08,194
Pat Bryant,00-0040134,WR,-0.504,-1.081,51
Davante Adams,00-0031381,WR,-0.683,-1.083,268
Oronde Gadsden II,00-0040189,TE,-0.449,-1.083,67
Brandin Cooks,00-0031236,WR,-0.628,-1.088,166
Mike Gesicki,00-0034829,TE,-0.548,-1.09,147
David Moore,00-0033589,WR,-0.527,-1.092,59
Jayden Higgins,00-0040130,WR,-0.548,-1.092,76
Rome Odunze,00-0039919,WR,-0.619,-1.095,146
Tetairoa McMillan,00-0040124,WR,-0.592,-1.096,113
Jauan Jennings,00-0036259,WR,-0.648,-1.097,182
Luke McCaffrey,00-0039355,WR,-0.492,-1.099,32
Tutu Atwell,00-0036849,WR,-0.581,-1.102,96
Grant Calcaterra,00-0037086,TE,-0.423,-1.105,37
DeAndre Hopkins,00-0030564,WR,-0.656,-1.106,181
Michael Wilson,00-0038559,WR,-0.646,-1.106,166
Kenneth Walker III,00-0038134,RB,0.11,-1.11,352
Nick Westbrook-Ikhine,00-0036182,WR,-0.592,-1.11,99
Foster Moreau,00-0034981,TE,-0.491,-1.114,75
Luke Musgrave,00-0039144,TE,-0.472,-1.115,61
Isaiah Hodgins,00-0036165,WR,-0.544,-1.119,52
Tyler Lockett,00-0032211,WR,-0.673,-1.119,186
Cooper Kupp,00-0033908,WR,-0.696,-1.12,222
Jalen Tolbert,00-0037666,WR,-0.599,-1.12,96
Dontayvion Wicks,00-0038393,WR,-0.62,-1.122,115
Jaylin Noel,00-0040138,WR,-0.533,-1.125,41
James Conner,00-0033553,RB,0.214,-1.125,266
David Montgomery,00-0035685,RB,0.133,-1.126,321
Tre Tucker,00-0038563,WR,-0.659,-1.128,154
Carson Wentz,00-0032950,QB,-0.108,-1.13,268
Allen Lazard,00-0034521,WR,-0.633,-1.132,118
Tyrod Taylor,00-0028118,QB,-0.082,-1.133,245
Malik Nabers,00-0039337,WR,-0.646,-1.133,131
Adam Trautman,00-0036422,TE,-0.508,-1.137,71
Robert Tonyan,00-0033757,TE,-0.474,-1.142,45
Olamide Zaccheaus,00-0035208,WR,-0.666,-1.143,144
Tyler Johnson,00-0036427,WR,-0.582,-1.146,61
Noah Brown,00-0033591,WR,-0.627,-1.147,96
Johnny Mundt,00-0033246,TE,-0.499,-1.15,56
Anthony Firkser,00-0033455,TE,-0.465,-1.15,35
Josh Whyle,00-0038589,TE,-0.471,-1.151,38
Jake Tonges,00-0037112,TE,-0.496,-1.153,52
KhaDarel Hodge,00-0034854,WR,-0.566,-1.153,44
Scott Miller,00-0035298,WR,-0.58,-1.153,54
Josh Downs,00-0038997,WR,-0.696,-1.154,168
Jake Ferguson,00-0038041,TE,-0.638,-1.155,177
Michael Pittman,00-0036252,WR,-0.738,-1.156,233
Stone Smartt,00-0037475,TE,-0.467,-1.158,32
Ben Skowronek,00-0036862,WR,-0.567,-1.16,40
Jakobi Meyers,00-0034960,WR,-0.744,-1.162,232
Darnell Mooney,00-0036309,WR,-0.714,-1.164,181
Elijah Higgins,00-0039041,TE,-0.519,-1.165,59
Devin Duvernay,00-0036331,WR,-0.597,-1.166,56
Josh Reynolds,00-0033943,WR,-0.657,-1.168,106
D'Andre Swift,00-0036275,RB,0.037,-1.17,362
Ja'Tavion Sanders,00-0039356,TE,-0.525,-1.17,59
Rachaad White,00-0037256,RB,0.11,-1.171,304
Justin Jefferson,00-0036322,WR,-0.768,-1.171,262
Davis Allen,00-0039074,TE,-0.51,-1.175,47
Lil'Jordan Humphrey,00-0035406,WR,-0.634,-1.182,73
Deebo Samuel Sr.,00-0035719,WR,-0.773,-1.185,246
Durham Smythe,00-0034798,TE,-0.542,-1.185,61
Tommy Tremble,00-0037005,TE,-0.581,-1.188,87
Mo Alie-Cox,00-0033217,TE,-0.559,-1.192,68
Tanner Hudson,00-0034613,TE,-0.564,-1.198,66
Cedrick Wilson Jr.,00-0034418,WR,-0.652,-1.201,72
Greg Dortch,00-0035500,WR,-0.69,-1.202,106
Russell Wilson,00-0029263,QB,-0.263,-1.203,345
John Bates,00-0036628,TE,-0.545,-1.203,51
Luke Schoonmaker,00-0038547,TE,-0.55,-1.207,52
Brock Wright,00-0036754,TE,-0.545,-1.207,49
Zay Jones,00-0033891,WR,-0.703,-1.211,109
Marquez Valdes-Scantling,00-0034272,WR,-0.721,-1.213,126
Jamal Agnew,00-0033572,WR,-0.62,-1.214,40
Hunter Renfrow,00-0034983,WR,-0.689,-1.216,91
Cade Otton,00-0038129,TE,-0.691,-1.217,165
JuJu Smith-Schuster,00-0033857,WR,-0.734,-1.218,135
Chig Okonkwo,00-0037809,TE,-0.681,-1.22,150
Greg Dulcich,00-0037252,TE,-0.579,-1.225,59
Marquise Brown,00-0035662,WR,-0.769,-1.226,171
Chase Brown,00-0038597,RB,0.025,-1.226,327
Van Jefferson,00-0036415,WR,-0.731,-1.226,122
DeAndre Carter,00-0031763,WR,-0.648,-1.228,49
Theo Johnson,00-0039847,TE,-0.633,-1.231,93
Curtis Samuel,00-0033282,WR,-0.755,-1.239,136
Joe Flacco,00-0026158,QB,-0.341,-1.239,392
Mason Taylor,00-0040736,TE,-0.597,-1.24,61
Kevin Austin Jr.,00-0037231,WR,-0.642,-1.24,37
Noah Gray,00-0036637,TE,-0.655,-1.243,102
Calvin Austin III,00-0037837,WR,-0.739,-1.249,108
Braxton Berrios,00-0034419,WR,-0.69,-1.254,60
Jaylen Warren,00-0037228,RB,0.014,-1.254,314
Xavier Gipson,00-0038496,WR,-0.652,-1.26,31
Dyami Brown,00-0036626,WR,-0.743,-1.264,96
Christian Kirk,00-0034775,WR,-0.811,-1.264,177
Isaiah Williams,00-0039451,WR,-0.674,-1.267,40
Jeremy Ruckert,00-0037805,TE,-0.618,-1.269,56
Anthony Richardson,00-0039164,QB,-0.165,-1.273,206
Tyler Warren,00-0040128,TE,-0.691,-1.274,107
Aidan O'Connell,00-0038579,QB,-0.208,-1.275,234
Ray Davis,00-0039875,RB,0.322,-1.277,142
Isaiah Bond,00-0040782,WR,-0.698,-1.282,46
Gunnar Helm,00-0040584,TE,-0.625,-1.283,52
Drew Sample,00-0035631,TE,-0.637,-1.283,59
Terrance Ferguson,00-0040737,TE,-0.591,-1.285,31
Malachi Corley,00-0039920,WR,-0.679,-1.287,31
David Sills,00-0035359,WR,-0.696,-1.288,41
Eric Saubert,00-0033576,TE,-0.596,-1.292,30
Samaje Perine,00-0033526,RB,0.152,-1.298,205
Justice Hill,00-0034975,RB,0.227,-1.298,171
Derius Davis,00-0038573,WR,-0.706,-1.301,39
Sterling Shepard,00-0032385,WR,-0.818,-1.303,135
Julian Hill,00-0038720,TE,-0.627,-1.308,38
Tyler Conklin,00-0034270,TE,-0.748,-1.311,125
Cade Stover,00-0039359,TE,-0.643,-1.314,44
Wan'Dale Robinson,00-0038117,WR,-0.898,-1.325,217
Garrett Wilson,00-0037740,WR,-0.895,-1.328,207
Taysom Hill,00-0033357,TE,-0.832,-1.328,205
Jaylin Lane,00-0040164,WR,-0.732,-1.339,31
Skyy Moore,00-0038090,WR,-0.756,-1.341,45
Noah Fant,00-0035644,TE,-0.792,-1.346,134
Emeka Egbuka,00-0040129,WR,-0.844,-1.346,115
Chimere Dike,00-0040705,WR,-0.804,-1.346,78
Philip Rivers,00-0022942,QB,-0.142,-1.349,150
Evan Engram,00-0033881,TE,-0.859,-1.36,198
Trent Sherfield,00-0034487,WR,-0.784,-1.364,48
Travis Etienne,00-0036973,RB,-0.156,-1.371,356
Rashid Shaheed,00-0037545,WR,-0.91,-1.373,162
Kenny Gainwell,00-0036919,RB,-0.042,-1.373,271
Ray-Ray McCloud,00-0034407,WR,-0.86,-1.374,104
Kylen Granson,00-0036876,TE,-0.738,-1.375,65
Geno Smith,00-0030565,QB,-0.511,-1.375,436
Troy Franklin,00-0039868,WR,-0.89,-1.379,131
Luke Farrell,00-0036887,TE,-0.702,-1.384,38
Jerry Jeudy,00-0036407,WR,-0.959,-1.384,220
Chris Rodriguez Jr.,00-0038611,RB,0.21,-1.392,141
Pharaoh Brown,00-0033439,TE,-0.708,-1.398,33
Blake Corum,00-0039738,RB,0.084,-1.403,187
Harrison Bryant,00-0036232,TE,-0.754,-1.404,57
J.K. Dobbins,00-0036158,RB,-0.067,-1.408,265
Malik Washington,00-0039880,WR,-0.89,-1.409,99
Harold Fannin Jr.,00-0040663,TE,-0.822,-1.41,102
Michael Mayer,00-0039066,TE,-0.799,-1.411,83
Treylon Burks,00-0037742,WR,-0.849,-1.413,61
Dante Pettis,00-0034860,WR,-0.838,-1.413,52
Cedric Tillman,00-0038979,WR,-0.894,-1.425,87
Ian Thomas,00-0034365,TE,-0.76,-1.427,46
David Njoku,00-0033885,TE,-0.908,-1.428,173
Xavier Legette,00-0039342,WR,-0.931,-1.433,115
Robbie Chosen,00-0032688,WR,-0.898,-1.443,76
Elic Ayomanor,00-0040170,WR,-0.905,-1.443,81
Josh Johnson,00-0026300,QB,-0.11,-1.446,95
Tyler Allgeier,00-0037263,RB,-0.121,-1.455,270
John Metchie III,00-0037614,WR,-0.927,-1.455,90
Zach Charbonnet,00-0039165,RB,-0.128,-1.457,273
Josh Jacobs,00-0035700,RB,-0.265,-1.46,373
Xavier Hutchinson,00-0038618,WR,-0.949,-1.466,101
Jalin Hyatt,00-0038938,WR,-0.882,-1.469,44
Rico Dowdle,00-0036139,RB,-0.214,-1.471,323
Saquon Barkley,00-0034844,RB,-0.308,-1.477,397
Parris Campbell,00-0035639,WR,-0.907,-1.48,54
Breece Hall,00-0038120,RB,-0.264,-1.488,348
Aaron Jones,00-0033293,RB,-0.248,-1.499,328
Cam Ward,00-0040676,QB,-0.572,-1.501,356
Mason Tipton,00-0039623,WR,-0.917,-1.515,37
Gardner Minshew,00-0035289,QB,-0.521,-1.532,277
Rhamondre Stevenson,00-0036875,RB,-0.292,-1.538,331
Jahan Dotson,00-0037741,WR,-1.032,-1.542,107
Teddy Bridgewater,00-0031237,QB,-0.294,-1.553,125
Davis Mills,00-0036898,QB,-0.526,-1.554,264
Najee Harris,00-0036893,RB,-0.216,-1.554,267
Tanner McKee,00-0038400,QB,-0.191,-1.581,76
Drew Lock,00-0035704,QB,-0.453,-1.59,188
Joshua Dobbs,00-0033949,QB,-0.48,-1.606,194
Bucky Irving,00-0039361,RB,-0.271,-1.606,269
Adonai Mitchell,00-0039890,WR,-1.098,-1.611,103
Jordan Mason,00-0037525,RB,-0.219,-1.612,235
Joe Milton III,00-0039398,QB,-0.141,-1.616,51
Devin Singletary,00-0035250,RB,-0.312,-1.625,283
Emanuel Wilson,00-0038797,RB,-0.148,-1.627,191
Javonte Williams,00-0036997,RB,-0.402,-1.631,344
Chuba Hubbard,00-0036555,RB,-0.389,-1.648,321
Brian Robinson,00-0037746,RB,-0.318,-1.651,270
J.J. McCarthy,00-0039923,QB,-0.586,-1.664,226
Jonathan Mingo,00-0039062,WR,-1.117,-1.67,68
Tyjae Spears,00-0039032,RB,-0.233,-1.673,210
Andy Dalton,00-0027973,QB,-0.608,-1.675,234
TreVeyon Henderson,00-0040734,RB,-0.226,-1.683,201
Elijah Moore,00-0036980,WR,-1.22,-1.694,148
Isaiah Davis,00-0039798,RB,0.064,-1.695,91
Jake Browning,00-0035100,QB,-0.591,-1.701,205
Jeremy McNichols,00-0033955,RB,-0.087,-1.716,131
Sean Tucker,00-0038951,RB,-0.099,-1.739,127
Spencer Rattler,00-0039376,QB,-0.764,-1.742,307
Tony Pollard,00-0035261,RB,-0.548,-1.755,362
Kenny Pickett,00-0038102,QB,-0.681,-1.756,228
Tank Bigsby,00-0038555,RB,-0.236,-1.756,173
Austin Ekeler,00-0033699,RB,-0.363,-1.761,232
Ameer Abdullah,00-0032104,RB,-0.171,-1.767,143
Tyrone Tracy Jr.,00-0039384,RB,-0.441,-1.779,267
RJ Harvey,00-0040730,RB,-0.31,-1.795,188
Audric Estimé,00-0039373,RB,-0.076,-1.797,102
Kyle Monangai,00-0040236,RB,-0.302,-1.798,183
Omarion Hampton,00-0040666,RB,-0.191,-1.805,137
Jacory Croskey-Merritt,00-0040242,RB,-0.249,-1.808,157
Tyson Bagent,00-0038416,QB,-0.428,-1.818,76
Michael Carter,00-0036924,RB,-0.386,-1.825,210
Keaton Mitchell,00-0038454,RB,-0.094,-1.828,98
Nick Chubb,00-0034791,RB,-0.488,-1.831,264
Isaac Guerendo,00-0039363,RB,0.026,-1.845,63
Hunter Luepke,00-0038738,RB,0.076,-1.846,52
Raheem Mostert,00-0031687,RB,-0.418,-1.862,208
Riley Leonard,00-0040206,QB,-0.48,-1.892,69
Quinn Ewers,00-0040234,QB,-0.565,-1.919,89
Antonio Gibson,00-0036328,RB,-0.476,-1.92,208
Jarrett Stidham,00-0035264,QB,-0.606,-1.925,101
AJ Dillon,00-0036265,RB,-0.371,-1.934,156
Jaleel McLaughlin,00-0038794,RB,-0.428,-1.975,162
Isiah Pacheco,00-0037197,RB,-0.661,-1.993,271
Clyde Edwards-Helaire,00-0036360,RB,-0.348,-1.997,124
Jerome Ford,00-0037267,RB,-0.552,-2.004,204
Bhayshul Tuten,00-0040719,RB,-0.255,-2.011,92
Roschon Johnson,00-0039021,RB,-0.286,-2.03,95
Cam Skattebo,00-0040715,RB,-0.376,-2.047,117
Cooper Rush,00-0033662,QB,-0.986,-2.05,237
Nyheim Hines,00-0034367,RB,-0.262,-2.099,71
Dillon Gabriel,00-0040704,QB,-0.943,-2.102,176
Chase Edmonds,00-0034681,RB,-0.388,-2.105,103
Kimani Vidal,00-0039391,RB,-0.61,-2.109,182
Woody Marks,00-0040583,RB,-0.668,-2.113,208
Kendre Miller,00-0038551,RB,-0.393,-2.13,97
Cam Akers,00-0036414,RB,-0.602,-2.137,167
Emari Demercado,00-0038705,RB,-0.5,-2.17,117
Khalil Herbert,00-0036906,RB,-0.598,-2.18,148
Kyle Allen,00-0034577,QB,-0.784,-2.181,74
Kyle Juszczyk,00-0029892,FB,0.323,-2.195,100
Alvin Kamara,00-0033906,RB,-0.967,-2.218,327
Chris Brooks,00-0038685,RB,-0.437,-2.228,83
Zach Wilson,00-0037013,QB,-1.119,-2.239,199
Ty Chandler,00-0037276,RB,-0.557,-2.259,108
Shedeur Sanders,00-0040668,QB,-1.148,-2.266,199
Malik Davis,00-0037563,RB,-0.416,-2.271,67
Jaret Patterson,00-0036755,RB,-0.414,-2.282,64
Raheim Sanders,00-0040466,RB,-0.283,-2.32,30
Dylan Sampson,00-0040162,RB,-0.607,-2.354,94
Trey Benson,00-0039921,RB,-0.572,-2.358,84
Bam Knight,00-0037157,RB,-0.725,-2.365,127
Quinshon Judkins,00-0040784,RB,-0.923,-2.368,207
Braelon Allen,00-0039794,RB,-0.622,-2.377,92
Terrell Jennings,00-0039757,RB,-0.362,-2.384,32
Ronnie Rivers,00-0037557,RB,-0.47,-2.388,53
DeeJay Dallas,00-0036425,RB,-0.493,-2.395,56
Miles Sanders,00-0035243,RB,-0.951,-2.408,202
Tyler Goodson,00-0037120,RB,-0.507,-2.43,51
Hassan Haskins,00-0037617,RB,-0.53,-2.431,56
D'Ernest Johnson,00-0035628,RB,-0.687,-2.432,95
Brett Rypien,00-0034955,QB,-0.972,-2.434,54
Elijah Mitchell,00-0036567,RB,-0.716,-2.448,98
Craig Reynolds,00-0035567,RB,-0.613,-2.464,68
Trey Lance,00-0037012,QB,-1.225,-2.475,130
Brashard Smith,00-0040078,RB,-0.659,-2.489,73
Tyler Badie,00-0037085,RB,-0.562,-2.49,51
Dameon Pierce,00-0037258,RB,-0.919,-2.493,151
Devin Neal,00-0040202,RB,-0.68,-2.52,70
Trey Sermon,00-0036984,RB,-0.731,-2.557,74
Travis Homer,00-0035594,RB,-0.586,-2.583,37
Jaylen Wright,00-0039874,RB,-0.943,-2.625,114
Ollie Gordon II,00-0040198,RB,-0.815,-2.645,73
Connor Heyward,00-0037304,FB,0.186,-2.653,46
Myles Gaskin,00-0035311,RB,-0.835,-2.668,72
Jawhar Jordan,00-0039405,RB,-0.762,-2.707,47
Will Shipley,00-0039746,RB,-0.785,-2.715,50
Trayveon Williams,00-0035291,RB,-0.747,-2.727,40
LeQuint Allen Jr.,00-0040238,RB,-0.722,-2.732,34
Brady Cook,00-0040398,QB,-1.536,-2.733,155
Jaydon Blue,00-0040586,RB,-0.744,-2.739,37
Zavier Scott,00-0038440,RB,-0.791,-2.744,45
Ashton Jeanty,00-0040122,RB,-1.414,-2.786,246
Brandon Allen,00-0032434,QB,-1.475,-2.838,85
George Holani,00-0039299,RB,-0.884,-2.891,35
Chris Oladokun,00-0037324,QB,-1.529,-2.959,63
Julius Chestnut,00-0037594,RB,-0.945,-2.964,33
Dare Ogunbowale,00-0033854,RB,-1.278,-2.986,106
Clayton Tune,00-0038582,QB,-1.754,-3.254,44
Zamir White,00-0038040,RB,-1.603,-3.292,111
Max Brosmer,00-0040494,QB,-1.929,-3.309,79
C.J. Ham,00-0032918,FB,-0.388,-3.321,34
Alec Ingold,00-0035125,FB,-0.606,-3.413,51
