player,gsis_id,bucket,rating_0_100,tier,n_eff
Will Anderson Jr.,00-0039108,DL,92.9,S,2000
Kyren Williams,00-0037840,RB,91.5,S,2620
Azeez Al-Shaair,00-0035166,LB,89.6,S,4265
Dawson Knox,00-0035689,TE,88.4,S,4990
Ja'Marr Chase,00-0036900,WR,86.8,S,4866
Davante Adams,00-0031381,WR,86.6,S,8584
Christian McCaffrey,00-0033280,RB,86.4,S,6067
Danielle Hunter,00-0031565,DL,85.4,S,7028
Calen Bullock,00-0039838,DB,85.1,S,2077
Leonard Williams,00-0031933,DL,84.6,S,7900
Derek Stingley Jr.,00-0037237,DB,84.6,S,3384
Kamari Lassiter,00-0039343,DB,83.6,S,1875
Ernest Jones,00-0036994,LB,82.9,S,4067
Dion Dawkins,00-0033904,OL,82.7,S,9498
Nick Bosa,00-0035717,DL,82.4,S,4467
Tee Higgins,00-0036410,WR,82.3,S,4447
Chris Jones,00-0032762,DL,82.0,S,7727
Puka Nacua,00-0039075,WR,81.4,S,2435
Stefon Diggs,00-0031588,WR,81.0,S,8320
Kevin Dotson,00-0036339,OL,81.0,S,4895
Grant Delpit,00-0036282,DB,80.9,S,4153
Josh Jacobs,00-0035700,RB,80.6,S,4266
Derrick Henry,00-0032764,RB,80.2,S,5332
Joey Bosa,00-0033156,DL,80.0,S,5438
Christian Watson,00-0038124,WR,80.0,S,1944
Joe Thuney,00-0032391,OL,79.8,S,11889
Myles Garrett,00-0033868,LB,79.7,S,6769
Spencer Brown,00-0036976,OL,79.7,S,4942
Connor McGovern,00-0035679,OL,79.4,S,5421
O'Cyrus Torrence,00-0038548,OL,79.4,S,3571
Patrick Ricard,00-0033376,RB,78.9,S,3637
Orlando Brown,00-0034752,OL,78.7,S,8182
Carlton Davis III,00-0034778,DB,78.5,S,6802
Jonathan Taylor,00-0036223,RB,78.4,S,3624
Josh Jobe,00-0037137,DB,78.1,S,1536
Javon Hargrave,00-0033109,DL,77.9,S,5557
Tyreek Hill,00-0033040,WR,77.9,S,7449
Trent Williams,00-0027857,OL,77.8,S,7667
Denzel Ward,00-0034856,DB,77.8,S,5855
Jake Ferguson,00-0038041,TE,77.8,S,2674
Mike Evans,00-0031408,WR,77.7,S,8306
Travis Kelce,00-0030506,TE,77.5,S,9822
Jalen Pitre,00-0037246,DB,77.2,S,3470
Tremaine Edmunds,00-0034673,LB,77.0,S,7509
Andrei Iosivas,00-0038619,WR,76.7,S,1898
Devon Witherspoon,00-0039169,DB,76.6,S,2734
Romeo Doubs,00-0037816,WR,76.3,S,2831
Harrison Smith,00-0029606,DB,76.1,S,9665
Aidan Hutchinson,00-0037236,DL,76.0,S,3186
Henry To'oTo'o,00-0038599,LB,75.9,S,2213
Quinnen Williams,00-0035718,DL,75.7,S,4691
Montez Sweat,00-0035647,DL,75.7,S,4717
George Kittle,00-0033288,TE,75.5,S,7065
C.J. Gardner-Johnson,00-0035253,DB,75.5,S,5054
Patrick Mekari,00-0035112,OL,75.4,S,4735
Rasheed Walker,00-0037196,OL,75.4,S,2996
Arik Armstead,00-0032164,DL,75.3,S,5912
Jarran Reed,00-0032387,DL,75.3,S,6598
Darious Williams,00-0034203,DB,75.2,S,5559
Robert Spillane,00-0034720,LB,75.1,S,4311
Brandon Graham,00-0027865,DL,75.0,S,5180
Riley Moss,00-0038552,DB,75.0,S,2033
CeeDee Lamb,00-0036358,WR,74.9,S,5155
Jamel Dean,00-0035699,DB,74.7,S,4983
Ted Karras,00-0032445,OL,74.5,S,7628
Chris Godwin Jr.,00-0033921,WR,74.5,S,6319
Justin Reid,00-0034361,DB,74.5,S,7796
Zach Bako-Bewele,00-0037817,OL,74.5,S,3201
Jared Verse,00-0039852,DL,74.5,S,1852
Hunter Henry,00-0033090,TE,74.4,S,6475
D.J. Wonnum,00-0036335,DL,74.4,S,3839
Colton McKivitz,00-0036256,OL,74.4,S,3772
Andrew Van Ginkel,00-0035272,LB,74.3,S,3876
George Karlaftis,00-0037192,DL,74.2,S,3379
Kyle Juszczyk,00-0029892,RB,74.1,S,5196
Darius Slay,00-0030062,DB,74.0,S,8484
Jake Brendel,00-0032701,OL,74.0,S,4602
Samaje Perine,00-0033526,RB,74.0,S,2337
Adam Thielen,00-0030035,WR,73.9,S,7742
John Franklin-Myers,00-0034805,DL,73.9,S,3729
Tre'von Moehrig,00-0036962,DB,73.9,S,5079
T.J. Watt,00-0033886,LB,73.8,S,7289
Demario Davis,00-0029607,LB,73.7,S,9914
D.J. Jones,00-0033297,DL,73.7,S,3698
Alaric Jackson,00-0036603,OL,73.7,S,3587
Derrick Brown,00-0036220,DL,73.6,S,3885
Elgton Jenkins,00-0035526,OL,73.5,S,5983
Alex Singleton,00-0031898,LB,73.5,S,4476
Mark Andrews,00-0034753,TE,73.4,S,5016
Nnamdi Madubuike,00-0036130,DL,73.4,S,3114
Byron Murphy II,00-0039309,DL,73.4,S,1285
Jakobi Meyers,00-0034960,WR,73.3,S,5206
DeMarcus Lawrence,00-0031411,LB,73.1,S,5605
Colby Parkinson,00-0036244,TE,73.1,S,2487
Trey Smith,00-0036660,OL,73.0,S,5574
James Conner,00-0033553,RB,72.8,S,4009
Julian Love,00-0034974,DB,72.8,S,5253
Cole Kmet,00-0036290,TE,72.6,S,5026
Denico Autry,00-0031254,DL,72.5,S,5599
Blake Cashman,00-0035276,LB,72.5,S,2938
Jauan Jennings,00-0036259,WR,72.5,S,2899
Fred Warner,00-0034815,LB,72.4,S,7671
Nick Bolton,00-0036621,LB,72.3,S,4653
Talanoa Hufanga,00-0036564,DB,72.3,S,3529
Matt Milano,00-0033571,LB,72.2,S,5667
Byron Murphy,00-0035236,DB,72.2,S,6235
Tyler Higbee,00-0033110,TE,72.1,S,6723
Alex Anzalone,00-0033914,LB,72.1,S,5803
Jake Matthews,00-0031279,OL,72.0,S,10413
Kendrick Bourne,00-0033307,WR,72.0,S,4371
Ed Oliver,00-0035230,DL,72.0,S,4011
Coleman Shelton,00-0034114,OL,72.0,S,4351
Kyle Hamilton,00-0038038,DB,72.0,S,3616
Reed Blankenship,00-0037130,DB,72.0,S,3281
Tucker Kraft,00-0038996,TE,72.0,S,2045
Chase Young,00-0036321,DL,71.8,S,3407
Malcolm Roach,00-0035763,DL,71.8,S,1917
Jonathan Greenard,00-0036224,LB,71.7,S,3015
Zack Baun,00-0036418,LB,71.7,S,2827
Jalen Ramsey,00-0033055,DB,71.6,S,9756
Josh Allen,00-0034857,QB,71.6,S,8587
Leonard Floyd,00-0033072,DL,71.5,S,7283
DJ Moore,00-0034827,WR,71.5,S,7314
DK Metcalf,00-0035640,WR,71.5,S,6006
Terence Steele,00-0036036,OL,71.5,S,5925
Jessie Bates,00-0034675,DB,71.4,S,8497
Nick Chubb,00-0034791,RB,71.4,S,3213
Jordan Love,00-0036264,QB,71.4,S,3081
Cameron Heyward,00-0027969,DL,71.3,S,7391
Javonte Williams,00-0036997,RB,71.3,S,2415
Trent McDuffie,00-0037191,DB,71.3,S,3801
Tyler Smith,00-0037243,OL,71.3,S,4192
Carl Granderson,00-0035402,DL,71.1,S,3633
Jeffery Simmons,00-0035643,DL,71.1,S,5075
Pat Surtain II,00-0036874,DB,71.0,S,4871
Amon-Ra St. Brown,00-0036963,WR,71.0,S,4669
Kevin Byard,00-0033132,DB,70.9,S,10551
Morgan Moses,00-0031330,OL,70.9,S,9438
Jaylon Johnson,00-0036292,DB,70.8,S,4455
Lane Johnson,00-0030561,OL,70.6,S,8080
Lavonte David,00-0029562,LB,70.6,S,9992
Jaylen Waddle,00-0036613,WR,70.6,S,3738
Divine Deablo,00-0036990,LB,70.6,S,2826
Demarcus Robinson,00-0032775,WR,70.5,S,5834
Devin Singletary,00-0035250,RB,70.5,S,4113
Christian Rozeboom,00-0035942,LB,70.5,S,2299
Roquan Smith,00-0034874,LB,70.3,S,7578
Jawaan Taylor,00-0035237,OL,70.3,S,7366
Kam Curl,00-0036349,DB,70.3,S,5669
Ronnie Stanley,00-0032965,OL,70.2,S,7549
Harold Landry III,00-0034828,LB,70.2,S,6036
Jonathon Cooper,00-0036952,LB,70.1,S,3195
Moro Ojomo,00-0038412,DL,70.1,S,1259
Andrew Wylie,00-0033831,OL,70.0,S,6768
James Cook,00-0037248,RB,70.0,S,2243
Dallas Goedert,00-0034351,TE,69.9,S,5842
Terry McLaurin,00-0035659,WR,69.9,S,6033
Greg Rousseau,00-0036914,LB,69.9,S,3236
Sauce Gardner,00-0037190,DB,69.9,S,3478
Brock Purdy,00-0037834,QB,69.9,S,3127
Chris Lindstrom,00-0035630,OL,69.8,S,6420
Creed Humphrey,00-0036623,OL,69.8,S,6089
Jaylen Watson,00-0037195,DB,69.8,S,2495
Kevin Zeitler,00-0029592,OL,69.7,S,9969
Kenny Moore II,00-0033393,DB,69.7,S,7344
Deebo Samuel Sr.,00-0035719,WR,69.7,A,4894
Maxx Crosby,00-0034973,DL,69.6,A,6092
Khalil Mack,00-0031040,LB,69.5,A,7538
Grady Jarrett,00-0031583,DL,69.5,A,7110
Jonathan Allen,00-0033523,DL,69.4,A,5905
Rhamondre Stevenson,00-0036875,RB,69.4,A,2624
Khalil Shakir,00-0037261,WR,69.4,A,2289
Matthew Stafford,00-0026498,QB,69.3,S,9529
Dre Greenlaw,00-0034982,LB,69.3,A,4067
Drew Dalman,00-0036957,OL,69.3,S,3738
Tristan Wirfs,00-0036406,OL,69.2,A,6232
Tre'Davious White,00-0033884,DB,69.1,S,6395
Aaron Jones,00-0033293,RB,69.1,A,4546
Patrick Queen,00-0036323,LB,69.1,A,6108
Charvarius Ward,00-0034573,DB,69.0,S,6476
Nik Bonitto,00-0037249,LB,69.0,A,2277
Cooper Kupp,00-0033908,WR,68.9,A,6974
Derwin James,00-0034790,DB,68.9,S,6001
Aaron Banks,00-0036551,OL,68.9,A,3569
Spencer Burford,00-0037829,OL,68.9,A,2280
Rob Havenstein,00-0032242,OL,68.8,A,9086
Preston Smith,00-0031935,DL,68.8,A,7008
Jaylen Warren,00-0037228,RB,68.7,A,1782
Quentin Lake,00-0037841,DB,68.7,S,2479
Kobie Turner,00-0039138,DL,68.6,A,2395
Drake Maye,00-0039851,QB,68.5,S,1867
Dak Prescott,00-0033077,QB,68.4,S,9204
Shelby Harris,00-0031270,DL,68.4,A,4398
Za'Darius Smith,00-0031576,DL,68.3,A,5627
Dalton Schultz,00-0034383,TE,68.3,S,5783
Derick Hall,00-0039047,LB,68.3,A,1421
DeForest Buckner,00-0032378,DL,68.2,A,7646
B.J. Hill,00-0034800,DL,68.2,A,5068
Mike Gesicki,00-0034829,TE,68.2,S,4177
P.J. Locke,00-0035227,DB,68.2,A,1949
DeVonta Smith,00-0036912,WR,68.2,A,5128
Quinyon Mitchell,00-0039888,DB,68.2,A,2091
Taylor Decker,00-0032381,OL,68.1,A,8929
Zach Ertz,00-0030061,TE,68.0,A,7345
Maliek Collins,00-0033131,DL,68.0,A,6115
K'Lavon Chaisson,00-0036286,LB,68.0,A,2548
Alex Highsmith,00-0036333,LB,67.9,A,4333
Michael Pittman,00-0036252,WR,67.8,A,5370
Deommodore Lenoir,00-0036563,DB,67.8,A,4386
Chase Brown,00-0038597,RB,67.8,A,1426
Budda Baker,00-0033890,DB,67.7,A,8024
Christian Benford,00-0037288,DB,67.7,A,3010
Sean Rhyan,00-0037076,OL,67.7,A,2013
Sheldon Rankins,00-0032759,DL,67.6,A,5257
D'Andre Swift,00-0036275,RB,67.6,A,3298
Chuba Hubbard,00-0036555,RB,67.6,A,2489
David Edwards,00-0035668,OL,67.5,A,5555
Derrick Barnes,00-0036964,LB,67.5,A,2497
Charlie Woerner,00-0036429,TE,67.4,A,1864
Isaiah Likely,00-0037838,TE,67.4,A,2107
Kyler Gordon,00-0038111,DB,67.4,A,2320
Lamar Jackson,00-0034796,QB,67.3,S,6958
D.J. Reed,00-0034384,DB,67.3,A,5384
Kyle Dugger,00-0036231,DB,67.3,A,4448
Andrew Thomas,00-0036386,OL,67.3,A,4479
Xavier McKinney,00-0036388,DB,67.3,A,5157
Alim McNeill,00-0036624,DL,67.3,A,2838
Steve Avila,00-0039058,OL,67.3,A,2812
Braden Fiske,00-0039734,DL,67.3,A,1302
Joe Burrow,00-0036442,QB,67.2,A,5179
Noah Gray,00-0036637,TE,67.2,A,2848
Milton Williams,00-0036916,DL,67.1,A,2592
Jared Goff,00-0033106,QB,67.0,A,10076
Minkah Fitzpatrick,00-0034789,DB,67.0,A,7363
Jonah Jackson,00-0036258,OL,67.0,A,5075
Darnell Mooney,00-0036309,WR,67.0,A,4708
L'Jarius Sneed,00-0036374,DB,67.0,A,4555
Zay Flowers,00-0039064,WR,67.0,A,2582
George Pickens,00-0037247,WR,66.9,A,3465
Cade Otton,00-0038129,TE,66.9,A,3723
Cooper DeJean,00-0039841,DB,66.9,A,1879
Josh Sweat,00-0034381,LB,66.8,A,4204
Patrick Mahomes,00-0033873,QB,66.7,A,9136
Jaycee Horn,00-0036944,DB,66.7,A,3089
Byron Young,00-0039137,LB,66.7,A,2766
Trey Hendrickson,00-0033935,LB,66.6,A,4778
Olamide Zaccheaus,00-0035208,WR,66.6,A,3356
Tyler Biadasz,00-0036376,OL,66.6,A,5789
Damien Lewis,00-0036417,OL,66.6,A,5411
Coby Bryant,00-0038136,DB,66.6,A,2722
Zach Allen,00-0035248,DL,66.5,A,4604
Jon Runyan,00-0036246,OL,66.5,A,4960
Isaiah Rodgers,00-0036222,DB,66.4,A,2289
Boye Mafe,00-0038133,DL,66.3,A,2358
Cody Mauch,00-0039157,OL,66.3,A,2407
Christian Kirk,00-0034775,WR,66.2,A,5344
Dexter Lawrence,00-0035683,DL,66.2,A,4838
Myles Bryant,00-0036087,DB,66.2,A,2524
Tutu Atwell,00-0036849,WR,66.2,A,1554
Nick Allegretti,00-0035149,OL,66.1,A,2958
Trevor Lawrence,00-0036971,QB,66.1,A,4806
Tyler Linderbaum,00-0037825,OL,66.1,A,4188
Trey McBride,00-0037744,TE,66.1,A,3155
Marlon Humphrey,00-0033281,DB,66.0,A,7332
Jalen Hurts,00-0036389,QB,66.0,A,5670
Christian Barmore,00-0036981,DL,66.0,A,2541
Mack Hollins,00-0033555,WR,65.9,A,4131
Sam Darnold,00-0034869,QB,65.9,A,5704
Will Dissly,00-0034159,TE,65.9,A,3029
Rashan Gary,00-0034967,LB,65.9,A,3731
Tony Pollard,00-0035261,RB,65.9,A,3636
Evan Engram,00-0033881,TE,65.8,A,5764
Travis Etienne,00-0036973,RB,65.8,A,2688
Bud Dupree,00-0032146,LB,65.7,A,6039
Tyler Lockett,00-0032211,WR,65.6,A,7648
Gabe Davis,00-0036196,WR,65.6,A,4016
Kyle Pitts,00-0036970,TE,65.6,A,3407
Bijan Robinson,00-0038542,RB,65.6,A,2374
Camryn Bynum,00-0036629,DB,65.5,A,4487
Marquez Valdes-Scantling,00-0034272,WR,65.4,A,4837
Braden Smith,00-0034836,OL,65.4,A,6497
Zaire Franklin,00-0034431,LB,65.4,A,4729
Patrick Jones II,00-0037007,LB,65.4,A,1590
Dalton Kincaid,00-0038933,TE,65.4,A,1613
Yaya Diaby,00-0039068,LB,65.4,A,2104
Adam Butler,00-0033381,DL,65.3,A,4332
Zach Sieler,00-0034285,DL,65.3,A,4324
Amani Hooker,00-0035632,DB,65.3,A,4536
Brandon Jones,00-0036221,DB,65.3,A,3610
Kenny Clark,00-0033120,DL,65.2,A,7064
Keenan Allen,00-0030279,WR,65.2,A,7144
Eric Murray,00-0033038,DB,65.2,A,4977
Rayshawn Jenkins,00-0033941,DB,65.1,A,5840
Travon Walker,00-0037235,DL,65.1,A,3066
Tim Patrick,00-0033375,WR,65.0,A,3142
Daniel Jones,00-0035710,QB,65.0,A,4961
Xavier Worthy,00-0039894,WR,65.0,A,1471
Foye Oluokun,00-0034413,LB,64.9,A,6780
Bobby Okereke,00-0035687,LB,64.9,A,5865
Saquon Barkley,00-0034844,RB,64.8,A,5458
Josh Hines-Allen,00-0035642,DL,64.8,A,5086
Justin Jefferson,00-0036322,WR,64.8,A,5343
Penei Sewell,00-0036880,OL,64.8,A,5488
Jake Tonges,00-0037112,TE,64.7,A,466
Sam LaPorta,00-0039065,TE,64.7,A,2516
Trent Brown,00-0032071,OL,64.6,A,6421
Vita Vea,00-0034773,DL,64.6,A,4757
Ezra Cleveland,00-0036327,OL,64.6,A,5421
Christian Gonzalez,00-0039147,DB,64.5,A,2092
Jadeveon Clowney,00-0031364,DL,64.4,A,6419
Kyle Van Noy,00-0031360,LB,64.4,A,7323
Marcus Williams,00-0033894,DB,64.4,A,6970
A.J. Brown,00-0035676,WR,64.4,A,6158
Michael Danna,00-0036378,LB,64.4,A,3288
Jaylinn Hawkins,00-0036302,DB,64.4,A,3191
Dalvin Tomlinson,00-0033546,DL,64.3,A,5227
Ronnie Hickman Jr.,00-0038715,DB,64.2,A,1720
Darnell Washington,00-0038558,TE,64.2,A,1582
Zach Charbonnet,00-0039165,RB,64.1,A,1443
Graham Glasgow,00-0032395,OL,64.0,A,8624
C.J. Stroud,00-0039163,QB,64.0,A,3051
Larry Ogunjobi,00-0033905,DL,63.9,A,5431
Van Jefferson,00-0036415,WR,63.7,A,3699
Cam Lewis,00-0035357,DB,63.7,A,1434
Micah Parsons,00-0036932,LB,63.7,A,4084
Brock Wright,00-0036754,TE,63.7,A,2240
Jalen Carter,00-0038386,DL,63.7,A,2255
Zay Jones,00-0033891,WR,63.6,A,5187
Quenton Nelson,00-0034342,OL,63.6,A,8143
Jaquan Brisker,00-0038135,DB,63.6,A,3204
Warren McClendon Jr.,00-0039077,OL,63.6,A,1176
AJ Barner,00-0039793,TE,63.6,A,1409
Joe Alt,00-0039897,OL,63.6,A,1288
Kelvin Beachum,00-0029316,OL,63.5,A,8318
Cameron Jordan,00-0027962,LB,63.5,A,8021
Derek Barnett,00-0033876,DL,63.5,A,3820
Kaden Elliss,00-0035316,LB,63.5,A,3880
Joey Porter Jr.,00-0039167,DB,63.5,A,2619
Adoree' Jackson,00-0033878,DB,63.4,A,6145
Alec Ingold,00-0035125,RB,63.4,A,1997
Brandin Cooks,00-0031236,WR,63.3,A,7877
Grover Stewart,00-0033952,DL,63.3,A,4839
Erik McCoy,00-0035242,OL,63.3,A,5464
A.J. Terrell,00-0036285,DB,63.3,A,5536
Bo Nix,00-0039732,QB,63.3,A,2209
DaQuan Jones,00-0031054,DL,63.2,A,5666
Rashod Bateman,00-0036550,WR,63.2,A,2734
Daron Payne,00-0034333,DL,63.1,A,6245
Greg Newsome II,00-0036996,DB,63.1,A,3545
Bradley Chubb,00-0034832,LB,63.0,A,4185
Ray-Ray McCloud,00-0034407,WR,63.0,A,2423
Drake London,00-0037238,WR,63.0,A,3271
Tuli Tuipulotu,00-0039111,LB,63.0,A,2275
Calais Campbell,00-0026190,DL,62.9,A,6555
Darren Waller,00-0031610,TE,62.9,A,3819
Antoine Winfield Jr.,00-0036411,DB,62.9,A,5669
Parker Washington,00-0038606,WR,62.9,A,1459
Caleb Williams,00-0039918,QB,62.9,A,2296
Jourdan Lewis,00-0033928,DB,62.8,A,5442
Baker Mayfield,00-0034855,QB,62.8,A,7657
Luke Goedeke,00-0037835,OL,62.8,A,3273
Tua Tagovailoa,00-0036212,QB,62.7,A,4398
Robert Hainsey,00-0036985,OL,62.7,A,3323
David Onyemata,00-0033051,DL,62.6,A,5646
Shaquill Griffin,00-0033926,DB,62.6,A,5842
Arden Key,00-0034825,DL,62.4,A,3905
Bobby Wagner,00-0029255,LB,62.3,A,10776
Frankie Luvu,00-0034302,LB,62.3,A,4979
Brian O'Neill,00-0034158,OL,62.3,A,7426
Charles Omenihu,00-0035279,DL,62.3,A,3308
Yosh Nijman,00-0035084,OL,62.3,A,2031
Josh Metellus,00-0036348,DB,62.3,A,3139
Laremy Tunsil,00-0032380,OL,62.2,A,8284
Isiah Pacheco,00-0037197,RB,62.2,A,1818
Raheem Mostert,00-0031687,RB,62.1,A,2229
Mike Edwards,00-0035681,DB,62.1,A,3406
Quay Walker,00-0037074,LB,62.1,A,3412
Marcus Jones,00-0037253,DB,62.0,A,1816
Kyler Murray,00-0035228,QB,61.9,A,5425
Anthony Bradford,00-0039020,OL,61.9,A,2311
Isaac Seumalo,00-0032954,OL,61.8,A,7066
Curtis Samuel,00-0033282,WR,61.8,A,4251
Devonte Wyatt,00-0037075,DL,61.8,A,1517
Mike McGlinchey,00-0034847,OL,61.7,A,7434
Amik Robertson,00-0036375,DB,61.7,A,2813
Kayvon Thibodeaux,00-0037611,LB,61.7,A,2774
Kolton Miller,00-0034759,OL,61.6,A,6870
Evan Williams,00-0039813,DB,61.6,A,1428
Craig Woodson,00-0040716,DB,61.6,A,1150
Austin Ekeler,00-0033699,RB,61.5,A,4143
Alex Cappa,00-0034678,OL,61.5,A,6807
E.J. Speed,00-0034987,LB,61.5,A,2541
Nate Hobbs,00-0036871,DB,61.4,A,3044
Sam Cosmi,00-0036618,OL,61.4,A,3765
Najee Harris,00-0036893,RB,61.4,A,2842
Daiyan Henley,00-0038553,LB,61.4,A,1989
Kamren Kinchens,00-0039834,DB,61.4,A,1519
Bradley Bozeman,00-0034281,OL,61.3,A,7376
T.J. Hockenson,00-0035229,TE,61.3,A,4658
Odafe Oweh,00-0036940,LB,61.3,A,2838
Pete Werner,00-0036927,LB,61.3,A,3127
Dontayvion Wicks,00-0038393,WR,61.3,A,1488
Omar Speights,00-0039774,LB,61.3,A,1268
J.K. Dobbins,00-0036158,RB,61.2,A,1628
Jonnu Smith,00-0033858,TE,61.1,A,5309
James Daniels,00-0034347,OL,61.1,A,5391
John Bates,00-0036628,TE,61.1,A,2471
Jaxon Smith-Njigba,00-0038543,WR,61.1,A,2450
Jalen McMillan,00-0039855,WR,61.1,A,778
Quandre Diggs,00-0031608,DB,61.0,A,7966
Chidobe Awuzie,00-0033548,DB,61.0,A,5646
Mac Jones,00-0036972,QB,61.0,A,3452
Kwity Paye,00-0036479,DL,61.0,A,3123
Charles Cross,00-0037821,OL,61.0,A,3838
Graham Barton,00-0039905,OL,61.0,A,2119
Eric Kendricks,00-0031554,LB,60.9,A,8370
Justin Herbert,00-0036355,QB,60.9,A,6202
Aaron Rodgers,00-0023459,QB,60.8,A,8623
Jihad Ward,00-0033046,LB,60.8,A,4443
David Montgomery,00-0035685,RB,60.8,A,3888
Juwan Johnson,00-0036040,TE,60.7,A,2991
Alohi Gilman,00-0036380,DB,60.7,A,3463
Justin Strnad,00-0036428,LB,60.7,A,1590
Haason Reddick,00-0033875,LB,60.6,A,6156
Drue Tranquill,00-0035262,LB,60.6,A,4329
Uchenna Nwosu,00-0034350,LB,60.5,A,3717
Alontae Taylor,00-0038121,DB,60.5,A,3523
Brian Branch,00-0039141,DB,60.5,A,2438
Dominick Puni,00-0039351,OL,60.5,A,2187
Keisean Nixon,00-0035133,DB,60.4,A,3474
Brandon Stephens,00-0036987,DB,60.4,A,4309
Alex Wright,00-0037251,DL,60.4,A,1420
Cobie Durant,00-0037839,DB,60.4,A,2648
Samson Ebukam,00-0033945,DL,60.2,A,4330
Eric Wilson,00-0033336,LB,60.2,A,3619
Ahkello Witherspoon,00-0033783,DB,60.2,A,4555
Courtland Sutton,00-0034348,WR,60.2,A,6077
Darius Slayton,00-0035535,WR,60.2,A,5176
Mike Onwenu,00-0036198,OL,60.2,A,5522
Tony Adams,00-0037155,DB,60.2,A,2088
Tytus Howard,00-0035234,OL,60.1,A,5615
Mike Jackson,00-0035277,DB,60.0,A,3754
Jayden Daniels,00-0039910,QB,60.0,B,1586
Jordan Poyer,00-0030114,DB,59.9,A,8721
Malik Hooker,00-0033877,DB,59.9,A,5864
Jacob Martin,00-0034163,DL,59.9,A,2834
Devin White,00-0035707,LB,59.9,A,6272
Jack Gibbens,00-0037596,LB,59.9,A,1595
Jalyx Hunt,00-0039740,LB,59.9,A,1016
Shaq Thompson,00-0031550,LB,59.8,A,6164
Alvin Kamara,00-0033906,RB,59.8,A,5391
Jevon Holland,00-0036998,DB,59.8,A,4210
Kenneth Walker III,00-0038134,RB,59.8,A,2083
Marshon Lattimore,00-0033874,DB,59.7,A,6625
Noah Fant,00-0035644,TE,59.7,A,4235
Alec Pierce,00-0037664,WR,59.7,A,3290
Ja'Quan McMillian,00-0037384,DB,59.7,A,2352
Chamarri Conner,00-0038982,DB,59.7,A,2090
Durham Smythe,00-0034798,TE,59.6,A,3730
Garrett Bradbury,00-0035588,OL,59.5,A,6906
Geno Stone,00-0036199,DB,59.4,A,3599
Evan Brown,00-0034495,OL,59.3,A,4142
Tershawn Wharton,00-0035890,DL,59.3,A,2920
Benjamin St-Juste,00-0036625,DB,59.3,A,3106
De'Von Achane,00-0039040,RB,59.3,A,1644
Bucky Irving,00-0039361,RB,59.3,A,923
Eric Saubert,00-0033576,TE,59.2,A,1782
JuJu Smith-Schuster,00-0033857,WR,59.1,A,5792
David Moore,00-0033589,WR,59.1,A,2228
Paulson Adebo,00-0036937,DB,59.1,A,3581
Kareem Hunt,00-0033923,RB,59.0,A,4077
Jaire Alexander,00-0034728,DB,59.0,A,4757
Davis Allen,00-0039074,TE,59.0,A,1115
Mario Edwards,00-0032265,DL,58.9,A,3043
Garett Bolles,00-0033538,OL,58.9,A,8334
Osa Odighizuwa,00-0036942,DL,58.9,A,3368
Tommy Tremble,00-0037005,TE,58.9,A,2669
Chris Rodriguez Jr.,00-0038611,RB,58.9,A,409
Morgan Fox,00-0032671,DL,58.8,A,3318
Josh Reynolds,00-0033943,WR,58.8,A,4909
Brian Burns,00-0035713,LB,58.8,A,5218
Jordan Mailata,00-0034429,OL,58.8,A,5949
Ryan Kelly,00-0032383,OL,58.7,A,7727
Austin Hooper,00-0032392,TE,58.7,A,6326
Jonathan Jones,00-0032580,DB,58.7,A,5269
Jermaine Eluemunor,00-0033290,OL,58.7,A,4604
Michael Davis,00-0033697,DB,58.7,A,4868
Juan Thornhill,00-0035625,DB,58.7,A,5181
Will McDonald IV,00-0039142,DL,58.7,A,1480
Xavier Watts,00-0040148,DB,58.7,A,1038
Taysom Hill,00-0033357,TE,58.6,B,2440
Foster Moreau,00-0034981,TE,58.6,B,3502
Jahmyr Gibbs,00-0039139,RB,58.6,A,2032
Mike Hilton,00-0032521,DB,58.5,A,5644
Mo Alie-Cox,00-0033217,TE,58.5,B,3430
Justin Watson,00-0034386,WR,58.5,A,2342
Brian Robinson,00-0037746,RB,58.5,A,1574
Carson Schwesinger,00-0040579,LB,58.5,A,905
Xavien Howard,00-0033050,DB,58.4,A,6277
Marcus Mariota,00-0032268,QB,58.3,B,4419
Jason Pierre-Paul,00-0027867,DL,58.3,A,5506
Deatrich Wise,00-0033947,DL,58.3,A,4124
Taylor Moton,00-0033284,OL,58.3,A,7977
Nico Collins,00-0036554,WR,58.3,A,3003
Riq Woolen,00-0037079,DB,58.3,A,3783
Brandon Dorlus,00-0039859,DL,58.3,A,455
Chris Moore,00-0032398,WR,58.2,A,3012
Tyler Conklin,00-0034270,TE,58.2,B,4161
Nick Scott,00-0035669,DB,58.2,A,3701
Jonah Williams,00-0035629,OL,58.2,A,4798
Zaven Collins,00-0036933,LB,58.2,A,2859
Joe Tryon-Shoyinka,00-0036967,DL,58.2,A,2688
Ben Brown,00-0037413,OL,58.2,A,931
D'Marco Jackson,00-0037271,LB,58.2,A,428
Emmanuel Ogbah,00-0033073,DL,58.1,A,5432
Landon Dickerson,00-0037002,OL,58.1,A,5187
Breece Hall,00-0038120,RB,58.0,B,2154
Daniel Faalele,00-0038118,OL,58.0,A,2456
Eyioma Uwazurike,00-0038106,DL,58.0,A,647
Cam Skattebo,00-0040715,RB,58.0,B,273
Jordyn Brooks,00-0036409,LB,57.9,A,5089
Kool-Aid McKinstry,00-0039860,DB,57.9,A,1649
Deion Jones,00-0032388,LB,57.8,B,6181
Ogbo Okoronkwo,00-0034807,DL,57.8,A,1913
Josh Palmer,00-0036988,WR,57.8,A,2816
Abraham Lucas,00-0037812,OL,57.8,A,2806
Andre Cisco,00-0036941,DB,57.7,B,3479
Baron Browning,00-0036995,LB,57.7,B,2278
Jayden Reed,00-0039146,WR,57.7,A,1511
Amarius Mims,00-0039925,OL,57.7,A,1777
Kyzir White,00-0034375,LB,57.6,B,4487
Allen Lazard,00-0034521,WR,57.6,A,4146
Austin Jackson,00-0036248,OL,57.6,A,3726
Tyson Campbell,00-0036974,DB,57.6,B,4230
Bryce Young,00-0039150,QB,57.6,B,2675
Kirk Cousins,00-0029604,QB,57.5,B,9003
Jacoby Brissett,00-0033119,QB,57.5,B,4262
Cesar Ruiz,00-0036408,OL,57.5,A,5279
Walker Little,00-0036975,OL,57.5,A,2638
Rachaad White,00-0037256,RB,57.5,B,2518
Al-Quadin Muhammad,00-0033964,LB,57.4,B,3590
Travis Jones,00-0037756,DL,57.4,A,2157
Wan'Dale Robinson,00-0038117,WR,57.3,B,2547
Ladd McConkey,00-0039915,WR,57.3,B,1599
Tony Jefferson,00-0030294,DB,57.2,B,4050
Clelin Ferrell,00-0035692,DL,57.2,A,2895
Dre'Mont Jones,00-0035678,DL,57.2,A,4071
Matthew Bergeron,00-0039048,OL,57.2,A,2984
Von Miller,00-0027940,LB,57.1,B,5558
Solomon Thomas,00-0033870,DL,57.1,A,3923
Mason Rudolph,00-0034771,QB,57.1,B,1453
Kristian Fulton,00-0036416,DB,57.1,B,3158
Chris Olave,00-0037239,WR,57.1,B,2513
Gervon Dexter Sr.,00-0039070,DL,57.1,A,1736
Zach Cunningham,00-0033547,LB,57.0,B,5062
Marquise Brown,00-0035662,WR,57.0,B,4529
Germaine Pratt,00-0035697,LB,57.0,B,5607
Reggie Gilliam,00-0036187,RB,57.0,B,843
Dillon Radunz,00-0036619,OL,57.0,B,2619
Jordan Morgan,00-0039904,OL,57.0,B,951
Elijah Roberts,00-0040183,DL,57.0,A,477
Elandon Roberts,00-0032442,LB,56.9,B,5043
Fabian Moreau,00-0033918,DB,56.9,B,4456
Dominique Robinson,00-0037082,DL,56.9,A,1061
Kayshon Boutte,00-0038608,WR,56.8,B,1585
Ozzy Trapilo,00-0040740,OL,56.8,B,542
Cam Robinson,00-0033889,OL,56.7,B,6759
Jeremy Chinn,00-0036293,DB,56.7,B,4859
Yetur Gross-Matos,00-0036288,DL,56.7,A,2463
John Simpson,00-0036369,OL,56.7,B,4643
Tim Jones,00-0036497,WR,56.7,B,652
Paris Johnson Jr.,00-0038540,OL,56.7,B,2639
Carrington Valentine,00-0038408,DB,56.7,B,2180
Colston Loveland,00-0040126,TE,56.7,B,782
Taron Johnson,00-0034376,DB,56.6,B,6174
Nathan Shepherd,00-0034760,DL,56.6,A,3421
Logan Wilson,00-0036294,LB,56.6,B,4627
Edgerrin Cooper,00-0039850,LB,56.6,B,1549
Bilal Nichols,00-0034387,DL,56.5,B,3574
"Kenneth Murray, Jr.",00-0036441,LB,56.5,B,4490
Damontae Kazee,00-0033512,DB,56.3,B,4239
Ben Powers,00-0034978,OL,56.3,B,5170
Jake Curhan,00-0036795,OL,56.3,B,1087
Ed Ingram,00-0038131,OL,56.3,B,3604
Luke Fortner,00-0037814,OL,56.3,B,2952
Daniel Bellinger,00-0038115,TE,56.3,B,2141
DaRon Bland,00-0037275,DB,56.3,B,2760
Brock Hoffman,00-0037336,OL,56.3,B,1127
DeAndre Hopkins,00-0030564,WR,56.2,B,7868
Harrison Phillips,00-0034782,DL,56.2,B,4196
Jalen Thompson,00-0035705,DB,56.2,B,5518
Kerby Joseph,00-0037667,DB,56.2,B,3187
Rome Odunze,00-0039919,WR,56.2,B,1707
Jalen Mills,00-0032803,DB,56.1,B,5907
Eli Apple,00-0032379,DB,56.1,B,6069
Tyrod Taylor,00-0028118,QB,56.0,B,3087
Xavier Woods,00-0033579,DB,56.0,B,7799
Quincy Williams,00-0035680,LB,56.0,B,4940
Taylor Rapp,00-0035663,DB,56.0,B,4662
Greg Gaines,00-0035667,DL,56.0,B,3290
Aaron Brewer,00-0036171,OL,56.0,B,4532
KaVontae Turpin,00-0037801,WR,56.0,B,846
Jack Campbell,00-0039018,LB,56.0,B,2718
Alec Anderson,00-0037428,OL,56.0,B,495
Jerome Baker,00-0034797,LB,55.9,B,5844
Jack Jones,00-0038039,DB,55.9,B,2778
D.J. Humphries,00-0032222,OL,55.8,B,6260
Donte Jackson,00-0034356,DB,55.8,B,5386
Elijah Molden,00-0036992,DB,55.8,B,2612
AJ Dillon,00-0036265,RB,55.7,B,1596
Tykee Smith,00-0039846,DB,55.7,B,1479
Cody Ford,00-0035238,OL,55.6,B,2660
Willie Gay Jr.,00-0036362,LB,55.6,B,2517
Zion Johnson,00-0037818,OL,55.6,B,4253
Ray Davis,00-0039875,RB,55.6,B,442
Tarheeb Still,00-0039366,DB,55.6,B,1550
Elijah Higgins,00-0039041,TE,55.5,B,1017
Ricky Pearsall,00-0039916,WR,55.5,B,925
Jaelan Phillips,00-0036934,LB,55.4,B,2705
Darnell Wright,00-0038932,OL,55.4,B,3217
Nolan Smith,00-0039013,LB,55.4,B,1375
Davon Godchaux,00-0033860,DL,55.3,B,4909
Dennis Gardeck,00-0034473,LB,55.3,B,1557
Mecole Hardman,00-0035140,WR,55.3,B,2380
Dan Moore Jr.,00-0036869,OL,55.3,B,5104
Lucas Patrick,00-0033082,OL,55.2,B,4260
Joseph Ossai,00-0036902,DL,55.2,B,1682
Zyon McCollum,00-0037268,DB,55.2,B,2872
Tyler Booker,00-0040007,OL,55.2,B,929
A'Shawn Robinson,00-0032889,DL,55.1,B,4971
Greg Van Roten,00-0029685,OL,55.1,B,6490
Cole Van Lanen,00-0036655,OL,55.1,B,899
Sam Okuayinonu,00-0037602,DL,55.1,B,1134
Jonah Williams,00-0035944,DL,55.0,B,1406
Terrel Bernard,00-0037254,LB,55.0,B,2546
Laiatu Latu,00-0039340,DL,55.0,B,1313
KhaDarel Hodge,00-0034854,WR,54.9,B,1552
Will Harris,00-0035655,DB,54.9,B,4025
Michael Carter II,00-0036501,DB,54.9,B,2568
Connor Heyward,00-0037304,RB,54.9,B,814
Josh Whyle,00-0038589,TE,54.9,B,669
Geno Smith,00-0030565,QB,54.8,B,4076
Poona Ford,00-0034234,DL,54.8,B,4230
Kendall Lamm,00-0031921,OL,54.7,B,2609
Rasul Douglas,00-0033551,DB,54.7,B,6666
Marcus Epps,00-0034993,DB,54.7,B,3594
Kenny Gainwell,00-0036919,RB,54.7,B,1956
Braelon Allen,00-0039794,RB,54.7,B,322
Michael Penix Jr.,00-0039917,QB,54.7,B,738
Nick Emmanwori,00-0040733,DB,54.7,B,898
Jaxson Dart,00-0040691,QB,54.7,B,726
Carl Lawson,00-0033463,DL,54.6,B,2905
Oren Burks,00-0034754,LB,54.6,B,1740
Teair Tart,00-0036181,DL,54.6,B,2164
Foley Fatukasi,00-0034275,DL,54.5,B,2642
Julian Blackmon,00-0036253,DB,54.5,B,4013
Jordan Addison,00-0038994,WR,54.5,B,2373
Austin Booker,00-0039840,DL,54.5,B,904
Robbie Chosen,00-0032688,WR,54.4,B,5377
Marcedes Lewis,00-0024243,TE,54.4,B,3900
Jamal Adams,00-0033872,LB,54.4,B,5582
Will Hernandez,00-0034346,OL,54.4,B,5961
Mike Hughes,00-0034843,DB,54.4,B,3640
Sebastian Joseph-Day,00-0034810,DL,54.4,B,3461
Jordan Fuller,00-0036431,DB,54.4,B,3419
Cory Durden,00-0038653,DL,54.4,B,609
Tyler Shough,00-0040743,QB,54.4,B,575
Antonio Gibson,00-0036328,RB,54.3,B,2298
Brandin Echols,00-0036504,DB,54.3,B,1831
Michael Wilson,00-0038559,WR,54.3,B,2328
DeMario Douglas,00-0038621,WR,54.3,B,1447
DeMarcus Walker,00-0033782,DL,54.2,B,2922
Tim Settle,00-0034397,DL,54.2,B,2772
Bryce Huff,00-0036151,DL,54.2,B,2057
Audric Estimé,00-0039373,RB,54.2,B,299
Matthew Judon,00-0032415,LB,54.1,B,5887
Jack Conklin,00-0033057,OL,54.1,B,6912
Chuck Clark,00-0033294,DB,54.1,B,5317
Miles Sanders,00-0035243,RB,54.1,B,2996
Dante Fowler Jr.,00-0032052,LB,54.0,B,5254
Johnny Mundt,00-0033246,TE,54.0,B,1872
Tyler Allgeier,00-0037263,RB,54.0,B,1401
Bryan Bresee,00-0038995,DL,54.0,B,1798
Daniel Brunskill,00-0033221,OL,53.9,B,4772
Robert Hunt,00-0036325,OL,53.9,B,4492
Logan Hall,00-0038127,DL,53.9,B,2079
Marvin Harrison Jr.,00-0039849,WR,53.9,B,1351
Roger Rosengarten,00-0039233,OL,53.9,B,1959
Trey Pipkins,00-0035688,OL,53.8,B,4312
Joel Bitonio,00-0031426,OL,53.7,B,9702
Elijah Wilkinson,00-0033676,OL,53.7,B,3922
A.J. Epenesa,00-0036192,LB,53.7,B,2679
Asante Samuel Jr.,00-0036617,DB,53.7,B,3160
Cade Stover,00-0039359,TE,53.7,B,730
Jameis Winston,00-0031503,QB,53.6,B,4790
Mack Wilson,00-0035144,LB,53.6,B,3153
Adetomiwa Adebawore,00-0039031,DL,53.6,B,772
Cole Bishop,00-0039872,DB,53.6,B,1422
Denzel Perryman,00-0032103,LB,53.5,B,4385
James Pearce Jr.,00-0040578,DL,53.5,B,561
Andrus Peat,00-0032203,OL,53.4,B,5951
Austin Corbett,00-0034261,OL,53.4,B,5123
Akeem Davis-Gaither,00-0036298,LB,53.4,B,2046
Justice Hill,00-0034975,RB,53.3,B,1668
T.J. Edwards,00-0035386,LB,53.3,B,4956
Naquan Jones,00-0036695,DL,53.3,B,1110
Andrew Ogletree,00-0037292,TE,53.3,B,935
Payne Durham,00-0039050,TE,53.3,B,882
Devaughn Vele,00-0039424,WR,53.3,B,863
Jalen Redmond,00-0038778,DL,53.3,B,975
Jalen Coker,00-0039491,WR,53.3,B,889
Jonathan Bullard,00-0033093,DL,53.2,B,3393
Derrick Nnadi,00-0034818,DL,53.2,B,3608
Michael Hoecht,00-0035933,LB,53.2,B,2173
Nick Herbig,00-0038577,LB,53.2,B,1201
Broderick Jones,00-0039109,OL,53.2,B,2438
Christian Darrisaw,00-0036616,OL,53.1,B,3244
Jordan Whittington,00-0039751,WR,53.1,B,735
Russell Wilson,00-0029263,QB,52.9,B,8687
Daxton Hill,00-0037743,DB,52.9,B,2396
Jameson Williams,00-0037240,WR,52.9,B,2446
Jihaad Campbell,00-0040708,LB,52.9,B,671
Sterling Shepard,00-0032385,WR,52.8,B,5269
Anfernee Jennings,00-0036193,LB,52.8,B,2431
Luke Farrell,00-0036887,TE,52.8,B,1507
Bryan Cook,00-0037193,DB,52.8,B,2787
Bhayshul Tuten,00-0040719,RB,52.8,B,218
James Pierre,00-0035795,DB,52.7,B,1268
Darnell Savage,00-0034968,DB,52.6,B,5309
Terrell Edmunds,00-0034858,DB,52.5,B,5266
Nick Cross,00-0037616,DB,52.5,B,2547
Drake Thomas,00-0038922,LB,52.5,B,870
Tyler Guyton,00-0039341,OL,52.5,B,1225
Cornelius Lucas,00-0030725,OL,52.4,B,3394
David Njoku,00-0033885,TE,52.4,B,5227
Donovan Wilson,00-0035301,DB,52.4,B,4581
Roger McCreary,00-0038125,DB,52.4,B,2987
Chris Hubbard,00-0029963,OL,52.3,B,4080
Dalton Risner,00-0035702,OL,52.3,B,5564
Devin Bush,00-0035525,LB,52.3,B,4007
Eric Stokes,00-0036901,DB,52.3,B,3031
Joe Flacco,00-0026158,QB,52.2,B,5195
Quinn Meinerz,00-0037001,OL,52.2,B,4523
C.J. Ham,00-0032918,RB,52.1,B,2174
Jabrill Peppers,00-0033883,DB,52.1,B,5008
Jalyn Holmes,00-0034264,DL,52.1,B,1556
Tommy Togiai,00-0036883,DL,52.1,B,1106
Brian Thomas Jr.,00-0039893,WR,52.1,B,1536
DJ Reader,00-0032424,DL,52.0,B,5345
Quinton Jefferson,00-0032416,DL,52.0,B,3883
John Jenkins,00-0030070,DL,52.0,B,3077
Tanoh Kpassagnon,00-0033902,DL,52.0,B,2934
Calvin Ridley,00-0034837,WR,52.0,B,4374
Tyree Wilson,00-0038541,DL,52.0,B,1373
Carson Wentz,00-0032950,QB,51.9,B,6340
Dawuane Smoot,00-0033907,DL,51.9,B,3606
Cam Taylor-Britt,00-0037753,DB,51.9,B,2696
Tyrell Shavers,00-0038679,WR,51.9,B,470
Matthew Golden,00-0040667,WR,51.9,B,463
Nate Landman,00-0037587,LB,51.8,B,2456
DeShon Elliott,00-0034277,DB,51.7,B,4275
Hjalte Froholdt,00-0035258,OL,51.7,B,3743
Troy Franklin,00-0039868,WR,51.6,B,1031
Ty Okada,00-0038765,DB,51.6,B,750
Josh Myers,00-0036622,OL,51.5,B,4517
Josaiah Stewart,00-0040580,LB,51.5,B,450
Trent Sherfield,00-0034487,WR,51.4,B,2349
Bobby Hart,00-0031622,OL,51.3,B,4804
Marcus Maye,00-0033892,DB,51.3,B,5228
Keion White,00-0039148,DL,51.3,B,1753
Jackson Powers-Johnson,00-0039735,OL,51.3,B,1228
Andrew Billings,00-0033066,DL,51.2,B,3356
Dan Skipper,00-0033863,OL,51.2,B,1052
Malik Willis,00-0038128,QB,51.2,B,513
Matt Goncalves,00-0039736,OL,51.2,B,1489
Adam Gotsis,00-0033064,DL,51.1,B,3202
Pat Freiermuth,00-0036894,TE,51.1,B,3157
Dylan Parham,00-0037255,OL,51.1,B,3599
Xavier Hutchinson,00-0038618,WR,51.1,B,1569
Antonio Hamilton,00-0032933,DB,51.0,B,1694
Dayo Odeyingbo,00-0036480,DL,51.0,B,2307
Cordale Flott,00-0037758,DB,51.0,B,2185
Jamaree Salyer,00-0037295,OL,51.0,B,2921
Nick Vannett,00-0032394,TE,50.9,B,2572
Russell Gage,00-0034411,WR,50.9,B,2445
Tyler Huntley,00-0035993,QB,50.9,B,1286
Dorian Williams,00-0038557,LB,50.9,B,1309
Anthony Walker,00-0033570,LB,50.8,B,4014
Kevin Austin Jr.,00-0037231,WR,50.8,B,535
Jamien Sherwood,00-0036500,LB,50.7,B,2353
Teven Jenkins,00-0036953,OL,50.7,B,2406
Karl Brooks,00-0038398,DL,50.7,B,1486
Justin Dedich,00-0039784,OL,50.7,B,710
Chris Manhertz,00-0031484,TE,50.6,B,3064
Dorance Armstrong,00-0034373,DL,50.6,B,3305
Anthony Nelson,00-0035254,LB,50.6,B,2922
Thomas Harper,00-0039660,DB,50.6,B,621
Terrance Ferguson,00-0040737,TE,50.6,B,380
Mike Jordan,00-0035266,OL,50.5,B,3350
Josh Oliver,00-0035249,TE,50.3,B,2119
Andre James,00-0035127,OL,50.3,B,3823
Ben Bredeson,00-0036132,OL,50.3,B,3555
Justin Fields,00-0036945,QB,50.3,B,3132
Cam Akers,00-0036414,RB,50.2,B,1373
Tedarrell Slaton,00-0036642,DL,50.2,B,2179
Nate Wiggins,00-0039232,DB,50.2,B,1696
Marist Liufau,00-0039352,LB,50.2,B,661
Jason Pinnock,00-0036502,DB,50.1,B,3000
Ikem Ekwonu,00-0037229,OL,50.1,B,3820
Dee Alford,00-0037034,DB,50.1,B,2005
Tyrique Stevenson,00-0039071,DB,50.1,B,2171
Derrick Harmon,00-0040678,DL,50.1,B,461
Roy Robertson-Harris,00-0032667,DL,50.0,B,4159
Jerry Tillery,00-0035674,DL,50.0,B,3552
Kindle Vildor,00-0036307,DB,50.0,B,2286
Chig Okonkwo,00-0037809,TE,50.0,B,2230
Theo Johnson,00-0039847,TE,50.0,B,1450
Ian Thomas,00-0034365,TE,49.9,B,3229
Tyquan Lewis,00-0034359,DL,49.9,B,2544
Trevon Diggs,00-0036361,DB,49.9,B,4093
Adam Trautman,00-0036422,TE,49.9,B,3457
Anthony Richardson,00-0039164,QB,49.9,B,763
Laken Tomlinson,00-0032234,OL,49.8,B,9391
Clyde Edwards-Helaire,00-0036360,RB,49.8,B,1474
Cole Strange,00-0038103,OL,49.7,B,2351
Isaiah Pola-Mao,00-0037512,DB,49.6,B,2103
Jackson Hawes,00-0040194,TE,49.5,B,502
Jahlani Tavai,00-0035240,LB,49.4,B,3679
Lloyd Cushenberry III,00-0036391,OL,49.4,B,4815
Azeez Ojulari,00-0036552,LB,49.4,B,1835
Vederian Lowe,00-0037287,OL,49.4,B,1531
Antonio Johnson,00-0038596,DB,49.4,B,1455
Cooper Beebe,00-0039348,OL,49.4,B,1703
C.J. Henderson,00-0036281,DB,49.3,B,2052
Dane Belton,00-0038123,DB,49.3,B,1752
Mitchell Tinsley,00-0038839,WR,49.3,B,273
Josiah Deguara,00-0036332,TE,49.2,B,978
Joshua Uche,00-0036159,LB,49.2,B,1501
Anton Harrison,00-0038934,OL,49.2,B,2919
Chase Edmonds,00-0034681,RB,49.1,B,1805
Cody Barton,00-0035672,LB,49.1,B,4301
Jermaine Johnson II,00-0037663,DL,49.1,B,1724
Jarvis Brownlee Jr.,00-0039372,DB,49.1,B,1243
Cam Hart,00-0039369,DB,49.1,B,1107
Taven Bryan,00-0034842,DL,49.0,B,2837
Marcus Davenport,00-0034344,DL,49.0,B,2670
Ashton Dulin,00-0035021,WR,49.0,B,1030
Malcolm Rodriguez,00-0037289,LB,49.0,B,1121
Calijah Kancey,00-0039063,DL,49.0,B,1280
Jarrian Jones,00-0039353,DB,49.0,B,1199
Dane Jackson,00-0036166,DB,48.9,B,2413
Jonathan Owens,00-0034485,DB,48.9,B,2420
Darrell Taylor,00-0036413,DL,48.9,B,1875
Mason Graham,00-0040685,DL,48.9,B,728
Grey Zabel,00-0040639,OL,48.9,B,1173
Kingsley Enagbare,00-0037083,LB,48.8,B,1909
TJ Bass,00-0038731,OL,48.8,B,948
Ivan Pace Jr.,00-0038807,LB,48.8,B,1405
Spencer Rattler,00-0039376,QB,48.8,B,828
Isaac Yiadom,00-0034780,DB,48.7,B,2505
Garrett Wilson,00-0037740,WR,48.7,B,3151
Trent Scott,00-0034571,OL,48.6,B,2047
Jeff Wilson,00-0034115,RB,48.6,B,1514
Rock Ya-Sin,00-0035637,DB,48.6,B,3422
Mekhi Becton,00-0036284,OL,48.6,B,3490
Larry Borom,00-0036905,OL,48.6,B,2450
Jordan Phillips,00-0031557,DL,48.5,B,3501
Cole Holcomb,00-0035286,LB,48.5,B,3265
Cedrick Wilson Jr.,00-0034418,WR,48.5,B,2202
Nick Westbrook-Ikhine,00-0036182,WR,48.5,B,3251
Jaylen Reed,00-0040204,DB,48.5,B,169
Mike Pennel,00-0030757,DL,48.4,B,2648
Wyatt Teller,00-0034399,OL,48.4,B,6414
Lil'Jordan Humphrey,00-0035406,WR,48.3,B,1831
Darnay Holmes,00-0036394,DB,48.3,B,1847
Raheim Sanders,00-0040466,RB,48.3,B,56
Keeanu Benton,00-0039110,DL,48.2,B,1875
Keon Coleman,00-0039901,WR,48.2,B,1284
Khyiris Tonga,00-0036909,DL,48.1,B,1306
Ben Skowronek,00-0036862,WR,48.1,B,1391
Isaiah Hodgins,00-0036165,WR,48.1,B,1405
Arnold Ebiketie,00-0038116,LB,48.1,B,1730
Tyrone Tracy Jr.,00-0039384,RB,48.1,B,1125
Jamin Davis,00-0036614,LB,48.0,B,2163
DJ Turner II,00-0038549,DB,48.0,B,2193
Aidan O'Connell,00-0038579,QB,48.0,B,1063
Xavier Weaver,00-0039521,WR,48.0,B,308
Andrew Wingard,00-0035378,DB,47.9,B,3136
Isaiah Simmons,00-0036356,DB,47.9,B,2719
Leo Chenal,00-0037819,LB,47.9,B,1690
David Quessenberry,00-0030097,OL,47.8,B,2490
Jeremy McNichols,00-0033955,RB,47.8,B,1062
Michael Carter,00-0036924,RB,47.8,B,1606
Javon Bullard,00-0039867,DB,47.8,B,1525
Skyy Moore,00-0038090,WR,47.7,B,1016
Ryan Neuzil,00-0036833,OL,47.7,B,1773
Quentin Johnston,00-0038544,WR,47.7,B,2125
Nahshon Wright,00-0036986,DB,47.6,B,1386
Ryan Miller,00-0038824,WR,47.6,B,390
Malik Washington,00-0039880,WR,47.6,B,936
Bam Knight,00-0037157,RB,47.5,B,464
Chris Paul,00-0037092,OL,47.5,B,1379
Joe Tippmann,00-0039145,OL,47.5,B,2833
Decamerion Richardson,00-0039357,DB,47.5,B,536
Ethan Pocic,00-0033901,OL,47.3,B,6048
Noah Igbinoghene,00-0036287,DB,47.3,B,1859
Will Fries,00-0036483,OL,47.3,B,2889
John Metchie III,00-0037614,WR,47.3,B,1229
John FitzPatrick,00-0037306,TE,47.3,B,390
Devin Duvernay,00-0036331,WR,47.2,B,1858
Sean Tucker,00-0038951,RB,47.2,B,298
Jordan Howden,00-0038588,DB,47.2,B,1299
Kalif Raymond,00-0032464,WR,47.1,B,2515
Shy Tuttle,00-0035409,DL,47.1,B,2925
Braxton Berrios,00-0034419,WR,47.1,B,1629
Jack Stoll,00-0036741,TE,47.1,B,1763
Charlie Kolar,00-0038046,TE,47.1,B,926
Jaylon Jones,00-0038407,DB,47.1,B,2042
Juice Scruggs,00-0038936,OL,47.1,B,1721
Mason McCormick,00-0039358,OL,47.1,B,1922
Drew Sample,00-0035631,TE,47.0,B,3155
Harrison Bryant,00-0036232,TE,46.9,B,2268
Nakobe Dean,00-0037615,LB,46.9,B,1497
Ben Sims,00-0038809,TE,46.9,B,470
Brandon Coleman,00-0039913,OL,46.9,B,1314
Jonah Laulu,00-0039423,DL,46.9,B,1154
Trevin Wallace,00-0039347,LB,46.9,B,1129
Anthony Firkser,00-0033455,TE,46.8,B,1450
Isaiah McDuffie,00-0036658,LB,46.8,B,1901
Luke McCaffrey,00-0039355,WR,46.8,B,583
Tre Harris,00-0040727,WR,46.8,B,566
Yahya Black,00-0040188,DL,46.8,B,423
Austin Johnson,00-0032763,DL,46.7,B,3532
Jalin Hyatt,00-0038938,WR,46.7,B,1016
Terrion Arnold,00-0039903,DB,46.7,B,1239
Malik Mustapha,00-0039360,DB,46.7,B,1499
Demontrey Jacobs,00-0038792,OL,46.7,B,870
Efton Chism III,00-0040563,WR,46.7,B,106
Hunter Renfrow,00-0034983,WR,46.6,B,2608
Hakeem Adeniji,00-0036310,OL,46.6,B,1422
Rico Dowdle,00-0036139,RB,46.6,B,1426
Davis Mills,00-0036898,QB,46.6,B,1909
Cade Mays,00-0037297,OL,46.6,B,1676
Cam Ward,00-0040676,QB,46.6,B,947
Noah Brown,00-0033591,WR,46.5,B,2600
Kevin Givens,00-0035026,DL,46.5,B,1776
Jordan Mason,00-0037525,RB,46.5,B,905
Dan Feeney,00-0033910,OL,46.4,B,4786
Parris Campbell,00-0035639,WR,46.4,B,1702
Deonte Banks,00-0039000,DB,46.4,B,1982
Marte Mapu,00-0039054,LB,46.4,B,773
Jaylen McCollough,00-0039776,DB,46.4,B,886
Abdul Carter,00-0040677,LB,46.4,B,783
Philip Rivers,00-0022942,QB,46.3,C,5205
Carlos Watkins,00-0033563,DL,46.3,B,2132
Tank Bigsby,00-0038555,RB,46.3,B,592
Laquon Treadwell,00-0032951,WR,46.2,B,2022
Leki Fotu,00-0036371,DL,46.2,B,1613
Victor Dimukeje,00-0036896,LB,46.2,B,803
Jonah Elliss,00-0039809,LB,46.2,B,749
L.J. Collier,00-0035636,DL,46.1,B,1740
Matt Hennessy,00-0036295,OL,46.1,B,1479
Jalen Tolbert,00-0037666,WR,46.1,B,1847
Kendre Miller,00-0038551,RB,46.1,B,307
Chau Smith-Wade,00-0039380,DB,46.1,B,914
Theo Jackson,00-0037301,DB,46.0,B,711
Ji'Ayir Brown,00-0038554,DB,46.0,B,2158
Chris Board,00-0034787,LB,45.9,B,1024
Nyheim Hines,00-0034367,RB,45.9,B,1766
Kentavius Street,00-0034320,DL,45.9,B,1977
Javon Kinlaw,00-0036260,DL,45.9,B,2721
Mykel Williams,00-0040660,DL,45.9,B,360
Oronde Gadsden II,00-0040189,TE,45.9,B,619
Arthur Maulet,00-0033503,DB,45.8,B,2235
Joe Noteboom,00-0034803,OL,45.8,B,2518
LaCale London,00-0036204,DL,45.8,B,445
Zach Frazier,00-0039896,OL,45.8,B,1946
Ben Sinnott,00-0039912,TE,45.8,B,608
Tanor Bortolini,00-0039744,OL,45.8,B,1215
Troy Reeder,00-0035617,LB,45.7,B,2313
Quincy Riley,00-0040166,DB,45.7,B,558
Roy Lopez,00-0036568,DL,45.6,B,2206
Isaiah Stalbird,00-0039622,LB,45.6,B,54
Tre Flowers,00-0034756,DB,45.5,B,3315
Jahan Dotson,00-0037741,WR,45.5,B,2897
Derion Kendrick,00-0037842,DB,45.5,B,1405
Joe Huber,00-0040500,OL,45.5,B,74
Ryan Flournoy,00-0039410,WR,45.4,B,591
Tyleik Williams,00-0040672,DL,45.4,B,427
Troy Dye,00-0036338,LB,45.3,B,1183
Jordan Battle,00-0038560,DB,45.3,B,1933
Malik Heath,00-0038465,WR,45.3,B,624
SirVocea Dennis,00-0039049,LB,45.3,B,1054
Devin Lloyd,00-0037244,LB,45.2,B,3442
Myles Murphy,00-0038546,DL,45.2,B,1265
Evan Hull,00-0038397,RB,45.2,B,74
Jalen Sundell,00-0039926,OL,45.2,B,926
Devin Neal,00-0040202,RB,45.2,B,254
Ronnie Harrison,00-0034779,LB,45.1,B,2751
Bernhard Raimann,00-0037757,OL,45.1,B,3388
Deone Walker,00-0040710,DL,45.1,B,529
Upton Stout,00-0040152,DB,45.1,B,627
Will Sherman,00-0036535,OL,45.1,B,171
Jimmy Garoppolo,00-0031345,QB,45.0,C,4080
Greg Dortch,00-0035500,WR,45.0,B,1589
Dyami Brown,00-0036626,WR,44.9,B,1651
Cooper McDonald,00-0040118,LB,44.9,B,55
Andrew Meyer,00-0039485,OL,44.9,B,52
Howard Cross III,00-0040369,DL,44.8,B,50
Bam Martin-Scott,00-0040289,LB,44.8,B,53
Krys Barnes,00-0035961,LB,44.7,B,1881
Micheal Clemons,00-0038107,DL,44.7,B,1762
Savion Williams,00-0040009,WR,44.7,B,82
Kylen Granson,00-0036876,TE,44.6,B,1688
Ifeatu Melifonwu,00-0036993,DB,44.6,B,1530
Colby Wooden,00-0038387,DL,44.6,B,1121
Darius Muasau,00-0039829,LB,44.6,B,840
Avonte Maddox,00-0034377,DB,44.5,B,3789
Darrell Baker Jr.,00-0037549,DB,44.5,B,1712
Scott Matlock,00-0038614,DL,44.5,B,1068
Jamaree Caldwell,00-0040144,DL,44.5,B,491
Chauncey Golston,00-0036982,DL,44.4,B,1846
Tyquan Thornton,00-0038104,WR,44.4,B,1171
Brodric Martin,00-0038939,DL,44.4,B,62
Rico Payton,00-0039620,DB,44.4,B,53
Josh Conerly Jr.,00-0040686,OL,44.4,B,979
Jalen Reeves-Maybin,00-0033557,LB,44.3,B,1583
Chris Wormley,00-0033913,DL,44.3,B,2326
Charles Snowden,00-0036711,DL,44.3,B,678
Darius Robinson,00-0039854,DL,44.3,B,647
Connor Colby,00-0040245,OL,44.3,B,427
Patrick O'Connell,00-0038764,LB,44.3,B,57
Garrett Williams,00-0039007,DB,44.2,B,1595
Theo Benedet,00-0039459,OL,44.2,B,557
Kyle Kennard,00-0040161,LB,44.2,B,75
Gardner Minshew,00-0035289,QB,44.1,C,3167
Jakob Johnson,00-0035726,RB,44.1,B,1255
Nathan Thomas,00-0039422,OL,44.1,B,316
Mykal Walker,00-0036300,LB,44.0,B,1851
Jordan Davis,00-0037073,DL,44.0,B,1912
Lukas Van Ness,00-0039112,LB,44.0,B,1136
Beaux Limmer,00-0039753,OL,44.0,C,1025
Luther Burden III,00-0040735,WR,44.0,B,475
Jonas Sanker,00-0040643,DB,44.0,B,916
Walter Nolen,00-0040706,DL,44.0,B,157
Sebastian Castro,00-0040527,DB,44.0,B,72
Myles Gaskin,00-0035311,RB,43.9,B,1133
Emmanuel Forbes,00-0039151,DB,43.9,B,1467
Nate Adkins,00-0038783,TE,43.9,B,686
Brock Bowers,00-0039338,TE,43.9,B,1471
Tyler Nubin,00-0039861,DB,43.9,B,1488
Rakeem Nunez-Roches,00-0031957,DL,43.8,B,3817
Andrew Beck,00-0034959,RB,43.8,B,967
Rodney Thomas,00-0037323,DB,43.8,B,1844
Taki Taimani,00-0039720,DL,43.8,B,97
Xavier Smith,00-0038359,WR,43.8,B,261
Jacory Croskey-Merritt,00-0040242,RB,43.8,B,381
Jalon Walker,00-0040577,LB,43.8,B,466
Giovanni Manu,00-0039362,OL,43.8,C,64
Neville Hewitt,00-0031740,LB,43.7,C,3030
Ty Johnson,00-0035537,RB,43.7,B,1806
Khalil Herbert,00-0036906,RB,43.7,B,1104
JL Skinner,00-0038605,DB,43.7,B,50
British Brooks,00-0039603,RB,43.7,B,71
Aeneas Peebles,00-0040076,DL,43.7,B,67
Jerry Jeudy,00-0036407,WR,43.6,C,4356
Kenny Pickett,00-0038102,QB,43.6,C,1592
Jordan Elliott,00-0036266,DL,43.5,B,2792
Jack Heflin,00-0036788,DL,43.5,B,63
Otito Ogbonnia,00-0037270,DL,43.5,B,997
Anthony Gould,00-0039816,WR,43.5,C,60
Tyler Owens,00-0039681,DB,43.5,B,66
Teddye Buchanan,00-0040069,LB,43.5,C,624
Mike Green,00-0040722,LB,43.5,C,671
Joshua Williams,00-0038043,DB,43.4,B,1314
Brenton Strange,00-0038935,TE,43.4,B,1428
Treylon Burks,00-0037742,WR,43.3,C,1215
Rashid Shaheed,00-0037545,WR,43.3,C,1912
Max Melton,00-0039807,DB,43.3,B,932
Devontez Walker,00-0039792,WR,43.3,C,194
Nick Whiteside,00-0038841,DB,43.2,B,61
Shemar Turner,00-0040741,DL,43.2,B,72
Charles Grant,00-0040151,OL,43.2,C,56
Frank Crum,00-0039568,OL,43.1,C,70
Theo Wease Jr.,00-0040311,WR,43.1,C,50
Brent Urban,00-0031177,DL,43.0,C,2589
Danny Striggow,00-0040342,DL,43.0,C,141
Payton Page,00-0040404,DL,43.0,C,53
Jaylin Simpson,00-0039383,DB,43.0,B,59
Sam Mustipher,00-0035062,OL,42.9,C,2892
Jacob Monk,00-0039817,OL,42.9,C,55
Jamon Johnson,00-0040037,LB,42.9,C,64
M.J. Stewart,00-0034355,DB,42.8,C,1866
Brady Christensen,00-0036968,OL,42.8,C,2104
Akayleb Evans,00-0038101,DB,42.8,C,1069
George Holani,00-0039299,RB,42.8,B,84
Khalen Saunders,00-0035656,DL,42.7,C,2106
Marco Wilson,00-0036884,DB,42.7,C,2407
Anthony Belton,00-0040726,OL,42.7,C,526
Wyatt Milum,00-0040146,OL,42.7,C,99
Chase Lucas,00-0037321,DB,42.6,C,99
Dell Pettus,00-0039692,DB,42.6,C,462
Terrell Jennings,00-0039757,RB,42.6,B,63
Scott Miller,00-0035298,WR,42.5,C,1691
Josh Jones,00-0036363,OL,42.5,C,1969
Ryan Van Demark,00-0037404,OL,42.5,C,501
Brady Russell,00-0038488,RB,42.5,C,89
Dondrea Tillman,00-0037799,LB,42.5,C,699
Johnathan Baldwin,00-0040033,DB,42.5,C,63
Nick Zakelj,00-0037831,OL,42.4,C,183
Jake Browning,00-0035100,QB,42.4,C,648
Zion Logue,00-0039400,DL,42.4,C,91
Walter Rouse,00-0039828,OL,42.4,C,84
Cam Jackson,00-0040174,DL,42.4,C,80
Micah Robinson,00-0040020,DB,42.4,C,60
Aaron Stinnie,00-0034668,OL,42.3,C,1341
Dameon Pierce,00-0037258,RB,42.3,C,923
Levi Drake Rodriguez,00-0039421,DL,42.3,C,441
LeQuint Allen Jr.,00-0040238,RB,42.3,C,245
Nic Scourton,00-0040746,LB,42.3,C,724
Isaiah Adams,00-0039808,OL,42.2,C,1149
Tycen Anderson,00-0037752,DB,42.2,C,65
Omarion Hampton,00-0040666,RB,42.2,C,359
Tyler Warren,00-0040128,TE,42.2,B,844
Ty Robinson,00-0040662,DL,42.2,C,92
Gage Larvadain,00-0040259,WR,42.2,C,179
Drew Kendall,00-0040587,OL,42.2,C,82
Hunter Luepke,00-0038738,RB,42.1,C,643
Trey Benson,00-0039921,RB,42.1,C,247
Mike Hall Jr.,00-0039895,DL,42.1,C,388
Barrett Carter,00-0040157,LB,42.1,C,746
Tyler Davis,00-0039749,DL,42.0,C,873
Demetrius Knight Jr.,00-0040738,LB,42.0,C,758
Ashton Gillotte,00-0040640,DL,42.0,C,455
BJ Green II,00-0040329,DL,42.0,C,98
Branson Taylor,00-0040212,OL,42.0,C,66
Cooper Rush,00-0033662,QB,41.9,C,1138
Mason Tipton,00-0039623,WR,41.9,C,619
Jaylin Noel,00-0040138,WR,41.9,C,289
Malcolm Koonce,00-0036989,DL,41.8,C,1056
Erick Hallett,00-0038620,DB,41.8,C,139
D'Ernest Johnson,00-0035628,RB,41.7,C,843
Damar Hamlin,00-0036888,DB,41.7,C,1884
Peter Skoronski,00-0039034,OL,41.7,C,2829
Chop Robinson,00-0039911,LB,41.7,C,927
Omarr Norman-Lott,00-0040748,DL,41.7,C,69
Cameron Thomas,00-0037815,DL,41.6,C,913
Chris Brooks,00-0038685,RB,41.6,C,424
Adin Huntington,00-0040255,DL,41.6,C,162
Marques Sigle,00-0040185,DB,41.6,C,451
Bobby Brown III,00-0036903,DL,41.5,C,1344
Jammie Robinson,00-0038587,DB,41.5,C,75
Ruke Orhorhoro,00-0039733,DL,41.5,C,704
Nikko Remigio,00-0038519,WR,41.5,C,62
Greedy Vance,00-0040489,DB,41.5,C,87
Drew Lock,00-0035704,QB,41.4,C,1784
Jeff Okudah,00-0036274,DB,41.4,C,1941
Renardo Green,00-0039345,DB,41.4,C,1539
Gunner Olszewski,00-0035645,WR,41.3,C,573
Luke Musgrave,00-0039144,TE,41.3,C,1087
Markees Watts,00-0038958,LB,41.3,C,74
Jer'Zhan Newton,00-0039906,DL,41.3,C,966
Will Campbell,00-0040699,OL,41.3,C,984
Elijah Simmons,00-0040384,DL,41.3,C,86
Zaire Barnes,00-0038399,LB,41.3,C,84
Elijah Garcia,00-0037051,DL,41.2,C,264
Cameron Mitchell,00-0038585,DB,41.2,C,860
Roschon Johnson,00-0039021,RB,41.2,C,635
Julian Hill,00-0038720,TE,41.2,C,1230
Alex Palczewski,00-0038796,OL,41.2,C,793
Sheldon Day,00-0033010,DL,41.1,C,2033
Ashtyn Davis,00-0036329,DB,41.1,C,2230
Nick Mullens,00-0033319,QB,41.0,C,1423
Nick McCloud,00-0036589,DB,41.0,C,1511
Eric Johnson,00-0037269,DL,41.0,C,653
Cam Jurgens,00-0038112,OL,41.0,C,2758
Christian Harris,00-0037823,LB,41.0,C,1772
Christian Izien,00-0038820,DB,41.0,C,1562
Tyler Baron,00-0040196,DL,41.0,C,85
Robert Tonyan,00-0033757,TE,40.9,C,2213
Lonnie Johnson,00-0035244,DB,40.9,C,2313
Esezi Otomewo,00-0037274,DL,40.9,C,347
Bo Richter,00-0039718,LB,40.9,C,79
Jonah Savaiinaea,00-0040742,OL,40.9,C,942
David Sills,00-0035359,WR,40.8,C,900
Spencer Anderson,00-0038645,OL,40.8,C,694
Elijah Klein,00-0039411,OL,40.8,C,83
Tetairoa McMillan,00-0040124,WR,40.8,C,939
J.J. McCarthy,00-0039923,QB,40.8,C,492
Oluwafemi Oladejo,00-0040752,DL,40.8,C,218
DaVon Hamilton,00-0036262,DL,40.7,C,2727
Jack Sanborn,00-0037109,LB,40.7,C,1130
Stone Smartt,00-0037475,TE,40.7,C,618
Thomas Incoom,00-0038791,LB,40.7,C,79
Brevyn Spann-Ford,00-0039530,TE,40.7,C,552
Payton Wilson,00-0039741,LB,40.7,C,1215
Mike Sainristil,00-0039898,DB,40.7,C,2065
Brandon Codrington,00-0039333,DB,40.7,C,77
Josh Tupou,00-0033347,DL,40.6,C,1727
Olisaemeka Udoh,00-0034994,OL,40.6,C,1726
Emanuel Wilson,00-0038797,RB,40.6,C,628
Kevin Knowles,00-0040089,DB,40.6,C,79
Cobee Bryant,00-0040546,DB,40.6,C,94
Tyrel Dodson,00-0035352,LB,40.5,C,2672
Christian Elliss,00-0036813,LB,40.5,C,1270
Jarrett Patterson,00-0038615,OL,40.5,C,1476
Olu Oluwatimi,00-0038593,OL,40.5,C,837
Charlie Jones,00-0038576,WR,40.5,C,88
Caleb Murphy,00-0038851,LB,40.5,C,158
Jay Ward,00-0038578,DB,40.5,C,297
Darius Alexander,00-0040694,DL,40.5,C,353
Sam Williams,00-0037665,DL,40.4,C,1025
Brenden Schooler,00-0037205,DB,40.4,C,98
Dorian Strong,00-0040197,DB,40.4,C,85
DJ Giddens,00-0040179,RB,40.4,C,57
Beaux Collins,00-0040432,WR,40.4,C,76
Zavier Scott,00-0038440,RB,40.4,C,99
JJ Pegues,00-0040199,DL,40.4,C,130
Mitchell Trubisky,00-0033869,QB,40.3,C,3838
Joshua Dobbs,00-0033949,QB,40.3,C,1085
Tyler Johnson,00-0036427,WR,40.3,C,1668
Tip Reiman,00-0039737,TE,40.3,C,516
Kelvin Banks Jr.,00-0040125,OL,40.3,C,1008
C.J. Ravenell,00-0039332,DL,40.3,C,91
Kendell Brooks,00-0038703,DB,40.3,C,146
Kemon Hall,00-0035542,DB,40.2,C,85
Dareke Young,00-0037093,WR,40.2,C,203
Arron Mosby,00-0037364,DL,40.2,C,161
Montaric Brown,00-0037313,DB,40.2,C,2049
Andrew Vorhees,00-0038383,OL,40.2,C,1167
Tory Horton,00-0040648,WR,40.2,C,210
Isaiahh Loudermilk,00-0036843,DL,40.1,C,849
Que Robinson,00-0040168,LB,40.1,C,153
Pharaoh Brown,00-0033439,TE,40.0,C,2010
Reuben Lowery,00-0040106,DB,40.0,C,70
Eddie Goldman,00-0031551,DL,39.9,C,2688
James Hudson,00-0036866,OL,39.9,C,1434
BJ Ojulari,00-0039155,LB,39.9,C,567
Jeremiah Pharms Jr.,00-0037711,DL,39.9,C,556
Blake Fisher,00-0039857,OL,39.9,C,806
Isaiah Oliver,00-0034357,DB,39.8,C,3686
Andru Phillips,00-0039821,DB,39.8,C,1270
Jaden Hicks,00-0039825,DB,39.8,C,861
Troy Fautanu,00-0039871,OL,39.8,C,1080
Khristian Boyd,00-0039401,DL,39.7,C,134
Brycen Tremayne,00-0038840,WR,39.7,C,262
Colson Yankoff,00-0039686,TE,39.7,C,96
Jay Toia,00-0040019,DL,39.7,C,85
Tez Johnson,00-0040237,WR,39.7,C,471
Jahdae Walker,00-0040277,WR,39.7,C,81
Steven Sims,00-0034928,WR,39.6,C,1027
Malaki Starks,00-0040688,DB,39.6,C,1013
Jaydon Blue,00-0040586,RB,39.6,C,69
K.J. Britt,00-0036643,LB,39.5,C,1048
Nic Jones,00-0038986,DB,39.5,C,82
Jawhar Jordan,00-0039405,RB,39.5,C,76
Trevis Gipson,00-0036305,LB,39.4,C,1483
Kristian Welch,00-0036157,LB,39.4,C,95
Kayode Awosika,00-0036736,OL,39.4,C,944
Mekhi Blackmon,00-0038565,DB,39.4,C,1152
Kalia Davis,00-0037832,DL,39.4,C,799
Jared Wilson,00-0040147,OL,39.4,C,983
Ben Yurosek,00-0040509,TE,39.4,C,105
Quinshon Judkins,00-0040784,RB,39.4,C,435
Malik Harrison,00-0036280,LB,39.3,C,1613
Woody Marks,00-0040583,RB,39.3,C,631
Jaylahn Tuimoloau,00-0040744,DL,39.3,C,201
Danny Stutsman,00-0040155,LB,39.3,C,190
Alex Bachman,00-0035602,WR,39.2,C,141
Hassan Haskins,00-0037617,RB,39.2,C,365
Dee Winters,00-0038625,LB,39.2,C,1419
Wanya Morris,00-0038981,OL,39.2,C,1052
Jaylen Harrell,00-0039436,DL,39.2,C,611
Sanoussi Kane,00-0039235,DB,39.2,C,88
Aireontae Ersery,00-0040745,OL,39.2,C,1147
Ollie Gordon II,00-0040198,RB,39.2,C,211
Francisco Mauigoa,00-0040186,LB,39.2,C,308
Jahdae Barron,00-0040720,DB,39.2,C,329
Matt Pryor,00-0034417,OL,39.1,C,2922
Tre Avery,00-0037593,DB,39.1,C,652
Tyler Badie,00-0037085,RB,39.1,C,235
Isaiah Land,00-0038737,LB,39.1,C,107
Malachi Corley,00-0039920,WR,39.1,C,264
Myles Harden,00-0039417,DB,39.1,C,546
Rayuan Lane III,00-0040213,DB,39.1,C,106
Deven Thompkins,00-0037487,WR,39.0,C,389
Nazir Stackhouse,00-0040041,DL,39.0,C,164
Trystan Colon,00-0035992,OL,38.9,C,1147
Kene Nwangwu,00-0036842,RB,38.9,C,91
Micah McFadden,00-0037259,LB,38.9,C,1765
Taliese Fuaga,00-0039339,OL,38.9,C,1781
Truman Jones,00-0038514,DL,38.9,C,111
Broderick Washington,00-0036081,DL,38.8,C,1875
Josh Wallace,00-0039772,DB,38.8,C,420
Charles Woods,00-0039770,DB,38.8,C,157
Josh Simmons,00-0040116,OL,38.8,C,495
Malik Davis,00-0037563,RB,38.6,C,218
Chuma Edoga,00-0035698,OL,38.5,C,1428
Travis Hunter,00-0040718,DB,38.5,C,456
Corey Thornton,00-0040296,DB,38.5,C,117
Jeremy Reaves,00-0034465,DB,38.4,C,1423
Tyrice Knight,00-0039815,LB,38.4,C,825
Ugo Amadi,00-0035142,DB,38.3,C,1960
James Lynch,00-0036337,DL,38.3,C,1157
Jeremy Ruckert,00-0037805,TE,38.3,C,1190
Xavier Legette,00-0039342,WR,38.3,C,1295
Jaylon Moore,00-0036557,OL,38.2,C,1163
John Ridgeway,00-0037283,DL,38.2,C,906
Keidron Smith,00-0038696,DB,38.2,C,81
Andrew Mukuba,00-0040749,DB,38.2,C,637
TreVeyon Henderson,00-0040734,RB,38.2,C,548
Billy Bowman Jr.,00-0040156,DB,38.2,C,282
Ta'Quon Graham,00-0036948,DL,38.1,C,1318
James Mitchell,00-0037282,TE,38.1,C,384
Tyjae Spears,00-0039032,RB,38.1,C,1162
James Proche,00-0036133,WR,38.0,C,652
Dylan Drummond,00-0038953,WR,38.0,C,112
Natrone Brooks,00-0038966,DB,38.0,C,113
Joshua Farmer,00-0040171,DL,38.0,C,204
Warren Brinson,00-0040016,DL,38.0,C,280
Ameer Abdullah,00-0032104,RB,37.9,C,1776
Elijah Mitchell,00-0036567,RB,37.9,C,793
Ar'Darius Washington,00-0036587,DB,37.9,C,966
Zamir White,00-0038040,RB,37.9,C,459
Luke Schoonmaker,00-0038547,TE,37.9,C,1096
Jake Bobo,00-0038752,WR,37.9,C,729
Jalen Rivers,00-0040180,OL,37.9,C,443
Pat Bryant,00-0040134,WR,37.9,C,474
Daniel Ekuale,00-0034251,DL,37.8,C,1639
K'Von Wallace,00-0036395,DB,37.8,C,1522
Tylan Wallace,00-0036630,WR,37.8,C,695
Asim Richards,00-0038601,OL,37.8,C,549
Travis Vokolek,00-0038456,TE,37.8,C,79
Denzel Burke,00-0040195,DB,37.8,C,629
Basil Okoye,00-0039176,DL,37.8,C,197
Calvin Throckmorton,00-0035764,OL,37.7,C,1909
Ty Chandler,00-0037276,RB,37.7,C,487
Olumuyiwa Fashanu,00-0039790,OL,37.7,C,1502
Moliki Matavao,00-0040244,TE,37.7,C,79
Albert Okwuegbunam,00-0036423,TE,37.6,C,738
Daniel Hardy,00-0037843,DL,37.6,C,123
Chandler Zavala,00-0038536,OL,37.6,C,741
Jerrick Reed II,00-0038613,DB,37.6,C,98
T'Vondre Sweat,00-0039886,DL,37.6,C,1020
Tatum Bethune,00-0039435,LB,37.6,C,520
Blake Corum,00-0039738,RB,37.5,C,507
Larrell Murchison,00-0036237,DL,37.4,C,788
Ben Bartch,00-0036272,OL,37.4,C,1626
Bryce Oliver,00-0039650,WR,37.4,C,94
Devin Culp,00-0039754,TE,37.4,C,79
Austin Ajiake,00-0039178,LB,37.4,C,150
Andy Dalton,00-0027973,QB,37.3,C,5519
Dante Pettis,00-0034860,WR,37.3,C,1660
Max Mitchell,00-0038114,OL,37.3,C,1053
Tomon Fox,00-0037447,LB,37.3,C,582
Jonathan Mingo,00-0039062,WR,37.3,C,1383
Jalen Brooks,00-0038640,WR,37.3,C,513
Josh Downs,00-0038997,WR,37.2,C,1847
Percy Butler,00-0038100,DB,37.1,C,1357
Dylan Horton,00-0039009,DL,37.1,C,638
Marcus Harris,00-0040201,DB,37.1,C,325
Eric Gregory,00-0040371,DL,37.1,C,134
Tavierre Thomas,00-0034488,DB,37.0,C,1634
Kendall Sheffield,00-0035255,DB,37.0,C,1329
Thayer Munford Jr.,00-0037322,OL,37.0,C,1178
Leonard Taylor III,00-0039289,DL,37.0,C,394
Ashton Jeanty,00-0040122,RB,37.0,C,737
Barryn Sorrell,00-0040010,DL,37.0,C,191
Shedeur Sanders,00-0040668,QB,37.0,C,412
Cameron Sample,00-0036850,DL,36.9,C,1400
DeMarvin Leal,00-0037759,DL,36.9,C,425
Brayden Willis,00-0038643,TE,36.9,C,77
Marshawn Kneeland,00-0039900,DL,36.9,C,393
James Williams,00-0039430,LB,36.9,C,183
Tom Kennedy,00-0035544,WR,36.8,C,421
Dallas Turner,00-0039924,LB,36.8,C,962
Caedan Wallace,00-0039863,OL,36.8,C,121
Tylan Grable,00-0039882,OL,36.8,C,139
Will Johnson,00-0040751,DB,36.8,C,662
KeAndre Lambert-Smith,00-0040184,WR,36.8,C,111
Tonka Hemingway,00-0040169,DL,36.8,C,177
Jerome Ford,00-0037267,RB,36.7,C,1396
Cedric Tillman,00-0038979,WR,36.7,C,1492
Ronnie Bell,00-0038647,WR,36.6,C,308
Noah Sewell,00-0038390,LB,36.6,C,417
Chris Braswell,00-0039902,LB,36.6,C,579
Jack Bech,00-0040729,WR,36.6,C,326
Nick Hampton,00-0039076,LB,36.5,C,198
Chazz Surratt,00-0037003,LB,36.5,C,134
Zaire Mitchell-Paden,00-0037340,TE,36.5,C,100
Jayden Higgins,00-0040130,WR,36.5,C,725
Konata Mumpfield,00-0040590,WR,36.5,C,397
Damone Clark,00-0037281,LB,36.4,C,1424
Ja'Tavion Sanders,00-0039356,TE,36.4,C,873
Elic Ayomanor,00-0040170,WR,36.4,C,751
Kevin Winston Jr.,00-0040141,DB,36.4,C,296
Segun Olubi,00-0037527,LB,36.3,C,142
Christian Roland-Wallace,00-0039324,DB,36.3,C,361
Donovan Jackson,00-0040661,OL,36.3,C,749
Travis Homer,00-0035594,RB,36.2,C,672
Chris Williams,00-0035857,DL,36.2,C,686
Mazi Smith,00-0038545,DL,36.2,C,916
Kitan Crawford,00-0040230,DB,36.2,C,128
Jalen Royals,00-0040646,WR,36.2,C,77
Demetrius Flannigan-Fowles,00-0035020,LB,36.1,C,812
Trayveon Williams,00-0035291,RB,36.1,C,336
Cody White,00-0035891,WR,36.1,C,287
Amen Ogbongbemiga,00-0036716,LB,36.1,C,224
Jake Andrews,00-0039030,OL,36.1,C,1225
Trent Taylor,00-0033292,WR,36.0,C,1247
Teddy Bridgewater,00-0031237,QB,36.0,C,2293
Benito Jones,00-0035841,DL,36.0,C,1620
Stone Forsythe,00-0036653,OL,36.0,C,1646
Marcelino McCrary-Ball,00-0037526,LB,36.0,C,103
Cam Grandy,00-0039631,TE,36.0,C,89
Tanner Hudson,00-0034613,TE,35.9,C,888
Craig Reynolds,00-0035567,RB,35.9,C,428
Kyle Williams,00-0040131,WR,35.9,C,371
Luke Wattenberg,00-0037278,OL,35.8,C,1946
Josh Hayes,00-0039051,DB,35.8,C,303
Justin Eboigbe,00-0039835,DL,35.7,C,425
Braxton Jones,00-0037081,OL,35.6,C,2551
Tre Tucker,00-0038563,WR,35.6,C,2144
Josh Newton,00-0039375,DB,35.6,C,728
Keleki Latu,00-0040363,TE,35.6,C,78
Tucker Fisk,00-0037654,TE,35.5,C,511
Austen Pleasants,00-0035829,OL,35.5,C,188
Jowon Briggs,00-0039431,DL,35.5,C,671
Cameron Latu,00-0038564,TE,35.5,C,94
R.J. Mickens,00-0040221,DB,35.5,C,336
C.J. Brewer,00-0037662,DL,35.4,C,212
Dylan Fairchild,00-0040140,OL,35.4,C,911
Elijah Ponder,00-0040574,LB,35.4,C,303
Tyrion Ingram-Dawkins,00-0040173,DL,35.4,C,235
Nohl Williams,00-0040670,DB,35.4,C,429
Calvin Anderson,00-0034957,OL,35.3,C,912
Sam Kamara,00-0036705,DL,35.3,C,524
Quan Martin,00-0039149,DB,35.3,C,2278
Rob Beal Jr.,00-0038603,DL,35.3,C,284
Jamal Agnew,00-0033572,WR,35.2,C,1012
Elijah Moore,00-0036980,WR,35.2,C,3115
Baylon Spector,00-0037318,LB,35.2,C,343
John Michael Schmitz,00-0039019,OL,35.2,C,2382
Trenton Simpson,00-0038504,LB,35.2,C,1044
Kameron Johnson,00-0039589,WR,35.2,C,140
Del'Shawn Phillips,00-0035202,LB,35.1,C,344
Jalyn Armour-Davis,00-0038119,DB,35.1,C,646
Kaiir Elam,00-0037242,DB,35.1,C,1568
Ja'Marcus Ingram,00-0037661,DB,35.1,C,362
Grant Calcaterra,00-0037086,TE,35.1,C,1534
Ja'Sir Taylor,00-0037307,DB,35.1,C,1150
Dante Stills,00-0038623,DL,35.1,C,1507
Benjamin Chukwuma,00-0040417,OL,35.1,C,142
Grant Stuard,00-0036672,LB,35.0,C,283
Quinton Bell,00-0035000,LB,35.0,C,403
Marvin Mims Jr.,00-0038976,WR,35.0,C,1127
Darius Cooper,00-0040024,WR,35.0,C,220
Gunnar Helm,00-0040584,TE,35.0,C,504
Tremon Smith,00-0034278,DB,34.9,C,648
Ross Dwelley,00-0034073,TE,34.9,C,1356
Perrion Winfrey,00-0038126,DL,34.9,C,362
Cedric Johnson,00-0039752,DL,34.9,C,270
Jared Wayne,00-0038728,WR,34.9,D,95
Da'Shawn Hand,00-0034371,DL,34.8,C,2135
Blake Brandel,00-0036347,OL,34.8,C,2152
Ethan Bonner,00-0038684,DB,34.8,C,122
Hunter Long,00-0037004,TE,34.7,C,747
McKinnley Jackson,00-0039354,DL,34.7,C,367
Jordan Magee,00-0039368,LB,34.7,C,360
Christian Braswell,00-0038616,DB,34.6,C,189
Darrell Luter Jr.,00-0038594,DB,34.5,C,321
Malik Nabers,00-0039337,WR,34.5,D,1036
Jalen Davis,00-0034446,DB,34.4,C,565
Mason Kinsey,00-0036176,WR,34.4,D,162
Alex Forsyth,00-0038649,OL,34.4,C,449
Chris Rumph II,00-0036867,LB,34.3,C,856
Quintin Morris,00-0036590,TE,34.3,C,857
Thomas Booker,00-0037262,DL,34.2,C,933
Jordan Hancock,00-0040192,DB,34.2,C,178
Justin Skule,00-0034989,OL,34.1,C,1674
D.J. Ivey,00-0038642,DB,34.1,C,183
Michael Jerrell,00-0039842,OL,34.1,C,263
Princely Umanmielen,00-0040136,LB,34.1,C,225
Josh Johnson,00-0026300,QB,34.0,C,515
Fred Johnson,00-0034951,OL,34.0,C,1846
Julius Brents,00-0039156,DB,34.0,C,647
Jaylen Wright,00-0039874,RB,34.0,D,274
Zach Wilson,00-0037013,QB,33.9,C,1861
Lucas Krull,00-0037539,TE,33.9,C,518
Austin Schlottmann,00-0034112,OL,33.8,C,1333
Derius Davis,00-0038573,WR,33.8,D,367
Kitan Oladapo,00-0039818,DB,33.8,C,129
Tyler Steen,00-0039001,OL,33.7,C,1459
Robbie Ouzts,00-0040649,RB,33.7,D,200
Johnathan Edwards,00-0040347,DB,33.7,C,297
Jimmy Horn Jr.,00-0040218,WR,33.7,D,161
Pat O'Connor,00-0033595,DL,33.6,C,618
River Cracraft,00-0034054,WR,33.6,D,608
Sam Roberts,00-0037298,DL,33.5,C,247
Foster Sarell,00-0036584,OL,33.5,C,526
Alex Austin,00-0038646,DB,33.5,C,562
DeeJay Dallas,00-0036425,RB,33.4,D,662
Zach Harrison,00-0038980,DL,33.4,D,809
Casey Washington,00-0039394,WR,33.4,D,177
Ty'Ron Hopper,00-0039812,LB,33.4,C,145
Tre Brown,00-0036885,DB,33.2,C,1157
Drake Jackson,00-0037826,LB,33.2,C,536
Elijah Hicks,00-0037096,DB,33.2,C,1029
Keyon Martin,00-0040636,DB,33.2,C,136
Neville Gallimore,00-0036366,DL,33.1,D,1987
Garret Wallow,00-0036844,LB,33.1,C,472
KT Leveston,00-0039755,OL,33.1,C,622
Jelani Woods,00-0037755,TE,33.0,C,371
Matthew Butler,00-0037280,DL,33.0,D,349
Tommy Eichenberg,00-0039374,LB,33.0,C,159
Kenneth Grant,00-0040127,DL,33.0,D,523
Khalid Kareem,00-0036341,DL,32.9,D,585
Jaret Patterson,00-0036755,RB,32.9,D,274
Adam Prentice,00-0036727,RB,32.9,D,781
Kimani Vidal,00-0039391,RB,32.9,D,676
Kris Abrams-Draine,00-0039371,DB,32.9,C,321
Ty Hamilton,00-0040585,DL,32.9,D,166
Benjamin Morrison,00-0040747,DB,32.9,C,345
Corey Ballentine,00-0035633,DB,32.8,C,987
Malik Herring,00-0036682,DL,32.7,D,474
Kingsley Eguakun,00-0039442,OL,32.7,C,132
Jacob Hummel,00-0037633,LB,32.6,C,152
Raheem Layne,00-0037468,DB,32.6,C,215
Kion Smith,00-0036839,OL,32.6,C,202
Kingsley Suamataia,00-0039844,OL,32.6,C,1214
Chad Muma,00-0037811,LB,32.5,C,739
Markquese Bell,00-0037561,DB,32.5,C,1039
Dillon Gabriel,00-0040704,QB,32.5,C,351
Rashee Rice,00-0039067,WR,32.4,D,1337
Will Mallory,00-0038394,TE,32.4,C,251
Brenden Bates,00-0039458,TE,32.4,C,169
Josh Woods,00-0034801,LB,32.3,C,718
Claudin Cherelus,00-0038493,LB,32.3,C,399
Jaylon Carlies,00-0039377,LB,32.3,C,226
Rasheen Ali,00-0039796,RB,32.3,D,132
Maurice Hurst,00-0034746,DL,32.2,D,1644
Ben Cleveland,00-0036977,OL,32.1,C,657
Britain Covey,00-0037132,WR,32.1,D,162
Deane Leonard,00-0037320,DB,32.1,D,332
JC Latham,00-0039731,OL,32.1,C,1778
Teagan Quitoriano,00-0037277,TE,32.0,D,674
Jaleel McLaughlin,00-0038794,RB,32.0,D,562
Isaac TeSlaa,00-0040669,WR,32.0,D,419
DeMarvion Overshown,00-0038556,LB,31.8,C,864
Patrick Paul,00-0039899,OL,31.8,D,1247
Jamari Thrash,00-0039379,WR,31.8,D,337
Isaiah Williams,00-0039451,WR,31.8,D,342
Josh Butler,00-0038348,DB,31.8,D,177
Dylan Cook,00-0037480,OL,31.8,D,334
Charlie Heck,00-0036195,OL,31.7,D,1822
Isaiah McGuire,00-0038574,DL,31.7,D,937
Quinn Ewers,00-0040234,QB,31.7,C,173
Blake Hance,00-0035355,OL,31.6,D,1003
Carlos Basham,00-0036553,LB,31.6,D,960
Ko Kieft,00-0037311,TE,31.6,D,569
Dante Trader Jr.,00-0040182,DB,31.6,D,397
Cody Simon,00-0040645,LB,31.6,D,516
Torricelli Simpkins III,00-0040541,OL,31.6,D,169
Mike Caliendo,00-0037207,OL,31.5,D,843
Hunter Nourzad,00-0039827,OL,31.4,D,117
Mitchell Evans,00-0040187,TE,31.4,D,390
Kei'Trel Clark,00-0038984,DB,31.3,D,713
Cornell Armstrong,00-0034792,DB,31.2,D,546
Tyson Bagent,00-0038416,QB,31.2,C,312
Luke Haggard,00-0038818,OL,31.2,D,232
Dee Eskridge,00-0036620,WR,31.1,D,470
Michael Bandy,00-0036959,WR,31.1,D,243
Zak Zinter,00-0039350,OL,31.1,D,265
Julius Chestnut,00-0037594,RB,31.0,D,155
Jarrett Stidham,00-0035264,QB,30.9,D,441
Kingsley Jonathan,00-0037431,DL,30.9,D,173
Sedrick Van Pran-Granger,00-0039876,OL,30.9,D,193
Trey Sermon,00-0036984,RB,30.8,D,439
Feleipe Franks,00-0036825,TE,30.8,D,108
Shemar Stewart,00-0040756,DL,30.8,D,271
Chris Lammons,00-0034145,DB,30.7,D,450
Sam Franklin Jr.,00-0036037,DB,30.7,D,744
Keaton Mitchell,00-0038454,RB,30.7,D,279
Ventrell Miller,00-0038570,LB,30.7,D,639
Nick Bellore,00-0028292,LB,30.6,D,979
Ronnie Rivers,00-0037557,RB,30.6,D,231
Khalil Dorsey,00-0036124,DB,30.5,D,174
Jordan McFadden,00-0038595,OL,30.5,D,239
Luke Wypler,00-0038609,OL,30.5,D,316
JD Bertrand,00-0039370,LB,30.5,D,335
Zeek Biggers,00-0040248,DL,30.5,D,205
Trikweze Bridges,00-0040251,DB,30.5,D,229
D'Anthony Bell,00-0037332,DB,30.4,D,477
Yasir Abdullah,00-0038580,LB,30.4,D,205
Mike Morris,00-0038591,DL,30.4,D,254
Isaiah Foskey,00-0039143,DL,30.4,D,168
Christian Haynes,00-0039839,OL,30.4,D,188
Mark Robinson,00-0037316,LB,30.3,D,221
Emari Demercado,00-0038705,RB,30.3,D,621
Byron Young,00-0038978,DL,30.3,D,424
Mekhi Wingo,00-0039396,DL,30.3,D,217
Jeremiah Trotter Jr.,00-0039826,LB,30.3,D,186
DeAngelo Malone,00-0037808,LB,30.2,D,315
Kelee Ringo,00-0039140,DB,30.2,D,629
Darian Kinnard,00-0037194,OL,30.2,D,343
Azareye'h Thomas,00-0040133,DB,30.2,D,292
Zayne Anderson,00-0036677,DB,30.1,D,158
Danny Pinter,00-0036215,OL,29.9,D,836
Trey Lance,00-0037012,QB,29.9,D,433
Dadrion Taylor-Demerson,00-0039864,DB,29.9,D,655
RJ Harvey,00-0040730,RB,29.9,D,532
Tavius Robinson,00-0038505,LB,29.8,D,1263
Braiden McGregor,00-0039284,DL,29.8,D,312
Kris Jenkins,00-0039908,DL,29.8,D,938
Jack Sawyer,00-0040160,LB,29.8,D,288
Greg Dulcich,00-0037252,TE,29.7,D,870
Samuel Womack,00-0037830,DB,29.6,D,993
Malik Turner,00-0034867,WR,29.5,D,404
DJ Glaze,00-0039349,OL,29.5,D,1873
Jordan Clark,00-0040397,DB,29.5,D,131
Kyle Hinton,00-0036354,OL,29.4,D,345
Mason Taylor,00-0040736,TE,29.4,D,625
Jalen Nailor,00-0037291,WR,29.3,D,1356
James Houston,00-0037310,LB,29.3,D,581
Zacch Pickens,00-0038937,DL,29.3,D,515
Jason Brownlee,00-0038492,WR,29.3,D,316
A.J. Green,00-0036114,DB,29.2,D,305
Calvin Austin III,00-0037837,WR,29.2,D,1444
Harold Fannin Jr.,00-0040663,TE,29.2,D,746
Marlon Davidson,00-0036291,DL,29.1,D,534
Dawand Jones,00-0039014,OL,29.1,D,1297
Kaevon Merriweather,00-0038823,DB,29.1,D,430
Jaden Crumedy,00-0039402,DL,29.1,D,155
Jordan Burch,00-0040137,LB,29.1,D,457
Kyle Monangai,00-0040236,RB,29.1,D,520
DeMarcco Hellams,00-0038628,DB,29.0,D,363
Jonathan Ford,00-0037094,DL,29.0,D,217
Emeka Egbuka,00-0040129,WR,29.0,D,837
Jaylon Jones,00-0037106,DB,28.9,D,685
Xavier Thomas,00-0039367,LB,28.9,D,209
C.J. West,00-0040711,DL,28.9,D,323
Sidy Sow,00-0038569,OL,28.7,D,905
Javontae Jean-Baptiste,00-0039412,LB,28.7,D,291
Jake Hansen,00-0037457,LB,28.6,D,385
Jordan Jefferson,00-0039743,DL,28.6,D,160
Shemar James,00-0040011,LB,28.6,D,500
Elijah Arroyo,00-0040739,TE,28.5,D,312
Josh Fryar,00-0040382,OL,28.5,D,277
Kyle Allen,00-0034577,QB,28.4,D,1279
Samori Toure,00-0037098,WR,28.4,D,243
Tyler Goodson,00-0037120,RB,28.4,D,205
Parry Nickerson,00-0034274,DB,28.3,D,351
Tristin McCollum,00-0037461,DB,28.3,D,413
Nehemiah Pritchett,00-0039795,DB,28.3,D,238
Trevor Nowaske,00-0038660,LB,28.3,D,391
Joe Milton III,00-0039398,QB,28.3,D,103
Michael Mayer,00-0039066,TE,28.2,D,1443
Korie Black,00-0040243,DB,28.2,D,172
Quinton Bohanna,00-0036649,DL,28.1,D,616
Andre Baccellia,00-0035876,WR,28.1,D,240
Desjuan Johnson,00-0039061,LB,28.1,D,386
DJ Johnson,00-0038535,DL,28.1,D,624
Arian Smith,00-0040582,WR,28.1,D,361
Damon Arnette,00-0036359,DB,28.0,D,385
Elijah Chatman,00-0039764,DL,28.0,D,466
Marcus Mbow,00-0040181,OL,28.0,D,304
Jacob Parrish,00-0040143,DB,28.0,D,710
Velus Jones Jr.,00-0037745,WR,27.9,D,271
Chimere Dike,00-0040705,WR,27.9,D,591
Jack Cochrane,00-0037208,LB,27.8,D,249
Joe Andreessen,00-0039763,LB,27.8,D,203
T.J. Tampa,00-0039234,DB,27.8,D,148
Keith Taylor,00-0036561,DB,27.7,D,912
Kyu Blu Kelly,00-0038381,DB,27.7,D,573
Nazeeh Johnson,00-0037198,DB,27.7,D,525
Joe Giles-Harris,00-0035363,LB,27.6,D,244
Sean McKeon,00-0036032,TE,27.6,D,390
Marlon Tuipulotu,00-0036920,DL,27.6,D,516
Jordon Riley,00-0038506,DL,27.6,D,424
Brashard Smith,00-0040078,RB,27.6,D,180
Ty Summers,00-0034999,LB,27.5,D,328
David Martin-Robinson,00-0039648,TE,27.4,D,165
T.J. Sanders,00-0040724,DL,27.4,D,323
Matt Dickerson,00-0034657,DL,27.3,D,818
Terrell Burgess,00-0036421,DB,27.3,D,483
Xavier Gipson,00-0038496,WR,27.3,D,713
Jared Wiley,00-0039824,TE,27.2,D,101
Malachi Moore,00-0040165,DB,27.2,D,885
Darien Porter,00-0040641,DB,27.2,D,572
Curtis Robinson,00-0036728,LB,27.0,D,330
Austin Trammell,00-0036841,WR,27.0,D,226
Donovan Ezeiruaku,00-0040725,LB,27.0,D,559
Jonah Monheim,00-0040227,OL,27.0,D,182
Mike Brown,00-0037493,DB,26.9,D,474
Jordan Phillips,00-0040175,DL,26.9,D,438
Maxwell Hairston,00-0040709,DB,26.9,D,335
Nick Kallerup,00-0040058,TE,26.9,D,130
Josh Blackwell,00-0037129,DB,26.8,D,252
Will Putnam,00-0039544,OL,26.8,D,136
Javon Solomon,00-0039879,LB,26.7,D,317
Caleb Rogers,00-0040150,OL,26.7,D,273
LaBryan Ray,00-0037203,DL,26.6,D,1049
Cam Jones,00-0038513,LB,26.6,D,167
Daniel Thomas,00-0036306,DB,26.5,D,528
Mohamoud Diabate,00-0038711,LB,26.5,D,846
Jaylin Lane,00-0040164,WR,26.5,D,321
Jack Westover,00-0039305,TE,26.4,D,275
Dean Clark,00-0040396,DB,26.4,D,167
Brett Toth,00-0035743,OL,26.3,D,553
Sam Webb,00-0037516,DB,26.3,D,458
Trevor Penning,00-0037241,OL,26.1,D,2056
Cedric Gray,00-0039858,LB,26.1,D,911
Dylan Sampson,00-0040162,RB,26.1,D,234
Dare Ogunbowale,00-0033854,RB,26.0,D,1434
Nick Niemann,00-0036648,LB,25.8,D,349
Armand Membou,00-0040123,OL,25.8,D,1005
Alfred Collins,00-0040721,DL,25.8,D,523
Eric Watts,00-0039291,DL,25.7,D,306
Shavon Revel Jr.,00-0040008,DB,25.7,D,305
Shane Zylstra,00-0036534,TE,25.6,D,542
Brenton Cox Jr.,00-0038463,DL,25.6,D,260
Bo Melton,00-0037091,WR,25.6,D,519
Demani Richardson,00-0039601,DB,25.6,D,405
Corey Levin,00-0033793,OL,25.5,D,733
Brenden Jaimes,00-0036636,OL,25.5,D,275
Simi Fehoko,00-0036646,WR,25.4,D,328
Adonai Mitchell,00-0039890,WR,25.4,D,843
Maason Smith,00-0039889,DL,25.3,D,645
Ali Gaye,00-0038724,DL,25.3,D,199
DJ Davidson,00-0037260,DL,25.1,D,751
Tyrus Wheat,00-0038742,LB,25.1,D,241
Ryan McCollum,00-0036783,OL,25.0,D,300
Brandon Pili,00-0038694,DL,25.0,D,248
Storm Duck,00-0039481,DB,25.0,D,380
Qwan'tez Stiggers,00-0039789,DB,24.9,D,274
D'Angelo Ross,00-0034966,DB,24.8,D,302
Brandon Allen,00-0032434,QB,24.7,D,614
Brett Rypien,00-0034955,QB,24.7,D,317
Owen Pappoe,00-0038600,LB,24.7,D,324
Stephen Carlson,00-0035039,TE,24.6,D,294
Andre Jones Jr.,00-0038635,LB,24.6,D,224
Tyler Lacy,00-0038940,DL,24.6,D,672
Caelen Carson,00-0039387,DB,24.6,D,433
Christian Mahogany,00-0039408,OL,24.5,D,810
Cameron Goode,00-0037315,LB,24.4,D,181
Jordan Jackson,00-0037294,DL,24.4,D,370
Trey Amos,00-0040731,DB,24.4,D,475
Darren Hall,00-0036956,DB,24.3,D,1006
Jakorian Bennett,00-0039072,DB,24.3,D,849
Tanner Conner,00-0037348,TE,24.1,D,239
Dalton Tucker,00-0039578,OL,24.1,D,575
Matt Peart,00-0036392,OL,24.0,D,1017
Jeremiah Moon,00-0037179,LB,24.0,D,229
Zachary Carter,00-0037804,DL,23.9,D,1269
Roman Wilson,00-0039739,WR,23.6,D,249
Tate Ratledge,00-0040728,OL,23.4,D,1039
Joe Bachie,00-0035895,LB,23.2,D,375
Devon Key,00-0036683,DB,23.2,D,312
Juanyeh Thomas,00-0037578,DB,23.1,D,509
Giovanni Ricci,00-0035956,TE,23.0,D,370
Jay Tufele,00-0036881,DL,22.9,D,730
Phidarian Mathis,00-0038099,DL,22.9,D,559
Sydney Brown,00-0039002,DB,22.8,D,630
Elijah Campbell,00-0034248,DB,22.5,D,304
Jon Gaines II,00-0038571,OL,22.5,D,345
Patrick Johnson,00-0036922,DL,22.4,D,516
E.J. Jenkins,00-0038498,TE,22.0,D,103
Isaiah Bond,00-0040782,WR,21.9,D,466
Chukwuebuka Godrick,00-0039174,OL,21.2,D,179
Xavier Newman-Johnson,00-0037601,OL,20.8,D,327
John Ojukwu,00-0038852,OL,20.8,D,410
Will Shipley,00-0039746,RB,20.7,D,180
Luke Gifford,00-0035413,LB,20.5,D,451
David Ojabo,00-0038142,LB,20.5,D,565
Blake Whiteheart,00-0038710,TE,20.4,D,429
Isaiah Davis,00-0039798,RB,20.2,D,380
Chris Oladokun,00-0037324,QB,19.9,D,109
Jason Marshall Jr.,00-0040178,DB,19.8,D,230
Jordan Meredith,00-0036604,OL,19.6,D,1311
Brandon Walton,00-0036123,OL,19.5,D,242
Lecitus Smith,00-0037308,OL,19.3,D,260
Michael Jurgens,00-0039419,OL,19.2,D,287
Austin Deculus,00-0037302,OL,18.9,D,558
Reddy Steward,00-0039465,DB,18.3,D,511
Atonio Mafi,00-0038586,OL,17.8,D,583
Lathan Ransom,00-0040159,DB,17.8,D,337
PJ Mustipher,00-0038795,DL,17.3,D,311
Jalen Travis,00-0040163,OL,16.0,D,296
Brady Cook,00-0040398,QB,15.6,D,289
Tanner McKee,00-0038400,QB,14.9,D,168
Riley Leonard,00-0040206,QB,10.8,D,123
Esa Pole,00-0040092,OL,5.8,D,266
Dont'e Thornton Jr.,00-0040581,WR,4.9,D,375
Max Brosmer,00-0040494,QB,4.1,D,165
Clayton Tune,00-0038582,QB,1.0,D,143
