"last_name, first_name","player_id","display_team_name","year","primary_pos_formatted","fielding_runs_prevented","outs_above_average","outs_above_average_infront","outs_above_average_lateral_toward3bline","outs_above_average_lateral_toward1bline","outs_above_average_behind","outs_above_average_rhh","outs_above_average_lhh","actual_success_rate_formatted","adj_estimated_success_rate_formatted","diff_success_rate_formatted"
"Abreu, José","547989","White Sox","","1B","-5",-7,-3,0,-2,-2,-2,-5,"67%","70%","-3%"
"Acuña Jr., Ronald","660670","Braves","","CF","0",0,1,-1,0,-1,-2,2,"89%","89%","0%"
"Adames, Cristhian","542436","Giants","","3B","0",1,0,0,0,0,0,0,"75%","70%","5%"
"Adames, Willy","642715","Rays","","SS","6",8,3,5,0,1,5,3,"79%","77%","2%"
"Adams, Matt","571431","Nationals","","1B","0",0,-2,0,1,1,0,0,"75%","74%","1%"
"Adduci, James","451192","Cubs","","RF","0",0,0,0,0,0,0,0,"100%","93%","7%"
"Adrianza, Ehire","501303","Twins","","SS","-2",-3,2,-6,2,0,2,-4,"70%","71%","-1%"
"Aguilar, Jesús","542583","---","","1B","0",0,0,1,0,-1,0,0,"73%","73%","0%"
"Ahmed, Nick","605113","D-backs","","SS","12",17,9,4,1,2,8,9,"78%","75%","3%"
"Alberto, Hanser","593643","Orioles","","2B","3",4,3,-4,4,1,2,2,"76%","75%","1%"
"Albies, Ozzie","645277","Braves","","2B","-2",-3,2,-13,8,0,0,-3,"72%","72%","0%"
"Alford, Anthony","546990","Blue Jays","","RF","1",1,0,0,1,0,0,0,"100%","96%","4%"
"Allen, Austin","664119","Padres","","1B","0",0,0,0,0,0,0,0,"67%","58%","9%"
"Allen, Greg","656185","Guardians","","LF","3",4,1,1,0,2,2,1,"89%","87%","2%"
"Almonte, Abraham","501659","D-backs","","RF","0",0,-1,0,0,1,0,0,"93%","91%","2%"
"Almora Jr., Albert","546991","Cubs","","CF","2",3,2,6,-1,-4,6,-3,"87%","86%","1%"
"Alonso, Pete","624413","Mets","","1B","-4",-6,1,-6,0,-1,-3,-2,"72%","74%","-2%"
"Alonso, Yonder","475174","---","","1B","-1",-1,0,-1,1,0,1,-1,"73%","75%","-2%"
"Altherr, Aaron","571437","---","","CF","1",1,0,0,0,0,0,0,"95%","93%","2%"
"Altuve, Jose","514888","Astros","","2B","4",5,2,5,-1,-1,4,1,"74%","73%","1%"
"Alvarez, Yordan","670541","Astros","","LF","-2",-2,-1,0,-1,-1,-2,-1,"77%","95%","-18%"
"Anderson, Brian","605119","Marlins","","3B","0",1,-1,5,-2,-1,2,-1,"72%","72%","0%"
"Anderson, Tim","641313","White Sox","","SS","2",2,-6,9,-2,1,3,0,"72%","71%","1%"
"Andrus, Elvis","462101","Rangers","","SS","8",10,11,4,-5,0,3,7,"71%","70%","1%"
"Andujar, Miguel","609280","Yankees","","3B","-2",-2,-1,0,-1,0,-1,-1,"47%","63%","-16%"
"Aquino, Aristides","606157","Reds","","RF","3",4,1,3,-1,1,3,1,"90%","86%","4%"
"Arcia, Orlando","606115","Brewers","","SS","-5",-7,-3,2,-6,0,-8,1,"74%","75%","-1%"
"Arenado, Nolan","571448","Rockies","","3B","17",22,4,6,10,2,16,7,"71%","67%","4%"
"Arozarena, Randy","668227","Cardinals","","CF","0",0,0,0,0,0,0,0,"100%","99%","1%"
"Arraez, Luis","650333","Twins","","2B","-10",-13,-1,-9,-3,0,-5,-8,"69%","74%","-5%"
"Arroyo, Christian","624414","Rays","","3B","0",-1,-1,0,0,0,0,-1,"68%","70%","-2%"
"Arteaga, Humberto","600858","Royals","","SS","-3",-3,-2,-1,-1,0,-3,0,"66%","69%","-3%"
"Astudillo, Willians","553902","Twins","","3B","0",0,0,1,-1,0,0,0,"69%","69%","0%"
"Austin, Tyler","592122","---","","LF","-3",-4,0,-1,-3,0,0,-3,"70%","77%","-7%"
"Avelino, Abiatal","623214","Giants","","SS","0",0,0,0,0,0,0,0,"80%","79%","1%"
"Bader, Harrison","664056","Cardinals","","CF","11",12,5,3,3,1,10,2,"93%","88%","5%"
"Barnes, Austin","605131","Dodgers","","2B","0",0,0,-1,0,0,0,-1,"80%","89%","-9%"
"Barnhart, Tucker","571466","Reds","","1B","0",-1,0,-1,0,0,0,-1,"50%","66%","-16%"
"Barreto, Franklin","620439","Athletics","","2B","-2",-3,-2,-2,1,1,-2,-1,"78%","82%","-4%"
"Bauers, Jake","641343","Guardians","","LF","-7",-7,1,-6,-2,0,-5,-2,"76%","82%","-6%"
"Beaty, Matt","607461","Dodgers","","1B","-4",-5,0,-4,0,-1,-2,-3,"77%","82%","-5%"
"Beckham, Gordon","493596","Tigers","","2B","-6",-7,-1,-4,-2,0,-4,-3,"74%","77%","-3%"
"Beckham, Tim","542921","Mariners","","SS","-9",-12,-3,-8,-1,0,-6,-6,"72%","77%","-5%"
"Bell, Josh","605137","Pirates","","1B","-3",-4,1,-3,-1,-1,-4,0,"70%","72%","-2%"
"Bellinger, Cody","641355","Dodgers","","RF","7",8,4,1,4,-1,4,4,"88%","86%","2%"
"Belt, Brandon","474832","Giants","","1B","0",0,2,-2,0,1,-1,1,"73%","73%","0%"
"Benintendi, Andrew","643217","Red Sox","","LF","-7",-8,0,-1,-5,-3,-4,-4,"80%","84%","-4%"
"Berti, Jon","542932","Marlins","","SS","-1",-1,-1,0,0,0,-2,1,"72%","72%","0%"
"Betts, Mookie","605141","Red Sox","","RF","4",4,2,-1,3,1,5,0,"89%","88%","1%"
"Bichette, Bo","666182","Blue Jays","","SS","-4",-6,-4,-1,-1,0,-4,-2,"77%","81%","-4%"
"Biggio, Cavan","624415","Blue Jays","","2B","-1",-1,3,-5,1,0,-3,2,"74%","75%","-1%"
"Bird, Greg","595885","Yankees","","1B","0",0,-1,0,1,0,-1,0,"78%","79%","-1%"
"Bishop, Braden","623323","Mariners","","CF","1",1,0,0,0,0,0,1,"93%","91%","2%"
"Blackmon, Charlie","453568","Rockies","","RF","-8",-9,-1,-4,-3,-1,-6,-3,"83%","86%","-3%"
"Blandino, Alex","607468","Reds","","2B","0",0,0,-1,0,0,0,0,"78%","77%","1%"
"Bogaerts, Xander","593428","Red Sox","","SS","-7",-9,0,-3,-7,1,-10,1,"71%","73%","-2%"
"Bolt, Skye","621450","Athletics","","CF","0",0,-1,0,0,0,0,0,"91%","93%","-2%"
"Bonifacio, Jorge","593528","Royals","","RF","-1",-1,0,0,-1,0,0,-1,"85%","90%","-5%"
"Bote, David","623520","Cubs","","3B","1",1,1,1,0,0,1,0,"74%","73%","1%"
"Bour, Justin","571506","Angels","","1B","0",0,-2,2,0,0,0,1,"77%","77%","0%"
"Bourjos, Peter","488721","Angels","","CF","1",1,0,0,1,0,1,1,"100%","96%","4%"
"Bradley Jr., Jackie","598265","Red Sox","","CF","6",6,2,4,2,-2,3,4,"90%","88%","2%"
"Bradley, Bobby","656252","Guardians","","1B","0",0,0,0,0,0,-1,1,"56%","58%","-2%"
"Brantley, Michael","488726","Astros","","LF","-2",-2,0,2,-3,0,-1,-1,"82%","83%","-1%"
"Braun, Ryan","460075","Brewers","","LF","-7",-8,2,-3,-5,-1,-5,-3,"84%","88%","-4%"
"Bregman, Alex","608324","Astros","","3B","1",1,2,0,-1,0,1,0,"73%","73%","0%"
"Brinson, Lewis","621446","Marlins","","CF","0",0,0,1,-1,1,-1,1,"90%","90%","0%"
"Brito, Sócrates","593647","Blue Jays","","RF","1",1,0,0,0,0,0,0,"86%","84%","2%"
"Brosseau, Mike","670712","Rays","","2B","-3",-4,0,-2,-1,-1,-3,-1,"77%","81%","-4%"
"Brown, Seth","664913","Athletics","","LF","1",1,0,0,0,0,0,1,"91%","86%","5%"
"Broxton, Keon","542979","---","","CF","7",8,1,3,4,0,4,4,"94%","89%","5%"
"Bruce, Jay","457803","---","","LF","0",0,-1,1,1,-1,0,0,"87%","87%","0%"
"Bryant, Kris","592178","Cubs","","3B","-1",-1,-2,2,-3,1,-5,4,"72%","72%","0%"
"Butera, Drew","460077","Rockies","","1B","0",0,0,0,0,0,0,0,"67%","62%","5%"
"Buxton, Byron","621439","Twins","","CF","10",11,0,3,5,2,8,3,"93%","88%","5%"
"Báez, Javier","595879","Cubs","","SS","24",32,10,15,7,0,20,12,"77%","71%","6%"
"Cabrera, Asdrúbal","452678","---","","3B","6",8,1,5,1,1,7,1,"68%","66%","2%"
"Cabrera, Melky","466320","Pirates","","RF","-4",-5,0,-3,-1,-1,-2,-2,"81%","84%","-3%"
"Cabrera, Miguel","408234","Tigers","","1B","-3",-4,-1,-2,-1,0,-2,-2,"69%","79%","-10%"
"Cain, Lorenzo","456715","Brewers","","CF","13",14,-1,7,6,2,10,4,"90%","86%","4%"
"Calhoun, Kole","594777","Angels","","RF","1",1,0,-1,3,-2,1,0,"85%","84%","1%"
"Calhoun, Willie","641432","Rangers","","LF","-5",-6,-2,-3,0,0,-4,-2,"86%","90%","-4%"
"Camargo, Johan","622666","Braves","","SS","-3",-4,-1,-4,1,0,-5,1,"73%","76%","-3%"
"Candelario, Jeimer","600869","Tigers","","3B","3",4,1,2,1,-1,5,-2,"65%","64%","1%"
"Canha, Mark","592192","Athletics","","CF","-1",-1,-1,-1,1,0,-2,1,"88%","88%","0%"
"Canó, Robinson","429664","Mets","","2B","1",1,2,0,0,-2,0,1,"70%","70%","0%"
"Caratini, Victor","605170","Cubs","","1B","-1",-2,0,-2,0,0,0,-2,"63%","69%","-6%"
"Carpenter, Matt","572761","Cardinals","","3B","4",6,1,0,6,-1,2,4,"71%","69%","2%"
"Casali, Curt","592200","Reds","","1B","0",0,0,0,0,0,0,0,"50%","41%","9%"
"Castellanos, Nick","592206","---","","RF","-7",-8,-1,-4,-2,0,-5,-3,"86%","88%","-2%"
"Castro, Harold","605612","Tigers","","2B","-5",-6,0,-4,-1,-1,-2,-4,"79%","81%","-2%"
"Castro, Starlin","516770","Marlins","","2B","8",10,5,1,2,2,4,6,"78%","76%","2%"
"Castro, Willi","650489","Tigers","","SS","-2",-2,-2,2,0,-2,-1,-2,"68%","70%","-2%"
"Cave, Jake","595909","Twins","","RF","2",3,1,1,0,1,3,0,"89%","87%","2%"
"Cervelli, Francisco","465041","Braves","","1B","-1",-1,0,0,-1,0,0,-1,"25%","54%","-29%"
"Chang, Yu","644374","Guardians","","3B","2",2,2,0,0,0,1,1,"66%","62%","4%"
"Chapman, Matt","656305","Athletics","","3B","11",15,12,0,2,1,17,-2,"75%","72%","3%"
"Chavis, Michael","656308","Red Sox","","2B","2",3,0,2,1,-1,0,3,"79%","78%","1%"
"Choi, Ji Man","596847","Rays","","1B","-5",-6,-1,-7,2,0,-2,-4,"67%","70%","-3%"
"Choo, Shin-Soo","425783","Rangers","","LF","-12",-13,-4,-1,-7,-1,-7,-6,"80%","87%","-7%"
"Colón, Christian","518568","Reds","","2B","0",0,0,0,0,0,0,0,"100%","98%","2%"
"Conforto, Michael","624424","Mets","","RF","4",5,3,0,-1,2,3,2,"86%","84%","2%"
"Contreras, Willson","575929","Cubs","","RF","0",0,0,0,0,0,0,0,"75%","72%","3%"
"Cooper, Garrett","643265","Marlins","","1B","3",4,3,0,0,0,0,4,"82%","80%","2%"
"Cordell, Ryan","641477","White Sox","","RF","6",7,1,2,3,0,6,1,"89%","85%","4%"
"Cordero, Franchy","614173","Padres","","CF","-1",-1,0,0,0,0,0,0,"73%","78%","-5%"
"Correa, Carlos","621043","Astros","","SS","8",11,6,6,-2,0,9,1,"77%","73%","4%"
"Court, Ryan","606956","Mariners","","LF","0",0,0,0,0,0,1,0,"78%","77%","1%"
"Cowart, Kaleb","592230","Angels","","3B","0",0,1,0,0,0,0,0,"84%","85%","-1%"
"Cozart, Zack","446359","Angels","","3B","0",0,0,0,0,0,-1,1,"74%","74%","0%"
"Crawford, Brandon","543063","Giants","","SS","3",5,6,4,-5,-1,9,-4,"73%","72%","1%"
"Crawford, J.P.","641487","Mariners","","SS","-1",-1,-1,2,-2,-1,1,-2,"77%","77%","0%"
"Cron, C.J.","543068","Twins","","1B","5",7,1,2,3,0,1,6,"72%","70%","2%"
"Cron, Kevin","605196","D-backs","","1B","-1",-1,-1,0,0,0,-1,0,"57%","64%","-7%"
"Culberson, Charlie","518586","Braves","","SS","-1",-2,0,-1,0,0,-2,1,"77%","79%","-2%"
"Cuthbert, Cheslor","596144","Royals","","1B","-6",-8,-1,-3,-3,-1,-6,-3,"67%","71%","-4%"
"Dahl, David","621311","Rockies","","CF","2",2,2,2,-1,0,-1,3,"85%","83%","2%"
"Davis, Chris","448801","Orioles","","1B","0",0,-3,4,1,-2,-5,5,"69%","69%","0%"
"Davis, J.D.","605204","Mets","","LF","-7",-7,-6,-1,-1,0,-2,-5,"71%","75%","-4%"
"Davis, Jaylin","664041","Giants","","RF","-1",-1,0,0,0,-2,-1,0,"86%","90%","-4%"
"Davis, Johnny","643275","Rays","","CF","0",0,0,0,0,0,0,0,"100%","99%","1%"
"Davis, Jonathan","641505","Blue Jays","","CF","2",3,-1,3,1,-1,0,2,"90%","86%","4%"
"Davis, Khris","501981","Athletics","","LF","0",0,-1,0,0,0,-1,0,"60%","68%","-8%"
"Davis, Rajai","434658","Mets","","RF","0",0,0,0,0,0,0,0,"100%","93%","7%"
"Daza, Yonathan","602074","Rockies","","CF","0",0,-2,1,2,-1,1,-1,"88%","88%","0%"
"DeJong, Paul","657557","Cardinals","","SS","5",7,2,-4,8,1,3,4,"77%","76%","1%"
"DeShields, Delino","592261","Rangers","","CF","10",11,-1,7,3,2,6,5,"92%","88%","4%"
"Dean, Austin","621573","Marlins","","LF","-5",-5,-2,0,-1,-3,-1,-4,"80%","86%","-6%"
"Delmonico, Nicky","547170","White Sox","","LF","-4",-4,-1,-1,-3,0,-1,-3,"75%","86%","-11%"
"Demeritte, Travis","641513","Tigers","","RF","-5",-6,1,-3,-4,0,-4,-1,"82%","86%","-4%"
"Descalso, Daniel","518614","Cubs","","2B","-3",-4,1,-1,-3,0,-3,-2,"76%","79%","-3%"
"Desmond, Ian","435622","Rockies","","CF","-9",-10,-2,-2,-5,-2,-5,-5,"81%","86%","-5%"
"Devers, Rafael","646240","Red Sox","","3B","13",18,1,3,9,5,16,2,"69%","65%","4%"
"Dickerson, Alex","543105","---","","LF","-1",-1,0,0,-2,0,1,-2,"88%","90%","-2%"
"Dickerson, Corey","572816","---","","LF","0",0,0,0,2,-2,0,-1,"86%","86%","0%"
"Dietrich, Derek","518618","Reds","","2B","-3",-4,1,-3,0,-2,-1,-3,"73%","76%","-3%"
"Difo, Wilmer","594694","Nationals","","SS","1",2,0,-1,2,1,1,1,"69%","68%","1%"
"Dixon, Brandon","641525","Tigers","","1B","1",1,1,0,-1,1,-2,2,"78%","77%","1%"
"Donaldson, Josh","518626","Braves","","3B","8",10,7,5,0,-1,14,-4,"69%","67%","2%"
"Dozier, Brian","572821","Nationals","","2B","-3",-5,-2,-1,-1,0,-3,-2,"70%","71%","-1%"
"Dozier, Hunter","641531","Royals","","3B","-6",-7,-2,3,-9,1,-3,-4,"70%","72%","-2%"
"Drury, Brandon","592273","Blue Jays","","3B","4",5,6,-3,2,1,4,2,"73%","72%","1%"
"Dubón, Mauricio","643289","Giants","","2B","1",1,-1,1,1,0,-1,2,"80%","79%","1%"
"Duda, Lucas","446263","Royals","","1B","-4",-5,-1,-3,-2,0,-3,-2,"54%","66%","-12%"
"Duffy, Matt","622110","Rays","","3B","-3",-3,-1,-1,-2,0,-3,0,"69%","72%","-3%"
"Duggar, Steven","621453","Giants","","CF","3",4,-2,3,2,1,4,0,"92%","89%","3%"
"Duvall, Adam","594807","Braves","","LF","1",1,0,1,-1,0,0,0,"85%","84%","1%"
"Dyson, Jarrod","502481","D-backs","","CF","5",6,0,4,2,0,1,5,"89%","86%","3%"
"Díaz, Aledmys","649557","Astros","","2B","1",1,2,-3,1,1,-1,2,"66%","66%","0%"
"Díaz, Isan","656371","Marlins","","2B","-7",-9,-5,0,-3,-1,-5,-4,"74%","79%","-5%"
"Díaz, Yandy","650490","Rays","","3B","-2",-2,-2,-2,1,0,1,-3,"72%","73%","-1%"
"Eaton, Adam","594809","Nationals","","RF","0",0,0,-1,-1,2,6,-6,"85%","85%","0%"
"Edman, Tommy","669242","Cardinals","","3B","9",11,2,7,-1,3,4,7,"75%","71%","4%"
"Elmore, Jake","518653","Pirates","","RF","-2",-3,-1,-1,-1,0,-3,0,"67%","80%","-13%"
"Encarnación, Edwin","429665","---","","1B","-2",-2,1,-4,0,0,-2,0,"65%","66%","-1%"
"Engel, Adam","641553","White Sox","","CF","5",6,1,2,0,2,3,3,"92%","89%","3%"
"Ervin, Phillip","640447","Reds","","LF","3",3,1,1,1,0,3,0,"90%","87%","3%"
"Escobar, Eduardo","500871","D-backs","","3B","-3",-4,-2,0,-3,0,-1,-3,"68%","68%","0%"
"Estrada, Thairo","642731","Yankees","","2B","0",1,2,0,-2,0,0,1,"72%","71%","1%"
"Farmer, Kyle","571657","Reds","","2B","2",3,0,3,0,0,2,1,"71%","67%","4%"
"Fisher, Derek","605233","---","","LF","-2",-2,-1,0,-1,1,0,-2,"80%","83%","-3%"
"Flaherty, Ryan","475247","Guardians","","3B","0",0,0,-1,1,0,1,-1,"68%","69%","-1%"
"Fletcher, David","664058","Angels","","3B","9",12,10,3,-1,-1,8,4,"78%","76%","2%"
"Flores, Wilmer","527038","D-backs","","2B","0",0,-3,3,0,-1,3,-3,"71%","71%","0%"
"Ford, Mike","645801","Yankees","","1B","0",0,1,-1,0,0,0,-1,"68%","68%","0%"
"Forsythe, Logan","523253","Rangers","","3B","-6",-8,-2,-2,-5,0,-8,-1,"67%","70%","-3%"
"Fowler, Dexter","451594","Cardinals","","RF","-6",-6,0,-2,-7,2,-3,-3,"85%","87%","-2%"
"Fraley, Jake","641584","Mariners","","CF","0",0,0,1,0,0,0,1,"76%","75%","1%"
"France, Ty","664034","Padres","","3B","-1",-2,0,0,-1,-1,0,-1,"65%","66%","-1%"
"Franco, Maikel","596748","Phillies","","3B","-1",-1,4,1,-5,-2,4,-5,"66%","66%","0%"
"Frazier, Adam","624428","Pirates","","2B","6",8,0,3,5,0,5,3,"78%","76%","2%"
"Frazier, Clint","640449","Yankees","","RF","-10",-11,-3,-4,-4,0,-8,-3,"72%","83%","-11%"
"Frazier, Todd","453943","Mets","","3B","1",2,2,-2,1,0,2,-1,"73%","72%","1%"
"Freeman, Freddie","518692","Braves","","1B","-2",-3,4,-3,-2,-2,-5,2,"70%","70%","0%"
"Freeman, Mike","502273","Guardians","","2B","2",2,1,2,1,-1,1,2,"76%","75%","1%"
"Freese, David","501896","Dodgers","","1B","0",0,0,1,0,-1,-2,2,"72%","72%","0%"
"Fuentes, Joshua","658069","Rockies","","1B","1",1,1,0,1,0,0,1,"86%","81%","5%"
"Gallo, Joey","608336","Rangers","","CF","0",0,0,1,0,0,-2,3,"90%","90%","0%"
"Galloway, Isaac","543194","Marlins","","CF","1",1,0,0,0,1,1,1,"97%","93%","4%"
"Galvis, Freddy","520471","---","","SS","6",8,3,6,-2,1,10,-2,"76%","75%","1%"
"Gamel, Ben","592325","Brewers","","LF","2",3,1,2,-1,1,-1,4,"92%","90%","2%"
"Garcia, Aramis","605244","Giants","","1B","0",0,0,0,0,-1,-1,1,"80%","83%","-3%"
"Garcia, Greg","594824","Padres","","2B","-1",-1,1,1,-1,-2,-1,0,"74%","74%","0%"
"García, Avisaíl","541645","Rays","","RF","2",3,0,1,1,1,-1,3,"90%","89%","1%"
"García, Leury","544725","White Sox","","CF","1",1,-1,2,-1,1,2,-1,"82%","82%","0%"
"García, Robel","596825","Cubs","","2B","-1",-1,0,0,0,-1,-1,0,"78%","79%","-1%"
"Gardner, Brett","458731","Yankees","","CF","2",2,-1,1,3,-1,0,2,"87%","86%","1%"
"Garlick, Kyle","664247","Dodgers","","LF","0",0,1,0,-1,0,0,0,"87%","87%","0%"
"Gennett, Scooter","571697","---","","2B","-2",-2,0,-1,0,-1,1,-3,"73%","75%","-2%"
"Gerber, Mike","595222","Giants","","LF","-1",-1,0,-1,0,0,-1,0,"83%","97%","-14%"
"Goins, Ryan","572365","White Sox","","3B","-2",-2,0,0,1,-2,0,-2,"66%","67%","-1%"
"Goldschmidt, Paul","502671","Cardinals","","1B","5",7,4,1,2,1,3,4,"77%","75%","2%"
"Gonzalez, Marwin","503556","Twins","","3B","4",6,1,3,2,0,3,3,"80%","78%","2%"
"González, Carlos","471865","---","","LF","1",1,0,0,0,1,0,1,"94%","93%","1%"
"González, Erik","570481","Pirates","","SS","1",1,-1,0,3,-1,2,-1,"80%","80%","0%"
"Goodrum, Niko","592348","Tigers","","SS","8",11,-2,6,7,-1,10,1,"81%","78%","3%"
"Goodwin, Brian","571718","Angels","","LF","2",2,-1,0,1,2,-1,4,"89%","88%","1%"
"Gordon, Alex","460086","Royals","","LF","-5",-5,-1,-4,0,0,-2,-3,"83%","85%","-2%"
"Gore, Terrance","605253","Royals","","LF","4",4,0,2,1,1,1,3,"94%","82%","12%"
"Gosselin, Phil","594838","Phillies","","SS","-1",-1,-2,1,0,0,-1,0,"70%","76%","-6%"
"Grandal, Yasmani","518735","Brewers","","1B","0",-1,1,0,-1,0,-1,0,"69%","71%","-2%"
"Granderson, Curtis","434158","Marlins","","LF","-2",-2,1,0,-3,0,-3,1,"85%","87%","-2%"
"Green, Zach","608339","Giants","","3B","0",0,0,0,0,0,0,0,"83%","78%","5%"
"Gregorius, Didi","544369","Yankees","","SS","-14",-19,-11,-3,-6,1,-12,-8,"71%","77%","-6%"
"Grichuk, Randal","545341","Blue Jays","","RF","5",6,-1,1,4,2,5,1,"88%","86%","2%"
"Grisham, Trent","663757","Brewers","","CF","3",4,0,3,0,1,3,1,"94%","89%","5%"
"Grossman, Robbie","543257","Athletics","","LF","2",3,1,3,-2,1,0,2,"89%","88%","1%"
"Guerrero Jr., Vladimir","665489","Blue Jays","","3B","-14",-19,-10,-4,-4,0,-10,-10,"63%","70%","-7%"
"Guillorme, Luis","641645","Mets","","SS","0",0,0,0,0,0,1,0,"75%","75%","0%"
"Gurriel Jr., Lourdes","666971","Blue Jays","","LF","-5",-5,0,0,-5,0,-4,-2,"79%","83%","-4%"
"Gurriel, Yuli","493329","Astros","","1B","4",6,4,0,4,-2,-2,8,"74%","72%","2%"
"Gutiérrez, Kelvin","642721","Royals","","3B","0",0,-1,1,0,0,1,-1,"74%","74%","0%"
"Guzmán, Ronald","608597","Rangers","","1B","-3",-4,-3,0,-1,0,-2,-2,"76%","79%","-3%"
"Gyorko, Jedd","576397","---","","3B","4",5,1,2,2,-1,5,1,"78%","69%","9%"
"Gómez, Carlos","460576","Mets","","CF","0",0,0,0,2,-2,2,-2,"89%","89%","0%"
"Haggerty, Sam","664059","Mets","","RF","0",0,0,0,0,0,0,0,"0%","2%","-2%"
"Hamilton, Billy","571740","---","","CF","4",4,-2,1,5,0,3,1,"90%","88%","2%"
"Hampson, Garrett","641658","Rockies","","2B","0",0,1,-2,-2,2,3,-2,"78%","78%","0%"
"Haniger, Mitch","571745","Mariners","","RF","3",3,1,1,1,1,2,1,"91%","89%","2%"
"Hanson, Alen","593700","Blue Jays","","2B","-2",-2,-1,0,-1,0,-2,-1,"71%","79%","-8%"
"Happ, Ian","664023","Cubs","","3B","0",0,0,-1,1,0,-1,1,"78%","79%","-1%"
"Harper, Bryce","547180","Phillies","","RF","-1",-1,3,-3,0,0,1,-2,"86%","86%","0%"
"Harrison, Josh","543281","Tigers","","2B","0",0,0,-1,0,1,2,-2,"75%","75%","0%"
"Haseley, Adam","656514","Phillies","","CF","3",3,-1,1,3,0,3,0,"88%","86%","2%"
"Hays, Austin","669720","Orioles","","CF","1",1,0,0,0,0,1,0,"92%","90%","2%"
"Healy, Ryon","592387","Mariners","","3B","-4",-5,1,-3,-2,-1,-6,0,"64%","68%","-4%"
"Hechavarría, Adeiny","588751","---","","SS","-2",-3,0,0,-2,-1,-3,0,"69%","71%","-2%"
"Heineman, Scott","595981","Rangers","","CF","1",1,0,0,1,0,0,1,"84%","82%","2%"
"Heredia, Guillermo","628338","Rays","","CF","5",5,0,1,5,0,2,3,"91%","87%","4%"
"Hermosillo, Michael","641684","Angels","","LF","3",3,0,1,0,2,2,1,"91%","82%","9%"
"Hernández, César","514917","Phillies","","2B","0",0,-4,0,1,3,5,-6,"76%","76%","0%"
"Hernández, Enrique","571771","Dodgers","","2B","-2",-3,-1,1,-3,0,-3,-1,"82%","83%","-1%"
"Hernández, Gorkys","491676","Red Sox","","RF","0",0,-1,0,0,0,0,0,"89%","90%","-1%"
"Hernández, Marco","593523","Red Sox","","2B","-3",-3,2,-3,-2,0,1,-5,"74%","78%","-4%"
"Hernández, Teoscar","606192","Blue Jays","","CF","-5",-5,-1,-3,0,-1,-3,-3,"88%","89%","-1%"
"Herrera, Odúbel","546318","Phillies","","CF","1",1,-1,1,0,1,1,0,"88%","87%","1%"
"Herrera, Rosell","594011","Marlins","","CF","-2",-2,-1,-2,0,0,-2,0,"81%","85%","-4%"
"Heyward, Jason","518792","Cubs","","CF","8",9,3,4,3,0,10,0,"88%","85%","3%"
"Hicks, Aaron","543305","Yankees","","CF","-2",-2,-1,-1,1,-1,1,-3,"89%","91%","-2%"
"Hicks, John","543308","Tigers","","1B","0",0,1,-2,1,0,0,0,"61%","62%","-1%"
"Hilliard, Sam","656541","Rockies","","CF","-1",-1,0,-1,0,0,-1,0,"89%","91%","-2%"
"Hiura, Keston","669374","Brewers","","2B","-6",-9,-5,-3,-2,1,-5,-4,"71%","74%","-3%"
"Hoerner, Nico","663538","Cubs","","SS","3",4,1,2,0,0,2,2,"70%","66%","4%"
"Holt, Brock","571788","Red Sox","","2B","3",4,4,1,0,-1,1,3,"80%","78%","2%"
"Hoskins, Rhys","656555","Phillies","","1B","1",1,1,-3,2,0,-2,3,"68%","67%","1%"
"Hosmer, Eric","543333","Padres","","1B","-8",-11,0,-8,-2,-1,-6,-4,"71%","74%","-3%"
"Iglesias, Jose","578428","Reds","","SS","10",14,4,5,6,-1,12,1,"76%","73%","3%"
"Inciarte, Ender","542255","Braves","","CF","3",3,-1,2,3,-1,3,1,"92%","90%","2%"
"Jackson, Drew","623515","Orioles","","CF","0",0,0,0,0,0,0,0,"100%","99%","1%"
"Jankowski, Travis","608671","Padres","","CF","0",0,0,0,0,0,0,0,"100%","96%","4%"
"Jay, Jon","445055","White Sox","","RF","-5",-6,-1,-3,-2,0,-4,-2,"77%","85%","-8%"
"Jiménez, Eloy","650391","White Sox","","LF","-10",-11,-4,-5,-1,-1,-4,-7,"83%","88%","-5%"
"Joe, Connor","656582","Giants","","LF","0",0,0,0,0,0,0,0,"78%","74%","4%"
"Jones, Adam","430945","D-backs","","RF","-3",-4,0,-1,-4,1,-2,-2,"83%","85%","-2%"
"Jones, JaCoby","592444","Tigers","","CF","1",1,-1,1,0,1,2,-1,"87%","86%","1%"
"Joseph, Corban","543377","---","","2B","-3",-4,-2,0,-3,0,-1,-3,"67%","76%","-9%"
"Joyce, Matt","459964","Braves","","RF","-1",-1,-2,0,1,0,-1,0,"78%","80%","-2%"
"Judge, Aaron","592450","Yankees","","RF","8",9,-1,1,5,3,6,3,"91%","87%","4%"
"Kang, Jung Ho","628356","Pirates","","3B","-2",-2,0,0,-1,-1,-3,1,"64%","65%","-1%"
"Kemp, Matt","461314","Reds","","LF","-1",-1,-1,0,1,-1,-1,0,"68%","73%","-5%"
"Kemp, Tony","643393","---","","2B","5",7,2,0,3,2,6,0,"81%","77%","4%"
"Kendrick, Howie","435062","Nationals","","1B","-4",-5,0,-2,-2,-1,-5,0,"77%","79%","-2%"
"Kepler, Max","596146","Twins","","RF","6",6,0,3,3,0,4,2,"93%","90%","3%"
"Kieboom, Carter","666198","Nationals","","SS","-4",-5,-4,-1,0,0,-4,-1,"64%","76%","-12%"
"Kiermaier, Kevin","595281","Rays","","CF","17",19,2,7,10,0,12,7,"94%","87%","7%"
"Kiner-Falefa, Isiah","643396","Rangers","","3B","4",5,3,-1,2,0,5,0,"74%","67%","7%"
"Kingery, Scott","664068","Phillies","","3B","1",1,-1,0,2,0,0,1,"82%","82%","0%"
"Kinsler, Ian","435079","Padres","","2B","3",4,2,1,1,1,1,3,"74%","73%","1%"
"Kipnis, Jason","543401","Guardians","","2B","-8",-11,-2,-5,-4,0,-5,-6,"73%","77%","-4%"
"Knapp, Andrew","595284","Phillies","","1B","0",0,0,0,0,0,0,0,"100%","88%","12%"
"Kramer, Kevin","596012","Pirates","","RF","0",0,0,0,0,0,0,0,"88%","90%","-2%"
"La Stella, Tommy","600303","Angels","","2B","-2",-2,2,-2,0,-1,2,-4,"72%","74%","-2%"
"LaMarre, Ryan","534606","Twins","","CF","0",0,1,-1,0,0,0,0,"92%","92%","0%"
"Lagares, Juan","501571","Mets","","CF","4",4,1,2,2,-1,2,2,"89%","87%","2%"
"Lamb, Jake","571875","D-backs","","3B","0",0,-1,-2,1,2,1,0,"64%","63%","1%"
"Laureano, Ramón","657656","Athletics","","CF","-3",-3,1,0,-2,-2,-3,0,"88%","89%","-1%"
"LeMahieu, DJ","518934","Yankees","","2B","7",9,3,-1,7,-1,8,1,"78%","76%","2%"
"Lewis, Kyle","641786","Mariners","","RF","2",2,2,0,0,0,2,0,"88%","83%","5%"
"Leyba, Domingo","642736","D-backs","","2B","0",1,-1,2,0,0,0,1,"78%","76%","2%"
"León, Sandy","506702","Red Sox","","1B","0",0,0,0,0,0,0,0,"50%","48%","2%"
"Lin, Tzu-Wei","624407","Red Sox","","2B","0",0,0,0,0,0,0,0,"83%","84%","-1%"
"Lindor, Francisco","596019","Guardians","","SS","18",24,7,12,8,-3,14,10,"77%","72%","5%"
"Locastro, Tim","641796","D-backs","","LF","1",1,-3,2,1,0,-1,2,"83%","82%","1%"
"Long Jr., Shed","643418","Mariners","","2B","-3",-3,0,-2,0,0,-1,-2,"68%","70%","-2%"
"Longoria, Evan","446334","Giants","","3B","6",8,2,1,4,0,8,0,"72%","70%","2%"
"Lopes, Tim","621005","Mariners","","LF","1",1,0,0,0,1,0,1,"94%","93%","1%"
"Lopez, Nicky","670032","Royals","","2B","1",1,3,0,-1,-1,0,1,"75%","75%","0%"
"Lorenzen, Michael","547179","Reds","","CF","2",2,1,1,1,0,2,0,"96%","89%","7%"
"Lowe, Brandon","664040","Rays","","2B","-4",-5,1,-5,0,-2,-6,0,"73%","75%","-2%"
"Lowe, Nathaniel","663993","Rays","","1B","-4",-5,0,-3,0,-1,-4,-1,"62%","71%","-9%"
"Lucroy, Jonathan","518960","---","","1B","0",0,0,0,0,0,0,0,"100%","91%","9%"
"Lugo, Dawel","608475","Tigers","","3B","1",1,2,-1,-1,0,0,0,"65%","65%","0%"
"Luplow, Jordan","656669","Guardians","","RF","2",2,1,-2,1,2,2,0,"86%","85%","1%"
"Lux, Gavin","666158","Dodgers","","2B","1",1,0,0,1,0,1,1,"81%","79%","2%"
"Machado, Manny","592518","Padres","","3B","-5",-7,-3,0,-2,-2,-3,-4,"68%","70%","-2%"
"Mahtook, Mikie","543484","Tigers","","CF","0",1,0,0,0,0,1,0,"94%","91%","3%"
"Maldonado, Martín","455117","Astros","","1B","-1",-1,0,-1,0,0,-1,0,"0%","70%","-70%"
"Mancini, Trey","641820","Orioles","","RF","-5",-6,-3,-2,-2,1,-9,4,"81%","82%","-1%"
"Margot, Manuel","622534","Padres","","CF","11",12,2,6,4,1,7,5,"93%","88%","5%"
"Marisnick, Jake","545350","Astros","","CF","6",7,1,4,0,1,2,5,"93%","90%","3%"
"Markakis, Nick","455976","Braves","","RF","-1",-1,0,-2,-1,1,-1,0,"86%","86%","0%"
"Marrero, Deven","571918","Marlins","","SS","0",0,0,0,0,0,0,0,"100%","97%","3%"
"Marte, Ketel","606466","D-backs","","CF","-3",-3,4,-6,1,-1,-3,0,"82%","82%","0%"
"Marte, Starling","516782","Pirates","","CF","2",2,-1,3,1,-1,1,2,"88%","87%","1%"
"Martin Jr., Richie","621006","Orioles","","SS","-1",-2,0,2,-3,-1,-3,2,"71%","72%","-1%"
"Martin, Jason","641829","Pirates","","LF","0",0,0,1,-2,0,-1,1,"83%","84%","-1%"
"Martin, Leonys","547982","Guardians","","CF","2",2,0,2,1,0,1,1,"89%","88%","1%"
"Martin, Russell","431145","Dodgers","","3B","0",1,0,0,0,0,1,0,"100%","92%","8%"
"Martinez, J.D.","502110","Red Sox","","RF","-4",-4,-1,0,-1,-1,-4,0,"80%","85%","-5%"
"Martini, Nick","605361","---","","LF","0",0,0,1,-1,0,-1,1,"90%","90%","0%"
"Martínez, José A.","500874","Cardinals","","RF","-9",-10,-2,-7,0,-1,-5,-5,"76%","83%","-7%"
"Maybin, Cameron","457727","Yankees","","LF","-1",-1,1,-3,1,0,0,-1,"86%","87%","-1%"
"Mayfield, Jack","608686","Astros","","SS","2",2,0,1,1,0,2,0,"82%","78%","4%"
"Mazara, Nomar","608577","Rangers","","RF","0",0,0,1,1,-1,1,-1,"88%","88%","0%"
"McBroom, Ryan","643436","Royals","","RF","-2",-2,0,-1,0,-1,-1,-1,"77%","83%","-6%"
"McCutchen, Andrew","457705","Phillies","","LF","-3",-3,0,-1,-2,0,-1,-2,"86%","89%","-3%"
"McKinney, Billy","641856","Blue Jays","","RF","-4",-4,0,-2,-1,0,-5,1,"85%","88%","-3%"
"McMahon, Ryan","641857","Rockies","","2B","-2",-3,1,-5,1,0,0,-3,"75%","75%","0%"
"McNeil, Jeff","643446","Mets","","2B","0",1,2,-2,3,-1,3,-2,"80%","79%","1%"
"Meadows, Austin","640457","Rays","","RF","0",0,1,1,-2,0,0,-1,"86%","86%","0%"
"Mejia, Erick","625510","Royals","","CF","0",0,0,-1,0,0,0,0,"93%","92%","1%"
"Mejias-Brean, Seth","623180","Padres","","3B","0",0,0,0,-1,0,0,0,"84%","83%","1%"
"Mejía, Francisco","642336","Padres","","LF","0",0,0,0,0,0,0,0,"100%","99%","1%"
"Mendick, Danny","664901","White Sox","","SS","0",1,1,-1,0,0,0,0,"84%","82%","2%"
"Mercado, Óscar","640458","Guardians","","CF","4",4,1,4,0,-1,0,4,"89%","87%","2%"
"Mercer, Jordy","474568","Tigers","","SS","-1",-1,1,1,-3,0,-2,0,"70%","71%","-1%"
"Merrifield, Whit","593160","Royals","","2B","-2",-3,-2,2,-3,-1,-5,1,"79%","79%","0%"
"Miller, Brad","543543","---","","3B","0",0,-3,1,1,1,-1,1,"80%","80%","0%"
"Miller, Ian","641878","Twins","","CF","1",1,0,1,0,0,1,0,"96%","91%","5%"
"Molina, Yadier","425877","Cardinals","","1B","0",0,0,0,0,0,0,0,"100%","100%","0%"
"Moncada, Yoán","660162","White Sox","","3B","5",6,9,1,-3,0,5,1,"71%","70%","1%"
"Mondesi, Adalberto","609275","Royals","","SS","8",11,0,7,4,1,8,3,"73%","70%","3%"
"Moore, Dylan","664238","Mariners","","SS","3",2,2,1,-1,0,4,-1,"83%","82%","1%"
"Morales, Kendrys","434778","---","","1B","1",1,1,1,-1,0,0,1,"68%","66%","2%"
"Moran, Colin","592567","Pirates","","3B","-6",-8,-5,-6,3,-1,-4,-4,"62%","64%","-2%"
"Moreland, Mitch","519048","Red Sox","","1B","-2",-2,0,2,-5,1,-1,-2,"70%","71%","-1%"
"Moroff, Max","621559","Guardians","","SS","0",0,-1,0,0,0,-1,1,"71%","72%","-1%"
"Morrison, Logan","489149","Phillies","","1B","-1",-1,0,-1,0,0,0,-1,"50%","86%","-36%"
"Moustakas, Mike","519058","Brewers","","3B","0",0,-2,0,0,1,-2,2,"68%","68%","0%"
"Mullins, Cedric","656775","Orioles","","CF","2",3,0,2,1,0,2,0,"94%","89%","5%"
"Muncy, Max","571970","Dodgers","","2B","2",3,0,3,2,-2,3,0,"77%","77%","0%"
"Murphy, Daniel","502517","Rockies","","1B","-5",-7,1,-7,-1,0,-5,-2,"69%","71%","-2%"
"Murphy, Tom","608596","Mariners","","LF","0",0,0,0,0,0,0,0,"100%","99%","1%"
"Muñoz, Yairo","622168","Cardinals","","SS","-1",-1,-1,2,0,0,-1,1,"75%","75%","0%"
"Myers, Wil","571976","Padres","","CF","0",0,-3,0,1,1,2,-2,"88%","88%","0%"
"Naquin, Tyler","571980","Guardians","","RF","2",2,0,-2,3,1,0,2,"90%","89%","1%"
"Naylor, Josh","647304","Padres","","RF","-7",-8,-2,-1,-2,-2,-4,-3,"81%","89%","-8%"
"Negrón, Kristopher","502117","---","","RF","3",4,2,1,1,0,3,1,"90%","83%","7%"
"Neuse, Sheldon","641914","Athletics","","2B","1",1,0,1,1,0,1,0,"78%","75%","3%"
"Newman, Kevin","621028","Pirates","","SS","-6",-8,-3,-1,-3,-1,-4,-4,"73%","75%","-2%"
"Nimmo, Brandon","607043","Mets","","CF","1",1,1,0,1,0,1,1,"89%","88%","1%"
"Nola, Austin","543592","Mariners","","1B","-1",-2,0,-2,1,-1,-4,3,"73%","74%","-1%"
"Noll, Jake","669738","Nationals","","1B","-1",-1,0,-1,0,0,0,-1,"71%","82%","-11%"
"Núñez, Eduardo","456488","Red Sox","","2B","0",0,1,1,0,-1,0,0,"71%","71%","0%"
"Núñez, Renato","600524","Orioles","","1B","-5",-7,-3,-4,0,0,-3,-4,"63%","74%","-11%"
"O'Brien, Peter","598284","Marlins","","RF","0",0,0,0,0,0,0,0,"88%","87%","1%"
"O'Grady, Brian","657434","Reds","","CF","1",1,0,1,0,0,1,0,"85%","83%","2%"
"O'Hearn, Ryan","656811","Royals","","1B","-3",-3,2,-5,0,0,0,-3,"71%","73%","-2%"
"O'Neill, Tyler","641933","Cardinals","","LF","0",0,1,0,-1,0,0,-1,"88%","88%","0%"
"Odor, Rougned","596059","Rangers","","2B","2",3,-1,3,2,0,-2,5,"69%","68%","1%"
"Olson, Matt","621566","Athletics","","1B","7",9,-3,9,1,1,2,7,"78%","75%","3%"
"Ortega, Rafael","542364","Braves","","LF","1",1,0,1,0,0,1,0,"90%","88%","2%"
"Osuna, José","591741","Pirates","","1B","-5",-6,-1,-3,-1,-2,-2,-4,"70%","74%","-4%"
"Owings, Chris","572008","---","","2B","1",1,1,2,-1,-1,1,-1,"78%","78%","0%"
"Ozuna, Marcell","542303","Cardinals","","LF","-6",-7,-1,-2,-4,0,-3,-4,"84%","87%","-3%"
"Palka, Daniel","594953","White Sox","","RF","-2",-2,-1,0,0,-1,0,-2,"82%","87%","-5%"
"Panik, Joe","605412","---","","2B","3",4,2,1,3,-1,1,4,"75%","74%","1%"
"Parker, Jarrett","592620","Angels","","LF","-1",-1,0,0,0,-1,-1,0,"63%","75%","-12%"
"Parra, Gerardo","467827","---","","RF","1",1,1,2,-2,0,2,-1,"88%","87%","1%"
"Pearce, Steve","456665","Red Sox","","1B","-1",-1,0,-2,0,0,1,-2,"72%","75%","-3%"
"Pederson, Joc","592626","Dodgers","","LF","-4",-6,-1,-2,-4,1,-2,-4,"78%","81%","-3%"
"Pedroia, Dustin","456030","Red Sox","","2B","-1",-1,0,0,-1,0,0,-1,"82%","90%","-8%"
"Pence, Hunter","452254","Rangers","","LF","-4",-4,-1,-1,-2,1,-3,-1,"83%","90%","-7%"
"Peralta, David","444482","D-backs","","LF","1",1,1,-1,0,0,2,-1,"87%","87%","0%"
"Peraza, José","606299","Reds","","2B","5",6,3,5,0,-1,4,3,"81%","79%","2%"
"Peterson, Dustin","640460","Tigers","","LF","0",0,0,1,-1,0,0,-1,"76%","78%","-2%"
"Peterson, Jace","607054","Orioles","","2B","0",1,0,-1,1,0,-2,3,"86%","85%","1%"
"Pham, Tommy","502054","Rays","","LF","-9",-10,-4,-3,-3,1,-6,-4,"80%","85%","-5%"
"Phillips, Brett","621433","Royals","","CF","5",6,0,3,3,0,4,2,"94%","84%","10%"
"Pillar, Kevin","607680","---","","CF","-1",-1,-4,4,1,-2,3,-4,"88%","88%","0%"
"Pinder, Chad","640461","Athletics","","LF","-4",-6,-5,-1,-1,1,-3,-3,"82%","85%","-3%"
"Pirela, José","517369","---","","LF","1",1,0,0,0,1,0,1,"100%","81%","19%"
"Piscotty, Stephen","572039","Athletics","","RF","0",0,2,-1,-2,0,3,-3,"87%","87%","0%"
"Piña, Manny","444489","Brewers","","3B","0",0,0,0,0,0,0,0,"0%","0%","0%"
"Plawecki, Kevin","608700","Guardians","","1B","0",0,0,0,0,0,0,0,"100%","96%","4%"
"Polanco, Gregory","570256","Pirates","","RF","0",0,0,0,-1,2,-2,2,"87%","87%","0%"
"Polanco, Jorge","593871","Twins","","SS","-16",-21,-11,-3,-7,0,-17,-4,"72%","77%","-5%"
"Pollock, AJ","572041","Dodgers","","CF","-8",-8,-2,-1,-5,1,-4,-4,"79%","85%","-6%"
"Posey, Buster","457763","Giants","","1B","0",0,0,0,0,0,0,0,"67%","60%","7%"
"Prado, Martín","445988","Marlins","","1B","0",0,-1,-1,1,0,0,0,"75%","75%","0%"
"Profar, Jurickson","595777","Athletics","","2B","-4",-6,-2,-2,-2,1,0,-6,"75%","76%","-1%"
"Puello, César","527049","---","","CF","2",2,-1,1,1,0,0,2,"93%","92%","1%"
"Puig, Yasiel","624577","---","","RF","3",3,2,2,0,0,2,1,"84%","83%","1%"
"Pujols, Albert","405395","Angels","","1B","-5",-7,-2,-3,-2,0,-5,-2,"62%","66%","-4%"
"Pérez, Hernán","541650","Brewers","","2B","-2",-2,-3,1,0,0,0,-2,"75%","76%","-1%"
"Pérez, Michael","605421","Rays","","1B","0",0,0,0,0,0,0,0,"50%","56%","-6%"
"Quinn, Roman","596451","Phillies","","CF","0",0,0,1,-2,0,1,-1,"85%","85%","0%"
"Ramírez, Harold","623912","Marlins","","LF","-5",-5,-1,0,-3,-1,-5,0,"87%","89%","-2%"
"Ramírez, José","608070","Guardians","","3B","5",6,3,3,0,0,6,0,"70%","69%","1%"
"Ravelo, Rangel","592660","Cardinals","","1B","1",1,0,0,0,0,1,0,"70%","62%","8%"
"Realmuto, J.T.","592663","Phillies","","1B","0",0,0,0,-1,0,0,0,"75%","78%","-3%"
"Reddick, Josh","502210","Astros","","RF","1",1,3,0,1,-1,-1,2,"88%","88%","0%"
"Reed, AJ","607223","White Sox","","1B","0",0,0,1,-1,0,0,0,"58%","58%","0%"
"Reed, Michael","605439","Giants","","RF","0",0,0,0,0,0,0,0,"100%","99%","1%"
"Rendon, Anthony","543685","Nationals","","3B","1",2,2,3,-3,0,3,-1,"71%","70%","1%"
"Renfroe, Hunter","592669","Padres","","RF","6",7,1,3,1,2,5,2,"87%","84%","3%"
"Rengifo, Luis","650859","Angels","","2B","-3",-4,-5,0,-2,2,1,-5,"76%","77%","-1%"
"Reyes, Franmil","614177","---","","RF","-2",-2,4,-3,-3,0,1,-3,"87%","88%","-1%"
"Reyes, Pablo","622569","Pirates","","LF","-1",-1,1,1,-2,-2,-1,0,"77%","78%","-1%"
"Reyes, Victor","622682","Tigers","","CF","3",3,0,2,1,0,1,2,"91%","89%","2%"
"Reynolds, Bryan","668804","Pirates","","LF","2",2,0,1,-1,2,2,0,"86%","86%","0%"
"Reynolds, Mark","448602","Rockies","","1B","0",0,-1,1,-1,0,0,0,"64%","65%","-1%"
"Rickard, Joey","572073","---","","LF","0",0,-2,2,0,0,2,-2,"90%","90%","0%"
"Riddle, JT","595375","Marlins","","CF","-4",-5,-1,1,-5,0,-3,-2,"77%","82%","-5%"
"Riley, Austin","663586","Braves","","LF","-2",-2,1,-2,-1,0,0,-2,"79%","81%","-2%"
"Rios, Edwin","621458","Dodgers","","1B","-1",-1,-1,-1,0,0,-1,0,"61%","67%","-6%"
"Rivera, Yadiel","592680","Marlins","","3B","0",1,1,1,-1,0,0,1,"68%","66%","2%"
"Rizzo, Anthony","519203","Cubs","","1B","1",1,-2,-1,4,-1,4,-3,"72%","72%","0%"
"Robertson, Daniel","621002","Rays","","3B","2",2,0,-1,3,0,0,2,"75%","74%","1%"
"Robinson, Drew","592685","Cardinals","","CF","0",0,0,0,0,0,0,0,"100%","92%","8%"
"Robles, Victor","645302","Nationals","","CF","20",22,5,9,5,3,15,7,"93%","87%","6%"
"Rodgers, Brendan","663898","Rockies","","2B","-4",-5,-3,-1,0,-1,-4,-1,"77%","83%","-6%"
"Rodríguez, Ronny","500135","Tigers","","2B","-1",-1,1,-4,2,1,-3,2,"69%","70%","-1%"
"Rodríguez, Sean","446481","Phillies","","3B","2",3,1,1,1,1,2,1,"79%","76%","3%"
"Rojas, Josh","668942","D-backs","","LF","0",0,-1,2,-1,0,1,0,"85%","85%","0%"
"Rojas, Miguel","500743","Marlins","","SS","-1",-1,-1,4,-4,1,4,-5,"74%","74%","0%"
"Rondon, José","602922","---","","2B","-2",-2,0,0,-3,1,-5,3,"69%","71%","-2%"
"Rosario, Amed","642708","Mets","","SS","-10",-13,-4,-5,-2,-1,-7,-6,"71%","74%","-3%"
"Rosario, Eddie","592696","Twins","","LF","-14",-15,-2,-4,-8,-2,-8,-8,"80%","86%","-6%"
"Ruiz, Rio","547004","Orioles","","3B","-4",-5,-6,-2,2,1,-7,2,"68%","69%","-1%"
"Russell, Addison","608365","Cubs","","2B","6",7,2,4,0,1,3,4,"73%","70%","3%"
"Saladino, Tyler","573135","Brewers","","SS","3",3,1,1,0,0,1,2,"87%","79%","8%"
"Sanchez, Adrián","506703","Nationals","","3B","0",0,-1,1,0,0,0,0,"62%","59%","3%"
"Sandoval, Pablo","467055","Giants","","3B","-1",-1,-2,0,2,-1,0,-1,"67%","68%","-1%"
"Santana, Carlos","467793","Guardians","","1B","1",1,1,-5,5,1,-2,3,"76%","76%","0%"
"Santana, Danny","542454","Rangers","","1B","-1",-2,-2,-3,4,0,0,-2,"78%","79%","-1%"
"Santana, Domingo","570267","Mariners","","LF","-12",-14,-2,-5,-2,-4,-8,-6,"79%","85%","-6%"
"Santander, Anthony","623993","Orioles","","LF","-3",-3,-2,0,-1,1,-3,0,"89%","90%","-1%"
"Sanó, Miguel","593934","Twins","","3B","-5",-7,-1,-3,-3,0,-1,-5,"69%","71%","-2%"
"Schebler, Scott","594988","Reds","","CF","1",1,1,0,0,0,1,0,"90%","88%","2%"
"Schoop, Jonathan","570731","Twins","","2B","3",4,-1,8,-3,0,3,0,"72%","71%","1%"
"Schwarber, Kyle","656941","Cubs","","LF","-9",-10,-1,-6,-1,-2,-5,-5,"81%","85%","-4%"
"Schwindel, Frank","643524","Royals","","1B","-1",-1,-1,0,0,0,-1,0,"38%","53%","-15%"
"Seager, Corey","608369","Dodgers","","SS","3",4,-1,4,1,0,5,-1,"77%","76%","1%"
"Seager, Kyle","572122","Mariners","","3B","2",3,4,2,-2,-1,5,-2,"68%","67%","1%"
"Segura, Jean","516416","Phillies","","SS","-5",-7,0,2,-8,-1,-8,1,"70%","71%","-1%"
"Semien, Marcus","543760","Athletics","","SS","-3",-4,0,-3,-1,0,0,-4,"78%","78%","0%"
"Senzel, Nick","669222","Reds","","CF","1",1,3,3,-5,0,1,1,"85%","85%","0%"
"Shaw, Chris","622046","Giants","","1B","-1",-2,-1,-1,0,0,-1,-1,"33%","90%","-57%"
"Shaw, Travis","543768","Brewers","","3B","-2",-3,-6,0,2,0,-2,-1,"68%","69%","-1%"
"Shuck, JB","543776","Pirates","","RF","-1",-1,0,0,-1,0,-1,0,"86%","88%","-2%"
"Sierra, Magneuris","642423","Marlins","","CF","-1",-1,0,0,-1,0,0,-1,"84%","87%","-3%"
"Simmons, Andrelton","592743","Angels","","SS","14",19,8,3,7,0,19,-1,"78%","73%","5%"
"Skole, Matt","605474","White Sox","","1B","-1",-2,0,-2,0,0,-1,-1,"50%","72%","-22%"
"Slater, Austin","596103","Giants","","RF","1",1,0,0,1,0,1,1,"86%","85%","1%"
"Smith Jr., Dwight","596105","Orioles","","LF","-8",-9,-1,-3,-6,2,-5,-4,"81%","86%","-5%"
"Smith, Dominic","642086","Mets","","LF","-3",-4,-1,1,-3,-1,-2,-2,"79%","83%","-4%"
"Smith, Mallex","605480","Mariners","","CF","10",11,1,3,6,2,9,2,"92%","89%","3%"
"Smoak, Justin","475253","Blue Jays","","1B","-1",-1,2,-4,0,1,-1,0,"66%","67%","-1%"
"Sogard, Eric","519299","---","","2B","5",7,1,4,2,1,7,0,"79%","76%","3%"
"Solak, Nick","669256","Rangers","","3B","-4",-5,-2,0,-2,-1,-1,-4,"55%","65%","-10%"
"Solano, Donovan","456781","Giants","","2B","2",3,3,2,-1,-1,1,2,"77%","75%","2%"
"Solarte, Yangervis","500208","Giants","","2B","0",1,0,0,1,0,0,0,"79%","77%","2%"
"Soler, Jorge","624585","Royals","","RF","-4",-4,1,-2,-1,-1,-3,-1,"80%","83%","-3%"
"Sosa, Edmundo","624641","Cardinals","","2B","0",0,0,0,0,0,0,0,"100%","84%","16%"
"Soto, Juan","665742","Nationals","","LF","4",5,3,0,0,2,-2,6,"88%","86%","2%"
"Spangenberg, Cory","605486","Brewers","","2B","3",4,-1,2,3,0,3,1,"82%","76%","6%"
"Springer, George","543807","Astros","","CF","7",7,1,1,4,2,5,2,"92%","90%","2%"
"Stamets, Eric","608715","Guardians","","SS","1",1,-1,0,2,0,2,-1,"76%","73%","3%"
"Stanton, Giancarlo","519317","Yankees","","LF","0",0,-1,0,0,0,0,0,"86%","87%","-1%"
"Starling, Bubba","605490","Royals","","CF","-1",-1,2,-1,-1,0,-2,1,"90%","90%","0%"
"Stevenson, Andrew","664057","Nationals","","LF","0",0,0,0,0,0,0,0,"100%","97%","3%"
"Stewart, Christin","621514","Tigers","","LF","-4",-4,1,-4,0,-1,-4,0,"81%","84%","-3%"
"Stewart, DJ","621466","Orioles","","RF","-4",-4,-2,-1,-1,0,-2,-2,"82%","88%","-6%"
"Story, Trevor","596115","Rockies","","SS","13",18,10,2,4,1,13,5,"77%","74%","3%"
"Strange-Gordon, Dee","543829","Mariners","","2B","-3",-3,0,-2,-1,0,-3,-1,"76%","77%","-1%"
"Straw, Myles","664702","Astros","","SS","3",3,-1,4,0,0,0,3,"85%","81%","4%"
"Stubbs, Garrett","596117","Astros","","LF","0",0,0,0,0,0,0,0,"100%","91%","9%"
"Sucre, Jesús","491696","Orioles","","1B","0",0,0,0,0,0,0,0,"100%","87%","13%"
"Suárez, Eugenio","553993","Reds","","3B","1",1,-4,0,4,1,4,-3,"69%","69%","0%"
"Swanson, Dansby","621020","Braves","","SS","2",3,3,3,-3,0,2,1,"74%","73%","1%"
"Swihart, Blake","596119","D-backs","","RF","-1",-1,0,-1,0,-1,-1,0,"77%","82%","-5%"
"Sánchez, Yolmer","570560","White Sox","","2B","-1",-2,2,-5,0,1,-4,2,"78%","78%","0%"
"Tapia, Raimel","606132","Rockies","","LF","2",3,2,1,-1,1,-1,4,"84%","82%","2%"
"Tatis Jr., Fernando","665487","Padres","","SS","-12",-16,-13,3,-6,0,-11,-4,"69%","73%","-4%"
"Tauchman, Mike","643565","Yankees","","LF","7",8,2,2,2,2,3,5,"94%","89%","5%"
"Taylor, Chris","621035","Dodgers","","SS","0",0,0,2,-2,0,0,0,"77%","77%","0%"
"Taylor, Michael A.","572191","Nationals","","CF","2",2,1,0,2,-1,1,1,"90%","87%","3%"
"Taylor, Tyrone","621438","Brewers","","RF","0",0,0,0,0,0,0,0,"100%","93%","7%"
"Tejada, Rubén","514913","Mets","","3B","0",-1,-1,0,0,0,-1,0,"64%","69%","-5%"
"Tellez, Rowdy","642133","Blue Jays","","1B","-3",-4,-2,-1,0,0,-1,-3,"70%","73%","-3%"
"Thaiss, Matt","642136","Angels","","3B","-4",-6,-3,-1,-2,-1,-6,0,"74%","80%","-6%"
"Thames, Eric","519346","Brewers","","1B","5",7,3,1,4,0,2,5,"75%","71%","4%"
"Thomas, Lane","657041","Cardinals","","CF","1",1,1,0,0,0,1,-1,"79%","77%","2%"
"Tilson, Charlie","605508","White Sox","","RF","-1",-1,0,0,-1,0,0,-1,"83%","84%","-1%"
"Toro, Abraham","647351","Astros","","3B","3",4,2,2,-1,1,3,1,"77%","70%","7%"
"Torres, Gleyber","650402","Yankees","","SS","-12",-16,-5,-7,-4,0,-7,-8,"74%","77%","-3%"
"Torreyes, Ronald","591720","Twins","","SS","1",1,0,0,0,0,1,0,"69%","63%","6%"
"Tovar, Wilfredo","541600","Angels","","SS","1",1,2,0,0,0,2,-1,"74%","73%","1%"
"Travis, Sam","607752","Red Sox","","1B","1",1,0,0,0,0,1,0,"83%","82%","1%"
"Trout, Mike","545361","Angels","","CF","-3",-4,-3,0,-1,0,-1,-3,"87%","88%","-1%"
"Tucker, Cole","657061","Pirates","","SS","-1",-1,0,-3,1,0,1,-2,"70%","71%","-1%"
"Tucker, Kyle","663656","Astros","","RF","1",1,1,-1,0,1,0,1,"91%","88%","3%"
"Tulowitzki, Troy","453064","Yankees","","SS","0",-1,-1,0,0,0,0,0,"82%","87%","-5%"
"Turner, Justin","457759","Dodgers","","3B","4",5,3,0,3,0,5,1,"71%","70%","1%"
"Turner, Trea","607208","Nationals","","SS","3",4,1,4,0,-1,5,-1,"75%","74%","1%"
"Upton, Justin","457708","Angels","","LF","-5",-5,-2,-3,0,-1,-3,-3,"79%","84%","-5%"
"Urena, Richard","620446","Blue Jays","","SS","-3",-3,-2,0,-2,0,-2,-1,"75%","80%","-5%"
"Urshela, Gio","570482","Yankees","","3B","-3",-4,3,-3,-3,-2,-1,-3,"71%","72%","-1%"
"Urías, Luis","649966","Padres","","SS","-4",-5,-3,-1,-1,-1,-5,0,"73%","76%","-3%"
"Valaika, Pat","642162","Rockies","","2B","2",3,1,2,0,0,2,2,"77%","71%","6%"
"Valera, Breyvic","591971","---","","2B","-1",-1,0,-2,1,0,0,-1,"81%","84%","-3%"
"VanMeter, Josh","642165","Reds","","LF","-3",-3,0,-4,1,1,-1,-2,"85%","87%","-2%"
"Vargas, Ildemaro","545121","D-backs","","2B","1",1,-1,0,1,0,1,1,"75%","74%","1%"
"Velasquez, Vince","592826","Phillies","","LF","1",1,0,0,1,0,1,0,"100%","2%","98%"
"Velazquez, Andrew","623205","---","","2B","0",0,-1,0,1,0,0,0,"82%","81%","1%"
"Verdugo, Alex","657077","Dodgers","","CF","3",3,2,0,1,0,1,2,"91%","90%","1%"
"Villar, Jonathan","542340","Orioles","","SS","-9",-12,-7,2,-5,-2,-5,-6,"74%","76%","-2%"
"Vogelbach, Daniel","596129","Mariners","","1B","-4",-5,-2,-4,0,0,-3,-3,"63%","68%","-5%"
"Vogt, Stephen","519390","Giants","","LF","0",0,0,0,0,0,0,0,"92%","93%","-1%"
"Voit, Luke","572228","Yankees","","1B","-7",-10,-2,-6,-2,0,-5,-5,"65%","71%","-6%"
"Votto, Joey","458015","Reds","","1B","1",2,1,-1,1,1,2,0,"77%","76%","1%"
"Vázquez, Christian","543877","Red Sox","","1B","0",0,-1,0,1,0,0,0,"82%","83%","-1%"
"Wade Jr., LaMonte","664774","Twins","","CF","-3",-3,-2,0,-1,-1,-2,-1,"73%","83%","-10%"
"Wade, Tyler","642180","Yankees","","2B","0",1,1,0,0,0,1,0,"84%","83%","1%"
"Walker, Christian","572233","D-backs","","1B","12",16,1,9,4,1,-1,17,"78%","73%","5%"
"Walker, Neil","435522","Marlins","","1B","0",0,-1,-1,2,0,-1,1,"70%","70%","0%"
"Walsh, Jared","665120","Angels","","1B","1",1,0,1,1,0,-1,2,"71%","68%","3%"
"Walton, Donovan","622268","Mariners","","SS","0",0,0,0,0,0,1,-1,"83%","86%","-3%"
"Ward, Taylor","621493","Angels","","LF","-3",-5,-4,-1,0,1,-4,0,"58%","73%","-15%"
"Wendle, Joey","621563","Rays","","2B","3",3,0,1,2,0,-2,5,"81%","79%","2%"
"White, Tyler","643603","---","","1B","1",1,1,-2,1,1,1,0,"71%","69%","2%"
"Wilkerson, Stevie","592859","Orioles","","CF","-3",-4,0,2,-6,0,-4,0,"87%","89%","-2%"
"Williams, Mason","592863","Orioles","","CF","0",0,0,0,0,0,0,0,"82%","83%","-1%"
"Williams, Nick","608384","Phillies","","LF","-1",-1,1,-1,-2,0,0,-2,"84%","87%","-3%"
"Williamson, Mac","607776","---","","LF","-1",-1,1,0,-1,-1,-1,-1,"85%","87%","-2%"
"Winker, Jesse","608385","Reds","","LF","-8",-9,-1,-6,-2,0,-4,-4,"83%","88%","-5%"
"Wisdom, Patrick","621550","Rangers","","3B","1",1,0,0,1,0,1,0,"62%","55%","7%"
"Wolters, Tony","547172","Rockies","","2B","0",0,0,0,0,0,0,0,"100%","96%","4%"
"Wong, Kean","642221","---","","2B","0",0,0,0,0,0,0,0,"80%","83%","-3%"
"Wong, Kolten","543939","Cardinals","","2B","2",3,-5,3,2,2,-2,5,"80%","80%","0%"
"Yastrzemski, Mike","573262","Giants","","LF","4",4,2,2,1,0,3,1,"88%","86%","2%"
"Yelich, Christian","592885","Brewers","","RF","-3",-4,0,-3,-2,1,-2,-2,"83%","85%","-2%"
"Zagunis, Mark","657145","Cubs","","RF","0",0,0,0,0,0,0,0,"78%","82%","-4%"
"Zimmer, Bradley","605548","Guardians","","CF","0",0,-1,1,0,0,0,0,"63%","64%","-1%"
"Zimmerman, Ryan","475582","Nationals","","1B","0",1,-1,2,0,-1,0,0,"77%","76%","1%"
"Zobrist, Ben","450314","Cubs","","2B","-3",-4,-4,1,-2,0,-2,-2,"72%","76%","-4%"
"d'Arnaud, Travis","518595","Rays","","1B","0",0,-1,0,0,0,0,-1,"55%","56%","-1%"