"last_name, first_name","player_id","year","player_id","pa","fastball_avg_speed","whiff_percent"
"Holland, Derek",502706,2015,502706,245,"93.6",17.5
"deGrom, Jacob",594798,2015,594798,751,"95.6",27
"Capuano, Chris",425626,2015,425626,196,"89.2",27.1
"Francis, Jeff",433585,2015,433585,100,"86.6",23
"Chavez, Jesse",445926,2015,445926,672,"91.2",22.1
"Masset, Nick",434665,2015,434665,113,"92.4",18.2
"Hill, Rich",448179,2015,448179,106,"90.8",27.2
"Nuño, Vidal",573064,2015,573064,376,"89.8",23.6
"Milone, Tommy",543548,2015,543548,543,"88.1",20
"McAllister, Zach",502083,2015,502083,299,"95",25.4
"Pressly, Ryan",519151,2015,519151,119,"94.9",21.2
"Matzek, Tyler",554431,2015,554431,102,"92.3",22.3
"Samardzija, Jeff",502188,2015,502188,910,"94.1",21.5
"Erlin, Robbie",572362,2015,572362,65,"90.7",18.3
"Melancon, Mark",453343,2015,453343,293,"91.3",24.2
"Guaipe, Mayckol",515052,2015,515052,121,"93.8",24.5
"Fields, Josh",451661,2015,451661,209,"95",28.7
"Layne, Tommy",518927,2015,518927,207,"90.3",22.4
"Garza, Matt",490063,2015,490063,666,"93.3",17.5
"Tracy, Matt",595441,2015,595441,11,"90.5",15.4
"García, Jason",592329,2015,592329,132,"93.9",22.6
"Ross, Joe",605452,2015,605452,314,"93.9",25.1
"Liriano, Francisco",434538,2015,434538,773,"93",33.5
"Hernandez, Roberto",433584,2015,433584,357,"89.4",15.9
"Street, Huston",434718,2015,434718,255,"89.1",30.2
"Beeler, Dallas",542923,2015,542923,46,"89.5",18.5
"Harris, Mitch",518771,2015,518771,122,"92.5",17.9
"Narveson, Chris",429780,2015,429780,121,"88.1",24.8
"Price, David",456034,2015,456034,888,"93.7",25.4
"Belisario, Ronald",430613,2015,430613,36,"92.5",16.7
"Balfour, Grant",346797,2015,346797,21,"90",18.2
"Keuchel, Dallas",572971,2015,572971,911,"89.6",25.2
"Giles, Ken",571704,2015,571704,298,"97.2",30.6
"Hawkins, LaTroy",115629,2015,115629,162,"93.7",17.3
"Gonzalez, Gio",461829,2015,461829,758,"92.6",23.7
"Logan, Boone",457429,2015,457429,168,"93.1",36
"Holmberg, David",571787,2015,571787,136,"88.4",14.6
"Flores, Kendry",572309,2015,572309,57,"91.5",23.5
"O'Rourke, Ryan",594951,2015,594951,97,"91.2",31.5
"Buehrle, Mark",279824,2015,279824,827,"82.9",11.9
"Phelps, David",475479,2015,475479,482,"90.8",12.6
"Johnson, Jim",462382,2015,462382,291,"95",19
"Reed, Addison",592665,2015,592665,241,"93.2",20.8
"Decker, Jaff",543094,2015,543094,5,,33.3
"Thompson, Aaron",457744,2015,457744,137,"90.3",24.4
"Cabral, Cesar",501627,2015,501627,3,"90.4",33.3
"Kelly, Joe",523260,2015,523260,587,"96.1",19.3
"Frasor, Jason",430630,2015,430630,124,"92.6",19.8
"Medina, Yoervis",500721,2015,500721,97,"93.4",21
"Cole, A.J.",595918,2015,595918,44,"91.1",21.3
"Harang, Aaron",421685,2015,421685,748,"89.8",17
"Pazos, James",572021,2015,572021,21,"94.4",16.7
"Rondon, Jorge",504083,2015,504083,81,"95.8",17.7
"Houser, Adrian",605288,2015,605288,8,"95.2",12.5
"Aumont, Phillippe",518418,2015,518418,23,"93.1",12.2
"Hammel, Jason",434628,2015,434628,710,"92.8",25
"Hale, David",571735,2015,571735,346,"91",25
"Farquhar, Danny",543144,2015,543144,219,"91.2",24.9
"Brooks, Aaron",605156,2015,605156,250,"92.1",18.3
"Eveland, Dana",445968,2015,445968,18,"90.3",29.2
"Grimm, Justin",518748,2015,518748,205,"95.8",34.6
"Stults, Eric",445590,2015,445590,196,"87.9",16.4
"Elmore, Jake",518653,2015,518653,6,,0
"Nelson, Jimmy",519076,2015,519076,752,"94.1",22.6
"LeCure, Sam",459967,2015,459967,83,"87.9",15.9
"Matusz, Brian",451085,2015,451085,206,"91.2",30.3
"Varvaro, Anthony",460008,2015,460008,51,"91.6",20.3
"Hynes, Colt",518833,2015,518833,18,"89.5",30
"Jones, Nate",518858,2015,518858,72,"98.2",35.3
"Alvarez, Henderson",506693,2015,506693,102,"91.8",12.4
"Eickhoff, Jerad",595191,2015,595191,203,"91.6",23.4
"Pestano, Vinnie",502260,2015,502260,60,"90.4",29.9
"Domínguez, José",523848,2015,523848,19,"93.4",29
"Frías, Carlos",516910,2015,516910,333,"93.5",21.4
"Paxton, James",572020,2015,572020,297,"94.6",19.3
"Madson, Ryan",425492,2015,425492,248,"93.6",28.9
"Clippard, Tyler",461325,2015,461325,301,"92.1",26.3
"Chamberlain, Joba",501955,2015,501955,128,"94.5",24.5
"Wisler, Matt",605538,2015,605538,478,"93.9",19.1
"López, Javier",425657,2015,425657,147,"85.1",20.7
"Liberatore, Adam",571893,2015,571893,122,"94.4",27
"Pelfrey, Mike",460059,2015,460059,714,"93.9",14.1
"Rodriguez, Wandy",434643,2015,434643,392,"88.9",15.7
"Wilson, Alex",543935,2015,543935,273,"93",15.8
"Mazzaro, Vin",476570,2015,476570,55,"93",16.7
"Suzuki, Ichiro",400085,2015,400085,5,"88.5",10
"Greinke, Zack",425844,2015,425844,843,"92.3",27.1
"Wainwright, Adam",425794,2015,425794,111,"88.6",18.5
"Kazmir, Scott",431148,2015,431148,763,"91.1",23.1
"Carrasco, Carlos",471911,2015,471911,730,"95.2",28.7
"Faulkner, Andrew",605226,2015,605226,40,"94",27.2
"Weber, Ryan",543901,2015,543901,109,"90.2",13.6
"Barrios, Yhonathan",553872,2015,553872,22,"97.1",29.1
"Ventura, Yordano",570649,2015,570649,693,"96.7",24.4
"Howell, J.P.",434442,2015,434442,190,"87.6",25
"Hughes, Jared",453172,2015,453172,284,"93.7",20.6
"Montas, Frankie",593423,2015,593423,66,"97.3",29.9
"Broadway, Mike",458678,2015,458678,77,"95.8",24.5
"Duke, Zach",435043,2015,435043,254,"89.9",25.8
"Kahnle, Tommy",592454,2015,592454,155,"96.5",32.7
"Stroman, Marcus",573186,2015,573186,103,"92.2",18
"Alvarez, Dario",516714,2015,516714,19,"91.7",14.3
"Hand, Donovan",518764,2015,518764,13,"88",29.6
"Wilhelmsen, Tom",452666,2015,452666,266,"95.7",26.3
"Casilla, Santiago",433586,2015,433586,244,"93.9",24.7
"McGowan, Dustin",430661,2015,430661,118,"94.2",25.9
"Mills, Brad",502166,2015,502166,23,"85.5",20
"Allen, Cody",592102,2015,592102,286,"95.6",32.1
"Rodriguez Jr., Fernando",451775,2015,451775,242,"93.6",28.5
"Yates, Kirby",489446,2015,489446,92,"93",23
"Cravy, Tyler",572788,2015,572788,193,"91.5",18.8
"Vogelsong, Ryan",285064,2015,285064,598,"91.6",16.9
"Hendricks, Kyle",543294,2015,543294,739,"88.8",20.4
"Hembree, Heath",592390,2015,592390,106,"95",21
"Gonzales, Marco",594835,2015,594835,16,"89.9",6.5
"Porcello, Rick",519144,2015,519144,737,"91.6",21
"Scherzer, Max",453286,2015,453286,899,"94.7",31
"Morin, Mike",573046,2015,573046,151,"92.9",33.7
"Francoeur, Jeff",425796,2015,425796,11,"89.2",0
"Davies, Kyle",434678,2015,434678,10,"89.7",0
"Delabar, Steve",447755,2015,447755,129,"94",26.9
"Owens, Henry",596064,2015,596064,272,"89.8",26.9
"Ogando, Alexi",468396,2015,468396,277,"95.1",25.3
"Floyd, Gavin",425856,2015,425856,55,"91.9",19.2
"Santiago, Héctor",502327,2015,502327,776,"90.2",21.4
"West, Matt",519411,2015,519411,11,"94.2",17.2
"Martín, Rafael",514669,2015,514669,56,"89.7",39.3
"Martinez, Carlos",593372,2015,593372,755,"96",24.1
"Winkler, Dan",595465,2015,595465,8,"90",30.8
"Matz, Steven",571927,2015,571927,149,"95",20.8
"Claudio, Alex",592222,2015,592222,66,"84.6",24.1
"Andriese, Matt",542882,2015,542882,282,"91",20.6
"Chen, Bruce",136600,2015,136600,35,"84.3",16.1
"Scheppers, Tanner",489294,2015,489294,176,"95.5",18.7
"Coleman, Louis",488786,2015,488786,11,"89.9",30
"Redmond, Todd",445170,2015,445170,72,"90.6",25.9
"Nolin, Sean",543594,2015,543594,134,"86.7",16.5
"Bauer, Trevor",545333,2015,545333,744,"91.1",22.6
"Walden, Jordan",477229,2015,477229,42,"94.9",39.5
"Maness, Seth",595307,2015,595307,270,"90",19.5
"De Fratus, Justin",518603,2015,518603,362,"92.1",22.9
"Rodney, Fernando",407845,2015,407845,277,"95.4",25.8
"Doubront, Félix",467094,2015,467094,328,"90.7",23
"Heston, Chris",518790,2015,518790,746,"89.5",22.6
"Edwards, Jon",457754,2015,457754,75,"94.8",33.9
"Alburquerque, Al",456379,2015,456379,271,"93.7",27.3
"Contreras, Carlos",542266,2015,542266,125,"92.6",26.3
"Parra, Manny",448159,2015,448159,130,"93.1",23.8
"Qualls, Chad",430589,2015,430589,202,"92",24.7
"Iglesias, Raisel",628452,2015,628452,395,"92.2",26.6
"Copeland, Scott",571577,2015,571577,69,"90.9",14.3
"Lewis, Colby",407890,2015,407890,859,"88.5",19.8
"Barnes, Matt",598264,2015,598264,199,"95.5",22.4
"Thornton, Matt",407819,2015,407819,171,"93.4",19.3
"Gallardo, Yovani",451596,2015,451596,793,"91.1",16.9
"Hatcher, Chris",501822,2015,501822,166,"96.3",28.3
"Latos, Mat",502009,2015,502009,494,"92.1",22.5
"Campos, Leonel",599998,2015,599998,5,"95.7",18.2
"Morrow, Brandon",453344,2015,453344,126,"94",22.9
"Gausman, Kevin",592332,2015,592332,470,"95.9",25.1
"Gómez, Jeanmar",491646,2015,491646,319,"92",19.3
"Gibson, Kyle",502043,2015,502043,821,"92.3",22.9
"Conley, Adam",543045,2015,543045,281,"91.8",23.5
"Dickey, R.A.",285079,2015,285079,884,"82.3",19.5
"Choate, Randy",329092,2015,329092,117,"84.2",28.1
"Balester, Collin",444446,2015,444446,77,"92.6",24.6
"Walker, Taijuan",592836,2015,592836,705,"94.3",23.5
"Solís, Sammy",519301,2015,519301,94,"94.5",20.8
"Mendez, Roman",542669,2015,542669,58,"93.9",20.2
"Lobstein, Kyle",543456,2015,543456,280,"85.7",18
"Alvarez, R.J.",571439,2015,571439,100,"94.7",27
"Johnson, Steve",489002,2015,489002,29,"88.3",23.3
"Gomes, Jonny",430404,2015,430404,6,,12.5
"Wilson, C.J.",450351,2015,450351,553,"90.4",21.9
"Jordan, Taylor",518863,2015,518863,77,"91.9",20.2
"Lamb, John",543424,2015,543424,220,"90.5",25.9
"Salas, Fernando",477569,2015,477569,269,"91.2",27
"Peacock, Brad",502748,2015,502748,22,"90.4",17.2
"Mattheus, Ryan",458919,2015,458919,253,"93.2",19.2
"Beachy, Brandon",545404,2015,545404,39,"89.7",12.5
"Miller, Shelby",571946,2015,571946,860,"93",21.3
"Lazo, Raudel",612272,2015,612272,24,"90.6",16.7
"Harrison, Matt",457448,2015,457448,69,"86.5",8.9
"Teaford, Everett",501870,2015,501870,24,"90.2",24.4
"Maurer, Brandon",543506,2015,543506,206,"95.8",28
"Martin, Chris",455119,2015,455119,99,"93.3",14.2
"Bradley, Archie",605151,2015,605151,161,"92.8",18.5
"Edwards Jr., Carl",605218,2015,605218,19,"94.1",30.8
"Zito, Barry",217096,2015,217096,37,"84.3",21.1
"Betances, Dellin",476454,2015,476454,332,"97.6",39.8
"García, Yimi",554340,2015,554340,225,"94",31.7
"Lowe, Mark",450275,2015,450275,214,"96.1",30.5
"Grilli, Jason",276351,2015,276351,140,"94.6",30.5
"Ramírez, Erasmo",541640,2015,541640,665,"91.5",23.8
"Cotham, Caleb",571584,2015,571584,45,"93.1",19.2
"Blazek, Michael",518468,2015,518468,222,"93.5",26.9
"Coke, Phil",457435,2015,457435,56,"93",22.8
"Kennedy, Ian",453178,2015,453178,712,"91.9",25.1
"Diekman, Jake",518617,2015,518617,260,"97.1",28.2
"Morton, Charlie",450203,2015,450203,563,"92.5",19
"Oberg, Scott",623184,2015,623184,259,"95.7",20.8
"McHugh, Collin",543521,2015,543521,859,"89",23.6
"Kluber, Corey",446372,2015,446372,886,"93.4",27
"Lackey, John",407793,2015,407793,896,"90.3",20.4
"Rea, Colin",607067,2015,607067,133,"90.6",14.1
"Santana, Ervin",429722,2015,429722,457,"93",22.2
"Rosscup, Zac",573127,2015,573127,117,"93.5",28.8
"Webster, Allen",543903,2015,543903,142,"92.1",22.8
"Almonte, Miguel",602083,2015,602083,41,"97.1",27.5
"Sanchez, Aaron",592717,2015,592717,380,"95.6",18.9
"Soto, Giovanni",543803,2015,543803,13,"88.3",13
"Laffey, Aaron",444836,2015,444836,33,"86.4",15
"Sánchez, Aníbal",434671,2015,434671,660,"92.3",23
"Sadler, Casey",594987,2015,594987,19,"91.3",18.2
"Cunniff, Brandon",594792,2015,594792,151,"93.9",30.8
"Williams, Jerome",425532,2015,425532,553,"89.6",20
"Jaime, Juan",462089,2015,462089,8,"95.1",10
"Ramírez, JC",500724,2015,500724,106,"96.1",21.9
"Jansen, Kenley",445276,2015,445276,200,"93.1",32.6
"Billingsley, Chad",451532,2015,451532,165,"90.3",14.6
"Oberholtzer, Brett",519085,2015,519085,171,"89.2",17.8
"Ogando, Nefi",596331,2015,596331,21,"96.1",18.4
"Drake, Oliver",543118,2015,543118,72,"91.1",30.3
"Ellington, Brian",623395,2015,623395,105,"97.6",18.6
"Reynolds, Matt",519186,2015,519186,62,"88.4",37.3
"LaFromboise, Bobby",489039,2015,489039,29,"88.7",30.9
"Weaver, Jered",450308,2015,450308,669,"83.8",20.4
"Morgan, Adam",605388,2015,605388,352,"89.5",20.5
"Machi, Jean",466948,2015,466948,257,"93.3",20.5
"Archer, Chris",502042,2015,502042,868,"95.8",29.7
"Martinez, Nick",607259,2015,607259,558,"90.3",17.4
"Baker, Scott",435044,2015,435044,45,"89.8",16.1
"Rosales, Adam",489267,2015,489267,10,"90.9",5.6
"Papelbon, Jonathan",449097,2015,449097,259,"92",25.5
"Hagadone, Nick",444935,2015,444935,124,"93.7",24.4
"Duensing, Brian",488846,2015,488846,209,"92",18.2
"Mateo, Marcos",456496,2015,456496,113,"94.8",22.5
"Axelrod, Dylan",518420,2015,518420,59,"88",21.4
"Gee, Dillon",518716,2015,518716,183,"89.6",19.8
"Smith, Carson",605476,2015,605476,285,"93.2",32
"Syndergaard, Noah",592789,2015,592789,603,"97.7",27.9
"Marquis, Jason",150302,2015,150302,216,"88.3",21.6
"Roark, Tanner",543699,2015,543699,466,"93.4",17.5
"Shields, James",448306,2015,448306,860,"90",28.8
"Reed, Chris",607068,2015,607068,18,"91.6",5.6
"Jackson, Edwin",429719,2015,429719,228,"94",23.9
"Benoit, Joaquín",276542,2015,276542,254,"94.8",33.8
"Cahill, Trevor",502239,2015,502239,187,"92.1",23.3
"Tillman, Chris",501957,2015,501957,740,"92",18.5
"Gray, Jon",592351,2015,592351,185,"95",23
"Leathersich, Jack",605333,2015,605333,52,"91.8",28.1
"Schugel, A.J.",519263,2015,519263,51,"92.2",18.9
"Montero, Rafael",606160,2015,606160,46,"92.4",21.5
"Thayer, Dale",445612,2015,445612,158,"92.5",17.3
"Mariot, Michael",592527,2015,592527,12,"93.3",11.8
"Wooten, Rob",543942,2015,543942,30,"88.9",25
"De La Rosa, Rubby",523989,2015,523989,809,"94.8",24.7
"Godley, Zack",643327,2015,643327,150,"91.5",25.2
"Chen, Wei-Yin",612672,2015,612672,792,"92",19
"Bracho, Silvino",611093,2015,611093,50,"93.5",32.1
"Lee, Zach",545346,2015,545346,24,"90.2",12.8
"Graveman, Kendall",608665,2015,608665,502,"89.8",18.5
"Pérez, Williams",554234,2015,554234,514,"91.2",15.4
"Odorizzi, Jake",543606,2015,543606,700,"90.9",23.4
"Cook, Ryan",475857,2015,475857,54,"94.4",16.5
"Young, Chris",432934,2015,432934,500,"87.1",23.1
"Jackson, Jay",543351,2015,543351,20,"95.2",29.5
"Hochevar, Luke",460024,2015,460024,214,"92.7",23.3
"Carpenter, David",502304,2015,502304,107,"95.6",25.1
"Brigham, Jake",502010,2015,502010,84,"92.1",17.9
"Masterson, Justin",475416,2015,475416,273,"87.7",19.1
"Miller, Andrew",453192,2015,453192,246,"95",42.5
"Pineda, Michael",501381,2015,501381,668,"93.4",25.8
"Gott, Trevor",641627,2015,641627,202,"96.9",15
"McFarland, T.J.",519008,2015,519008,188,"92.1",17
"Strickland, Hunter",519326,2015,519326,191,"97.5",29.8
"Storen, Drew",519322,2015,519322,228,"94.6",28.6
"Achter, A.J.",592091,2015,592091,58,"90.4",25.6
"Alexander, Scott",518397,2015,518397,25,"93.3",17.5
"Rollins, David",543716,2015,543716,118,"93",24.2
"Colon, Bartolo",112526,2015,112526,815,"88.9",14.7
"Riefenhauser, C.J.",592677,2015,592677,62,"89.4",21.6
"Duffey, Tyler",608648,2015,608648,242,"90.7",24.3
"Ramírez, Neil",519166,2015,519166,59,"93.6",28.8
"Goody, Nick",580792,2015,580792,26,"91.7",21.7
"Loewen, Adam",429400,2015,429400,93,"92.1",28.9
"Hoover, J.J.",543331,2015,543331,264,"94",25
"Armstrong, Shawn",542888,2015,542888,30,"94",34.5
"Bailey, Andrew",457732,2015,457732,41,"91",27.5
"Webb, Daniel",543900,2015,543900,150,"95.1",25.9
"Fujikawa, Kyuji",493117,2015,493117,8,"90.1",9.1
"Lorenzen, Michael",547179,2015,547179,515,"94.7",21.1
"Morris, Bryan",457768,2015,457768,277,"93.3",25.3
"VerHagen, Drew",572403,2015,572403,106,"94.6",17.8
"Carlyle, Buddy",234194,2015,234194,32,"90.6",14.8
"Rumbelow, Nick",592705,2015,592705,68,"94",24.8
"Uehara, Koji",493157,2015,493157,160,"87.7",38.9
"Burgos, Enrique",542609,2015,542609,121,"96.4",33.6
"Doolittle, Sean",448281,2015,448281,57,"93",20.1
"Villanueva, Carlos",453646,2015,453646,250,"88.9",27.4
"Arrieta, Jake",453562,2015,453562,870,"95.2",25.4
"Smith, Chad",605477,2015,605477,13,"93.3",13.6
"Kohn, Michael",543409,2015,543409,19,"94.2",18.8
"Robinson, Shane",453203,2015,453203,4,,0
"Lester, Jon",452657,2015,452657,827,"91.2",24.5
"McCarthy, Brandon",435221,2015,435221,94,"93.7",25.8
"Herrera, Kelvin",516969,2015,516969,286,"98.8",27
"Santos, Sergio",435045,2015,435045,73,"93.2",33.9
"Morales, Franklin",462985,2015,462985,258,"93",17.3
"Marksberry, Matt",621408,2015,621408,108,"93",25.4
"Peralta, Joel",407908,2015,407908,121,"90.1",18
"Cornely, John",607405,2015,607405,7,"89.9",22.2
"Mujica, Edward",465629,2015,465629,194,"91",22.3
"Koehler, Tom",543408,2015,543408,800,"92.7",18
"Schultz, Bo",544759,2015,544759,173,"95.2",25
"Cishek, Steve",518553,2015,518553,243,"91.3",24.1
"Wojciechowski, Asher",592879,2015,592879,79,"91",16.9
"Wilson, Josh",425543,2015,425543,4,,16.7
"Bailey, Homer",456701,2015,456701,51,"91.6",17.5
"Ross Jr., Robbie",543726,2015,543726,259,"93",22.2
"Kontos, George",502004,2015,502004,284,"90.2",21.2
"Stauffer, Tim",431162,2015,431162,100,"89.4",15.6
"Carpenter, David",518526,2015,518526,17,"89.3",30
"Ramírez, José",542432,2015,542432,52,"96.4",21.3
"Wieland, Joe",543921,2015,543921,40,"91.2",12.7
"Cain, Matt",430912,2015,430912,271,"91.5",19.8
"Hinojosa, Dalier",648737,2015,648737,102,"93.7",22
"Butler, Eddie",572750,2015,572750,370,"94",16.2
"Rucinski, Drew",607968,2015,607968,35,"91.4",16.7
"Wright, Wesley",449079,2015,449079,31,"89.6",15.6
"Kela, Keone",605309,2015,605309,243,"96.3",28.8
"Miley, Wade",489119,2015,489119,831,"91.4",21
"Wagner, Tyler",621281,2015,621281,67,"90",13.6
"Russell, James",460701,2015,460701,148,"90.2",17.2
"Patton, Spencer",607359,2015,607359,109,"92.6",29.2
"O'Sullivan, Sean",457711,2015,457711,327,"90.1",14.9
"Treinen, Blake",595014,2015,595014,280,"97",25.1
"Abad, Fernando",472551,2015,472551,205,"90.3",24
"Rodríguez, Paco",572089,2015,572089,42,"88.1",20.3
"Vázquez, Felipe",553878,2015,553878,189,"96",24.2
"Barraclough, Kyle",607457,2015,607457,98,"96.2",36.9
"Torres, Alex",456776,2015,456776,154,"91.3",25.2
"Wright Jr., Mike",605541,2015,605541,204,"93.8",18.7
"Tropeano, Nick",607374,2015,607374,161,"91.7",27.3
"Kelly, Casey",543391,2015,543391,56,"91.4",15.6
"Niese, Jonathon",477003,2015,477003,770,"89.1",14.8
"Peavy, Jake",408241,2015,408241,448,"89",18.9
"Ibarra, Edgar",500891,2015,500891,19,"91.1",9.4
"Goeddel, Erik",592340,2015,592340,132,"93.6",29.5
"Worley, Vance",474699,2015,474699,310,"89.5",14
"Bergman, Christian",548357,2015,548357,286,"90.2",14.6
"Smyly, Drew",592767,2015,592767,275,"88.9",26.1
"Dyson, Sam",473879,2015,473879,309,"96.5",26.1
"Vizcaíno, Arodys",527055,2015,527055,139,"98.3",28.3
"Venditte, Pat",519381,2015,519381,119,"85.5",22.6
"Venditte, Pat",519381,2015,519381,119,"83.6",22.6
"Pimentel, Stolmy",516935,2015,516935,46,"92.6",26.3
"Blanton, Joe",430599,2015,430599,309,"91.3",27.4
"Correia, Kevin",429781,2015,429781,114,"88.8",15.8
"Hessler, Keith",594857,2015,594857,57,"93.5",22.4
"Knudson, Guido",605317,2015,605317,31,"94",19.3
"Scahill, Rob",543746,2015,543746,142,"94.2",21.8
"Guilmet, Preston",543258,2015,543258,35,"88.1",18.6
"Karns, Nate",501992,2015,501992,621,"92.2",22.6
"Marcum, Shaun",451788,2015,451788,142,"84.9",27
"Happ, J.A.",457918,2015,457918,717,"92.4",20.2
"Hutchison, Drew",571800,2015,571800,664,"93",21.4
"Rondón, Bruce",541652,2015,541652,145,"98.3",27.4
"Gorzelanny, Tom",452733,2015,452733,181,"91.3",29.7
"Robles, Hansel",570663,2015,570663,216,"96.4",28
"Motte, Jason",435400,2015,435400,206,"94.8",13.8
"Beck, Chris",571476,2015,571476,31,"92.5",5.8
"Gregerson, Luke",502381,2015,502381,239,"89.9",31
"Murray, Colton",605396,2015,605396,37,"94.2",19.1
"Parnell, Bobby",458730,2015,458730,113,"93.7",19.2
"Ohlendorf, Ross",456027,2015,456027,85,"94.4",23.6
"Cordier, Erik",449170,2015,449170,56,"98.5",16.8
"Roach, Donn",543698,2015,543698,18,"88.8",7.1
"Knebel, Corey",608349,2015,608349,209,"95.5",23
"Ferrell, Jeff",594815,2015,594815,50,"93.7",19.6
"Thielbar, Caleb",573204,2015,573204,20,"91.1",15.2
"Díaz, Jairo",545064,2015,545064,78,"97.9",23.7
"Cecil, Brett",446399,2015,446399,214,"92.3",32.1
"Brothers, Rex",571521,2015,571521,46,"94",24.3
"Graham, J.R.",543242,2015,543242,283,"95.3",22.7
"Feldman, Scott",444857,2015,444857,451,"89.7",17.3
"Kimbrel, Craig",518886,2015,518886,239,"98",36.6
"Swarzak, Anthony",461872,2015,461872,61,"92.7",21
"Tsao, Chin-hui",425835,2015,425835,37,"94.2",23.5
"Hernandez, David",456696,2015,456696,144,"94.9",23.5
"Chapman, Kevin",502087,2015,502087,22,"92.4",36.1
"García, Jaime",448802,2015,448802,510,"90.8",20.2
"Marimon, Sugar Ray",516970,2015,516970,117,"91.9",19.6
"Cosart, Jarred",543054,2015,543054,296,"94.8",19.1
"Wright, Steven",453214,2015,453214,310,"83.9",22.4
"Lynn, Lance",458681,2015,458681,751,"92.4",21.2
"Moscot, Jon",621209,2015,621209,50,"91.9",12.2
"Davis, Wade",451584,2015,451584,251,"95.4",27
"Quintana, Jose",500779,2015,500779,862,"92",21.7
"Webb, Ryan",444436,2015,444436,204,"92.6",19.8
"Straily, Dan",573185,2015,573185,76,"89.8",21.8
"Furbush, Charlie",518703,2015,518703,82,"91.8",25
"Beimel, Joe",346847,2015,346847,196,"87.5",15.9
"Heaney, Andrew",571760,2015,571760,438,"91.9",20.3
"Klein, Phil",607309,2015,607309,86,"91.3",16.3
"Guerra, Junior",448855,2015,448855,18,"94.7",23.5
"McGee, Jake",459429,2015,459429,147,"95",26.9
"Kintzler, Brandon",445213,2015,445213,36,"91.4",21.5
"Guerra, Javy",457915,2015,457915,7,"92.7",6.3
"Jeffress, Jeremy",502026,2015,502026,285,"96",26.5
"Liz, Radhames",467785,2015,467785,106,"95",28.4
"Nova, Iván",467100,2015,467100,413,"93.6",17.6
"Strop, Pedro",467008,2015,467008,270,"95.8",38.7
"Freeman, Sam",518693,2015,518693,171,"94.4",27
"Albers, Matt",458006,2015,458006,149,"90.4",18.3
"Surkamp, Eric",474668,2015,474668,16,"88.3",40.9
"Johnson, Erik",605304,2015,605304,151,"91.9",21.1
"Anderson, Brett",474463,2015,474463,750,"91.2",18.5
"Greene, Shane",572888,2015,572888,373,"92.3",16.4
"Wilson, Tyler",592869,2015,592869,149,"90.6",12.7
"Tonkin, Michael",543859,2015,543859,99,"94.9",17.2
"Kelly, Ryan",502462,2015,502462,74,"92.8",21.3
"Bellatti, Andrew",571479,2015,571479,95,"93.5",28.5
"Pino, Yohan",464416,2015,464416,82,"89.4",13.8
"Duffy, Danny",518633,2015,518633,588,"94.3",20
"Iwakuma, Hisashi",547874,2015,547874,516,"88.7",23.2
"Quackenbush, Kevin",534812,2015,534812,243,"91.2",21.5
"Garces, Frank",571057,2015,571057,172,"91.4",22.7
"Cashner, Andrew",488768,2015,488768,804,"95.4",19.7
"Johnson, Brian",598271,2015,598271,19,"88",18.8
"Vincent, Nick",543883,2015,543883,100,"90.1",20.5
"Hudson, Tim",218596,2015,218596,525,"87",19.9
"Hunter, Tommy",488984,2015,488984,249,"96.4",21.9
"Siegrist, Kevin",543779,2015,543779,312,"94.7",27.3
"Lyons, Tyler",544928,2015,544928,255,"90.6",22.1
"Perkins, Glen",450282,2015,450282,238,"94.4",21.4
"Anderson, Cody",594736,2015,594736,365,"92.2",17.3
"Schlitter, Brian",489295,2015,489295,36,"95.1",14.1
"Stammen, Craig",489334,2015,489334,17,"89.2",28.1
"Rodríguez, Francisco",408061,2015,408061,216,"90.1",29.6
"González, Miguel",456068,2015,456068,622,"91.7",19.9
"Jiménez, Ubaldo",434622,2015,434622,791,"91",21.5
"Hellickson, Jeremy",476451,2015,476451,636,"90.6",23.1
"Váldez, José A.",572308,2015,572308,39,"96.6",24.3
"Ramirez, Noé",598287,2015,598287,61,"90.3",30
"Pomeranz, Drew",519141,2015,519141,357,"92.1",25.9
"Nesbitt, Angel",553970,2015,553970,98,"93.4",19.7
"Mitchell, Bryan",571951,2015,571951,143,"95.5",21.1
"Harvey, Matt",518774,2015,518774,754,"96.6",26.5
"Fernández, José",605228,2015,605228,265,"96.5",30
"McKirahan, Andrew",605374,2015,605374,129,"93.7",20.2
"Foltynewicz, Mike",592314,2015,592314,399,"95.6",21.1
"Bass, Anthony",542914,2015,542914,272,"93.3",21.2
"Ranaudo, Anthony",519168,2015,519168,73,"91.6",14
"Locke, Jeff",502046,2015,502046,736,"91.9",21.8
"Leone, Dominic",608678,2015,608678,74,"92.8",24.1
"Mejia, Jenrry",516769,2015,516769,27,"93.8",28.3
"Pinder, Branden",572038,2015,572038,122,"95.3",27.7
"Sucre, Jesús",491696,2015,491696,11,"90.2",0
"Martin, Cody",592533,2015,592533,141,"89.8",18.7
"Chafin, Andrew",605177,2015,605177,306,"93.1",20.2
"Ziegler, Brad",446899,2015,446899,262,"84.5",18.9
"Jimenez, Cesar",462945,2015,462945,91,"89.5",25.3
"O'Day, Darren",503285,2015,503285,257,"87.3",32.8
"Boxberger, Brad",502202,2015,502202,271,"93.2",27.6
"Gregg, Kevin",276514,2015,276514,51,"91.1",19
"González, Severino",605894,2015,605894,143,"89.5",22.4
"Deduno, Samuel",465679,2015,465679,96,"88.3",21.1
"Feliz, Michael",593140,2015,593140,38,"94.2",25
"Tepera, Ryan",572193,2015,572193,128,"92.9",20.2
"Hardy, Blaine",543278,2015,543278,265,"87.5",24.1
"Lindgren, Jacob",605338,2015,605338,29,"90",30
"Gurka, Jason",543261,2015,543261,39,"92.1",27.8
"Diaz, Jumbo",471822,2015,471822,255,"97.9",32
"Moylan, Peter",493247,2015,493247,44,"90.8",20
"Elías, Roenis",606273,2015,606273,490,"92.1",22.9
"Hughes, Phil",461833,2015,461833,651,"90.6",12.4
"Leon, Arnold",504186,2015,504186,115,"92.3",20.3
"Tanaka, Masahiro",547888,2015,547888,608,"91.7",24.5
"Burawa, Danny",592181,2015,592181,54,"95.1",20.8
"Lyles, Jordan",543475,2015,543475,212,"92.7",19.6
"Tazawa, Junichi",547749,2015,547749,247,"94.2",25.1
"Richards, Garrett",572070,2015,572070,865,"96.2",26
"Rodriguez, Eduardo",593958,2015,593958,521,"94.6",19.1
"Wood, Travis",475243,2015,475243,419,"89.7",24.7
"Breslow, Craig",444520,2015,444520,280,"90.4",21.5
"Bumgarner, Madison",518516,2015,518516,869,"90.5",27
"De La Rosa, Jorge",407822,2015,407822,634,"90.1",26.5
"Kendrick, Kyle",452718,2015,452718,629,"88.6",15.3
"Aardsma, David",430911,2015,430911,128,"92.1",31.9
"Peralta, Wily",503449,2015,503449,478,"95",17.2
"Hamels, Cole",430935,2015,430935,880,"92.3",28.4
"Petricka, Jake",502593,2015,502593,220,"94.8",20.9
"Crockett, Kyle",641490,2015,641490,74,"90",15.9
"Grace, Matt",594840,2015,594840,84,"91.7",15.2
"Cooney, Tim",608641,2015,608641,130,"90.1",20.7
"Danks, John",433579,2015,433579,768,"89.2",20
"LaRoche, Adam",425560,2015,425560,3,"85.9",25
"Finnegan, Brandon",605232,2015,605232,197,"93.2",24.2
"Velasquez, Vince",592826,2015,592826,231,"95.2",23.1
"Castro, Simon",501563,2015,501563,47,"91.8",25.9
"Sale, Chris",519242,2015,519242,854,"95.2",32.7
"Brown, Brooks",453156,2015,453156,147,"94",27
"Roe, Chaz",475054,2015,475054,177,"93.2",23.9
"Castro, Miguel",612434,2015,612434,83,"97.1",27.7
"Buchholz, Clay",453329,2015,453329,469,"91.2",23.1
"Albers, Andrew",452027,2015,452027,11,"86.1",8.3
"Sampson, Keyvius",572102,2015,572102,251,"92.7",20.7
"Jepsen, Kevin",448178,2015,448178,285,"95",25
"García, Leury",544725,2015,544725,5,"88.8",37.5
"Roberts, Ken",594977,2015,594977,65,"89.1",15.3
"McCullers Jr., Lance",621121,2015,621121,520,"95.1",24.5
"Caminero, Arquimedes",491708,2015,491708,318,"98.6",26.1
"Coulombe, Danny",543056,2015,543056,72,"90.2",16.7
"Rodón, Carlos",607074,2015,607074,607,"94",25
"Friedrich, Christian",543184,2015,543184,270,"91.7",24
"Broxton, Jonathan",455009,2015,455009,257,"94.4",25.6
"Lee, C.C.",547348,2015,547348,10,"93.1",22.2
"Ramos, AJ",573109,2015,573109,277,"93.1",36.4
"Jenkins, Chad",554432,2015,554432,17,"89.8",6.1
"Buchanan, David",571527,2015,571527,351,"89.8",16.4
"Dull, Ryan",623430,2015,623430,66,"91.5",27.6
"Corbin, Patrick",571578,2015,571578,357,"92.9",23.3
"Aro, Jonathan",608167,2015,608167,49,"93.1",22.3
"Despaigne, Odrisamer",628333,2015,628333,548,"91.5",14.5
"Severino, Luis",622663,2015,622663,255,"95.8",23.1
"Romero, Enny",544836,2015,544836,140,"95.2",25.6
"Rosenthal, Trevor",572096,2015,572096,287,"98.3",25.3
"Volstad, Chris",458690,2015,458690,7,"91.9",16.7
"Vargas, Jason",450306,2015,450306,183,"88.2",19.7
"Ross, David",424325,2015,424325,6,,7.7
"Rearick, Chris",595371,2015,595371,16,"90.3",46.2
"Boyer, Blaine",430641,2015,430641,268,"93.3",17.9
"Ryan, Kyle",594986,2015,594986,237,"87.6",19.2
"Smith, Josh A.",595001,2015,595001,161,"90.4",21.2
"Romo, Sergio",489265,2015,489265,230,"88",36.5
"Hahn, Jesse",534910,2015,534910,406,"92.5",17.7
"Alvarez, Jose",501625,2015,501625,283,"91.4",24.6
"Wood, Alex",622072,2015,622072,801,"89.7",19.7
"Germen, Gonzalez",542674,2015,542674,176,"94.8",29.8
"Torres, Carlos",448614,2015,448614,243,"91.6",21.7
"Manship, Jeff",453249,2015,453249,144,"92.5",23.5
"Barrett, Aaron",502578,2015,502578,122,"94.8",29.2
"Verlander, Justin",434378,2015,434378,535,"93.4",22.7
"Jungmann, Taylor",543380,2015,543380,501,"92.5",21
"Warren, Adam",476589,2015,476589,534,"93.1",20.8
"Guthrie, Jeremy",425386,2015,425386,664,"91.8",15.6
"Cedeño, Xavier",458584,2015,458584,189,"88.8",33
"Otero, Dan",519096,2015,519096,204,"90.3",15.9
"Ramos, Cesár",459987,2015,459987,221,"90.3",20.3
"Rzepczynski, Marc",519240,2015,519240,158,"92.4",33.3
"Thornburg, Tyler",592804,2015,592804,151,"92.8",21.6
"Watson, Tony",453265,2015,453265,293,"94.5",23.9
"Hudson, Daniel",543339,2015,543339,290,"96.7",29.1
"Luetge, Lucas",476595,2015,476595,8,"91.2",33.3
"Givens, Mychal",571710,2015,571710,117,"94.9",28.5
"Rasmussen, Rob",519169,2015,519169,79,"93.8",22.5
"Fister, Doug",450729,2015,450729,449,"86.1",12.9
"Gilmartin, Sean",543219,2015,543219,235,"89.4",28.3
"Britton, Zack",502154,2015,502154,253,"96.5",33.8
"Moreno, Diego",514981,2015,514981,45,"95.4",23.8
"Lohse, Kyle",346798,2015,346798,665,"89.9",22.4
"Bassitt, Chris",605135,2015,605135,361,"93.7",20.1
"Simon, Alfredo",430580,2015,430580,820,"92.7",18.7
"Sipp, Tony",448609,2015,448609,216,"91.5",30.7
"Marshall, Evan",605359,2015,605359,61,"94.9",27.7
"Rogers, Esmil",469134,2015,469134,153,"93.8",25
"Affeldt, Jeremy",346793,2015,346793,163,"91",15
"Ravin, Josh",502051,2015,502051,47,"97.8",22.1
"Banuelos, Manny",544365,2015,544365,121,"89.5",19.4
"De Los Santos, Abel",593582,2015,593582,8,"94.8",31.3
"Neris, Héctor",593576,2015,593576,170,"93.8",30.1
"Rondón, Héctor",444468,2015,444468,281,"96.8",23.5
"Avilán, Luis",501593,2015,501593,220,"94.1",27.9
"Norris, Bud",502032,2015,502032,377,"94.5",23.6
"Chacín, Jhoulys",468504,2015,468504,111,"88.5",23
"Haren, Dan",429717,2015,429717,768,"85.2",15.7
"Wacha, Michael",608379,2015,608379,762,"93.9",21.5
"Osuna, Roberto",532077,2015,532077,271,"96.1",32
"Olmos, Edgar",543607,2015,543607,67,"93.1",8.8
"Kensing, Logan",434137,2015,434137,64,"92.8",23.1
"Betancourt, Rafael",429783,2015,429783,175,"91.3",24.7
"Volquez, Edinson",450172,2015,450172,850,"94.3",22.5
"Adams, Austin",542866,2015,542866,149,"97.6",24.2
"Veal, Donnie",453264,2015,453264,24,"93.2",14.3
"Strasburg, Stephen",544931,2015,544931,523,"96.1",25.6
"Fiers, Mike",571666,2015,571666,761,"89.2",22
"Atchison, Scott",425786,2015,425786,87,"90.7",15.4
"Báez, Pedro",520980,2015,520980,208,"97.7",30.4
"Rusin, Chris",543734,2015,543734,594,"89",19.3
"Ottavino, Adam",493603,2015,493603,35,"94.8",32.2
"Huff, David",453307,2015,453307,30,"92.1",18
"Krol, Ian",571871,2015,571871,129,"94.2",21.7
"Drabek, Kyle",475138,2015,475138,26,"90.3",24.4
"Frieri, Ernesto",457117,2015,457117,100,"91.9",19.2
"Salazar, Danny",517593,2015,517593,757,"95.5",25.6
"Janssen, Casey",445163,2015,445163,167,"88.6",16.5
"Petit, Yusmeiro",433589,2015,433589,316,"89",20.4
"Thatcher, Joe",491159,2015,491159,100,"85",27.1
"Wilson, Justin",458677,2015,458677,244,"94.9",26.6
"Beliveau, Jeff",542924,2015,542924,15,"86.3",18.8
"Whitley, Chase",595032,2015,595032,84,"89.7",25
"Hernández, Félix",433587,2015,433587,825,"92.2",25.1
"Richard, Clayton",453385,2015,453385,181,"91.6",14.1
"Norris, Daniel",596057,2015,596057,251,"92.5",23
"Soria, Joakim",465657,2015,465657,272,"92.7",22.4
"Nolasco, Ricky",445060,2015,445060,173,"90.9",21.9
"Ramirez, Alexei",493351,2015,493351,5,"89.8",5.6
"Neshek, Pat",450212,2015,450212,223,"90.5",21.9
"Kershaw, Clayton",477132,2015,477132,890,"94.3",32.6
"Smith, Will",519293,2015,519293,264,"93.8",35.2
"Asher, Alec",594742,2015,594742,138,"92",18.8
"Soriano, Rafael",400089,2015,400089,25,"91.3",20.7
"May, Trevor",543507,2015,543507,492,"93.5",23.6
"Shoemaker, Matt",533167,2015,533167,569,"90.8",21.3
"Carroll, Scott",453222,2015,453222,162,"90.1",21.1
"Kelley, Shawn",518875,2015,518875,205,"92.5",32.2
"Hall, Cody",595235,2015,595235,41,"93.4",20
"Cueto, Johnny",456501,2015,456501,866,"91.8",22.1
"Adcock, Nate",502264,2015,502264,83,"94.4",21.2
"Davies, Zach",605200,2015,605200,139,"89.1",26.1
"Teheran, Julio",527054,2015,527054,843,"91.8",25.9
"Moore, Matt",519043,2015,519043,278,"92.4",21.4
"Colomé, Alex",517008,2015,517008,457,"92.4",24
"Dunn, Mike",445197,2015,445197,235,"95.3",28.9
"Zimmermann, Jordan",519455,2015,519455,831,"93.6",19.1
"Bochy, Brett",594762,2015,594762,12,"88.7",20
"Collmenter, Josh",518567,2015,518567,499,"85.4",16.7
"Bolsinger, Mike",502211,2015,502211,466,"87.5",22
"Buchanan, Jake",594772,2015,594772,37,"89.6",15.2
"Montgomery, Mike",543557,2015,543557,395,"90.7",20.5
"Ross, Tyson",475115,2015,475115,823,"93.5",30.6
"González, Chi Chi",592346,2015,592346,280,"92",16.5
"Hendriks, Liam",521230,2015,521230,261,"95.4",23.7
"Wada, Tsuyoshi",493159,2015,493159,136,"88.8",17.4
"Zych, Tony",543964,2015,543964,76,"96.8",32.8
"Bedrosian, Cam",592135,2015,592135,156,"95",19.9
"García, Luis",472610,2015,472610,304,"96.2",29.2
"Familia, Jeurys",544727,2015,544727,308,"97.8",33.9
"Thomas, Ian",621962,2015,621962,97,"90.1",26.1
"López, Jorge",605347,2015,605347,46,"94.2",21.6
"Scribner, Evan",519267,2015,519267,238,"90",28.5
"Estrada, Marco",462136,2015,462136,724,"89.7",21.9
"Verrett, Logan",548337,2015,548337,190,"90.9",24.6
"Boyd, Matthew",571510,2015,571510,252,"91.7",20.6
"Eovaldi, Nathan",543135,2015,543135,673,"97.4",21.2
"Tuivailala, Sam",592815,2015,592815,65,"97.1",29.8
"Leake, Mike",502190,2015,502190,778,"91.1",14.9
"Osich, Josh",592612,2015,592612,120,"94",33.1
"Shaw, Bryan",543766,2015,543766,265,"92.5",23.1
"Meyer, Alex",543542,2015,543542,15,"96.3",12
"House, TJ",543334,2015,543334,73,"89.2",14.3
"Noesí, Hector",456051,2015,456051,154,"93.8",24
"Cotts, Neal",425840,2015,425840,268,"90.6",23.6
"Gomes, Brandon",460156,2015,460156,245,"91.5",24.8
"Nola, Aaron",605400,2015,605400,318,"91.1",21.2
"Jackson, Luke",592426,2015,592426,27,"96.8",28.3
"Sabathia, CC",282332,2015,282332,726,"90.2",21.6
"Murata, Toru",538506,2015,538506,16,"87.3",15.6
"Araujo, Elvis",542587,2015,542587,150,"93.7",29.6
"Guerra, Deolis",500610,2015,500610,74,"91.4",24.2
"Wolf, Randy",150116,2015,150116,161,"88.8",16.2
"O'Flaherty, Eric",447714,2015,447714,159,"90.6",22
"Ureña, José",570632,2015,570632,274,"94.4",19.4
"Castro, Angel",502162,2015,502162,22,"94.8",20.5
"Miller, Justin",502522,2015,502522,129,"94.9",28.1
"Fien, Casey",502272,2015,502272,257,"93.2",19.6
"Feliz, Neftalí",491703,2015,491703,212,"94.9",23
"Goforth, David",592341,2015,592341,111,"94.8",26.8
"McGough, Scott",543518,2015,543518,35,"94.2",16.4
"De Paula, Jose",517059,2015,517059,15,"91",16
"Blevins, Jerry",460283,2015,460283,15,"90.5",27.3
"Villarreal, Pedro",543881,2015,543881,214,"93",17.3
"Shreve, Chasen",592741,2015,592741,251,"92",27.5
"Peña, Ariel",516414,2015,516414,120,"92.3",30.2
"Pérez, Oliver",424144,2015,424144,183,"92.4",28
"Lincecum, Tim",453311,2015,453311,333,"87.8",26.4
"Hatley, Marcus",502281,2015,502281,7,"89.8",37.5
"Gearrin, Cory",518715,2015,518715,13,"93.1",42.9
"Loup, Aaron",571901,2015,571901,186,"93.9",23.1
"Olson, Tyler",621397,2015,621397,65,"89.1",20
"Socolovich, Miguel",462515,2015,462515,125,"90.9",25.9
"Bastardo, Antonio",455374,2015,455374,239,"93.4",31
"Bettis, Chad",518452,2015,518452,502,"92.4",23.2
"Detwiler, Ross",446321,2015,446321,288,"92.4",18.1
"Rasmus, Cory",474284,2015,474284,88,"92.3",33.1
"Smith, Joe",501925,2015,501925,271,"88.8",19.2
"Geltz, Steve",544993,2015,544993,268,"92.8",23.7
"Tomlin, Josh",458708,2015,458708,251,"87.9",21.1
"Holland, Greg",518813,2015,518813,193,"94.3",33.1
"Delgado, Randall",517414,2015,517414,307,"93.5",29.8
"Anderson, Chase",502624,2015,502624,640,"92.1",19.4
"Ray, Robbie",592662,2015,592662,545,"93.9",21.1
"Harris, Will",501789,2015,501789,276,"92.4",21.6
"Pérez, Martín",527048,2015,527048,338,"92.2",17.8
"Brach, Brad",542960,2015,542960,324,"94.6",30.3
"Capps, Carter",605169,2015,605169,118,"98.7",49.8
"Burnett, A.J.",150359,2015,150359,699,"91.6",22.3
"Chapman, Aroldis",547973,2015,547973,278,"100.1",43.1
"Putnam, Zach",474029,2015,474029,212,"90",36.6
"Rienzo, André",516589,2015,516589,89,"89.7",17.6
"Medlen, Kris",450665,2015,450665,243,"91.5",20.6
"Robertson, David",502085,2015,502085,250,"92.7",32.3
"Stites, Matt",592781,2015,592781,44,"94.6",17
"Mazzoni, Cory",543508,2015,543508,53,"95",13.4
"Nicasio, Juan",504379,2015,504379,260,"95.6",26.1
"Cingrani, Tony",571561,2015,571561,155,"92.4",30.1
"Hill, Taylor",592398,2015,592398,51,"91.5",24.4
"Axford, John",446099,2015,446099,250,"96.8",25.5
"Farmer, Buck",571656,2015,571656,186,"93.1",19.2
"Wilk, Adam",573244,2015,573244,10,"89.4",23.5
"Franklin, Nick",545338,2015,545338,7,"91.2",14.3
"Belisle, Matt",279571,2015,279571,149,"91",20
"Cole, Gerrit",543037,2015,543037,832,"96.3",23.1
"Nicolino, Justin",592593,2015,592593,301,"88.5",10.8
"Rosin, Seth",519229,2015,519229,14,"93.4",11.5
"Gray, Sonny",543243,2015,543243,831,"93.6",22.5
"Hand, Brad",543272,2015,543272,408,"92.7",19.9
"Badenhop, Burke",488674,2015,488674,285,"89.2",16.4
"Flande, Yohan",456071,2015,456071,296,"91.3",18.4
"Jennings, Dan",543359,2015,543359,244,"93",22
"Ryan, Brendan",453895,2015,453895,8,,13.3
"DeSclafani, Anthony",543101,2015,543101,785,"93.1",21.6
"Tolleson, Shawn",474521,2015,474521,298,"93.5",25
"Davis, Ike",477195,2015,477195,8,"88.1",40